"GL_CODE","GL_DESC"
"1000000A1","CAPITAUX PERMANENTS"
"2000000A1","COMPTE DE VALEURS IMMOB"
"3000000A1","COMPTED OPS AVEC LA CLIENTLE"
"4000000A1","COMPTE DE TIERS ET DE REGUL"
"5000000A1","CPTE DE TROPS INTERBANC"
"6000000A1","COMPTES DE CHARGES"
"7000000A1","COMPTES DE PRODUITS"
"8000000A1","SOLDES CARACTERISTIQUES DE GESTION"
"9000000A1","COMPTES DE HORS BILAN"
"1000000A2","CAPITAUX PERMANENTS"
"1100000A2","PRIMES LIEES AU CAPITAL"
"1110000A3","PRIMES D EMISSION"
"1120000A3","PRIMES D APPORTS"
"1130000A3","AUTRES PRIMES LIÉES AU CAPITAL"
"1200000A2","RESERVES"
"1210000A3","RESERVES LEGALES"
"1220000A3","RESERVES STATUAIRES/CONTRACTUELLES"
"1230000A3","RESERVES FACULTATIVES"
"1300000A2","REPORT A NOUVEAU"
"1310000A3","BENEFICES NON AFFECTEES"
"1320000A3","PERTES NON COMPENSEES"
"1400000A2","PROVS SPEC. ET RESERV REGLEMENTEES"
"1410000A3","AMORTISSEMENTS DÉROGATOIRES"
"1420000A3","ECARTS DE RÉEVAL IMMO AMORTISSABLES"
"1430000A3","ECARTS DE RÉEVAL IMMO NON AMORTBLES"
"1440000A3","ECARTS DE RÉEVALUATION DES CRÉANCES"
"1450000A3","PLUS VALUE DE CESSION À REINVESTIR"
"1500000A2","SUBVENTIONS D INVESTISSEMENT"
"1510000A3","SUBV EN VUE DE L INVESTISSEMENT"
"1600000A2","FONDS DE FINANCEMENT ET DE GARANTIE"
"1610000A3","FONDS AFFECTES"
"1611000A4","FOND AFFECT DE BONIFICAT DES INTS"
"1612000A4","FONDS AFFECT DE GTIE DES AVALS"
"1613000A4","FONDS AFFECT DE FIN DES ÉTUDES"
"1614000A4","FONDS AFFECT DE FIN DES PARTS"
"1615000A4","AUTRES FONDS AFFECTES"
"1620000A3","FONDS D AFFECTATION"
"1621000A4","FONDS D AFFECT DE BONIFI DES INTS"
"1622000A4","FONDS D AFFECT DE GTIE DES AVALS"
"1623000A4","FONDS D AFFECT DE FIN DES ÉTUDES"
"1624000A4","FONDS D AFFECT DE FIN DES PARTS"
"1625000A4","AUTRES FONDS D AFFECTATION"
"1630000A3","FONDS DE GARANTIE MUTUELS"
"1700000A2","EMPRUNTS OBLIGATAIRES"
"1720000A3","OBLIGATIONS ECHUES À REMBOURSER"
"1730000A3","PRIME DE REMBT DES EMPT OBLIGAT"
"1790000A3","DETTES RATTACHÉES"
"1800000A2","AUTRES RESSOURCES PERMANENTES"
"1010000A3","CAPITAL SOCIAL"
"1820000A3","DETTES SUBORDONNÉES"
"2152000A4","TERRAINS EN LOCATION"
"1020000A3","FONDS DE DOTATIONS"
"2190000A3","AUTRES TERRAINS"
"1030000A3","ACTIONNAIRE RESTANT DU SUR CAPITAL"
"1031000A4","CAPITAL SOUSCRIT NON APPELE"
"2200000A2","AUTRES IMMOB CORPOR EN SERVICE"
"1032000A4","CAPITAL APPELE NON VERSE"
"2210000A3","IMMEUBLES D EXPLOITATION"
"1033000A4","ACTIONNAIRES DEFAILLANTS"
"2220000A3","IMMEUBLE EN LOCATION SIMPLE"
"1040000A3","ACTIONS PROPRE DETENUES"
"2230000A3","IMM AFFECT CRD-BAIL, LOC AV OPT ACH"
"2231000A4","IMMEUBLES EN LOCATION"
"2232000A4","IMMEUBLES NON LOUÉS"
"2240000A3","IMMEUBLES ACQUIS PAR ADJUDICATION"
"2250000A3","MATÉRIEL ET MOBILIER D EXPLOITATION"
"2260000A3","MAT ET MOB EN LOCATION SIMPLE"
"2270000A3","MAT MOB AFF CRD BAIL LOC AV OPT ACH"
"2271000A4","MATÉRIEL ET MOBILIER EN LOCATION"
"2272000A4","MATÉRIEL ET MOBILIER NON LOUÉS"
"2280000A3","MAT ET MOB ACQUIS REAL GTIE"
"2290000A3","AUTRES IMMOBILISATIONS CORPORELLES"
"2300000A2","AUTRES IMMOB. CORP. EN COURS"
"2310000A3","IMMEUBLES D EXPLOITATION"
"2320000A3","IMMEUBLES EN LOCATION SIMPLE"
"2330000A3","IMM DEST CRD-BAIL, LOC AVC OPT ACH"
"2350000A3","MATÉRIEL ET MOBILIER D EXPLOITATION"
"2360000A3","MAT ET MOB EN LOCATION SIMPLE"
"2370000A3","MAT MOB DEST CRD-BAIL, LOC OPT ACH"
"2390000A3","AUTRES IMMOBILISATIONS CORPORELLES"
"2400000A2","AVCE ET ACPTE SUR COM IMMOBS"
"2410000A3","AVCE ACPTE SUR IMM D EXPLOIT"
"2420000A3","IMMEUBLES EN LOCATION SIMPLE"
"2450000A3","AVANCESACOMPTE MATERIEL  MOBILIER"
"2500000A2","DEPOTS ET CAUTIONNEMENTS"
"2510000A3","DEPOTS ET CAUTIONNEMENTS VERSÉS"
"2600000A2","TITRES DE PART, AUTRES IMMOBILISES"
"2610000A3","DOT DES SUCCURSALES À L ETRANGER"
"2620000A3","ACTIONS ET PARTS D ETS DE CREDIT"
"2630000A3","AUTRES TITRES DE PARTICIPATION"
"2640000A3","TITRES PUBLICS IMMOBILISES"
"2650000A3","TITRES D INVESTISSEMENTS"
"2651100A5","TITRES D'INVESTISSEMENTS PRIVÉS ADMIS EN GARANTIE DES REFINANCEMENTS DE LA BEAC"
"2651200A5","AUTRES TITRES D'INVESTISSEMENT PRIVÉS"
"2652000A4","TITRES D’INVESTISSEMENT PUBLICS "
"2652100A5","TITRES D'INVESTISSEMENTS PUBLICS ADMIS EN GARANTIE DES REFINANCEMENTS DE LA BEAC"
"2910000A3","TERRAINS"
"2652200A5","AUTRES TITRES D'INVESTISSEMENT PUBLICS"
"2660000A3","TITRES EN SOUFFRANCE"
"2661000A4","TITRES IMPAYÉS"
"2662000A4","TITRES DOUTEUX"
"2670000A3","AVANCES EN COMPTES COURANTS"
"2671000A4","AVANCES EN COMPTES COURANT ETS CREDIT CEMAC"
"2672000A4","AUTRES AVANCES EN COMPTES COURANTS "
"2680000A3","CREANCES RATTACHEES TITRES"
"2700000A2","PRETS ET TITRES A SOUSC OBLIGATOIRE"
"2710000A3","BONS D ÉQUIPEMENT ET ASSIMILÉS"
"2720000A3","CREANCES TITRISÉES SUR L ETAT"
"2721000A4","CRÉANCES SÉCURISÉES"
"2722000A4","AUTRES CRÉANCES"
"2730000A3","AUT PRETS TITRES À SOUSCRIP OBLIGAT"
"2760000A3","PRETS ET TITRES IMPAYÉS"
"2780000A3","CREANCES RATTACHÉES"
"2800000A2","AMORTISSEMENTS"
"2800000A3","AMORTISSEMENTS"
"2801000A4","FRAIS IMMOBILISÉS"
"2801100A5","FRAIS RELATIF AU PACTE SOCIAL"
"2801200A5","FRAIS EMISSIONS DES EMPRUNTS"
"2801300A5","FRAIS AQUISITION IMMOBILISATION"
"2801400A5","FRAIS EXCEPTIONNEL A ETALER"
"2802000A4","IMMOBILISATIONS INCORPORELLES"
"2802100A5","IMMOBILISATION INCORP EN COURS"
"2802200A5","FONDS DE COMMERCE"
"2802300A5","BREVETS, LOGICIELS, LICENCES"
"2802400A5","ETUDES ET RECHERCHES IMMOB"
"2802500A5","AUTRE IMMOB INCORP"
"2820000A3","IMMOBILISATIONS CORPORELLES"
"2822000A4","IMMEUBLES EN LOCATION SIMPLE"
"2823000A4","IMM EN CRD BAIL, EN LOC AVC OPT ACH"
"2823100A5","IMMEUBLES EN LOCATION"
"2823200A5","IMMEUBLES NON LOUÉS"
"2824000A4","IMMEUBLES ACQUIS PAR ADJUDICATION"
"2900000A2","PROVISIONS VALEURS IMMOBILISEES"
"2900000A3","PROVISIONS VALEURS IMMOBILISEES"
"2901000A4","FRAIS IMMOBILISÉS"
"2901100A5","FRAIS RELATIF AU PACTE SOCIAL"
"2901200A5","FRAIS EMISSIONS DES EMPRUNTS"
"2901400A5","FRAIS EXCEPTIONNEL A ETALER"
"2902000A4","IMMOBILISATIONS IN CORPORELLES"
"2902100A5","IMMOBILISATION INCORP EN COURS"
"2902200A5","FONDS DE COMMERCE"
"2902300A5","BREVETS, LOGICIELS, LICENCES"
"2902500A5","AUTRE IMMOB INCORP"
"2911000A4","TERRAIN EN EXPLOITATION BANCAIRE"
"2912000A4","TERRAIN EN LOCATION SIMPLE"
"2913000A4","TERRAINS"
"2913100A5","TERRAIN EN LOCATION"
"2913200A5","TERRAINS NON LOUES"
"2914000A4","TERRAINS ACQUIS"
"2919000A4","AUTRES TERRAINS"
"2920000A3","IMMOBILISATIONS CORPORELLES"
"2921000A4","IMMEUBLES D EXPLOITATION"
"2922000A4","IMMEUBLES EN LOCATION SIMPLE"
"2923000A4","IMM EN CRD BAIL, EN LOC AVC OPT ACH"
"2923100A5","IMMEUBLES EN LOCATION"
"2923200A5","IMMEUBLES NON LOUÉS"
"2924000A4","IMMEUBLES ACQUIS PAR ADJUDICATION"
"2926000A4","MAT ET MOB EN LOCATION SIMPLE"
"2927000A4","MAT MOB EN CRD-BAIL LOC AV OPTI ACH"
"2927200A5","MATÉRIEL ET MOBILIER NON LOUÉS"
"2928000A4","MAT MOB ACQUIS EN REAL DE GTIES"
"2929000A4","AUTRES IMMOBILISATIONS CORPORELLES"
"2930000A3","AUT IMMOBILISATIONS CORPOR EN COURS"
"2931000A4","IMMEUBLE D EXPLOITATION"
"2932000A4","IMMEUBLE EN LOCATION SIMPLE"
"2933000A4","IMMEUBLE DESTINE AU CREDIT BAIL OU A LA LOCATION AVEC OPTION D ACHAT"
"2935000A4","MATERIEL ET MOBILIER D EXPLOITATION"
"2936000A4","MATERIEL ET MOBILIER EN LOCATION SIMPLE"
"2937000A4","MATERIEL ET MOBILIER DESTINE AU CREDIT BAIL OU A LA LOCATION AVEC OPTION D ACHAT"
"2939000A4","AUTRES IMMOBILISATIONS CORPORELLES"
"2940000A3","AVES ET ACPTES COM D IMMOB"
"2941000A4","IMMEUBLE D EXPLOITATION"
"2942000A4","IMMEUBLE EN LOCATION SIMPLE"
"2943000A4","IMMEUBLE DESTINE AU CREDIT BAIL OU A LA LOCATION AVEC OPTION D ACHAT"
"2945000A4","MATERIEL ET MOBILIER D EXPLOITATION"
"2946000A4","MATERIEL ET MOBILIER EN LOCATION SIMPLE"
"2947000A4","MATERIEL ET MOBILIER DESTINE AU CREDIT BAIL OU A LA LOCATION AVEC OPTION D ACHAT"
"2950000A3","DEPOTS ET CAUTIONNEMENTS"
"2960000A3","TITRE DE PARTICIPATION  IMMO"
"2961000A4","DOTATIONS DE SUCCURSALES À L’ÉTRANGER "
"2962000A4","ACTIONS ET PARTS D’ÉTABLISSEMENTS DE  CRÉDIT"
"2963000A4","AUTRES TITRES DE PARTICIPATION "
"2965000A4","TITRES D’INVESTISSEMENT "
"2965100A5","TITRES D’INVESTISSEMENT PRIVÉS"
"2965110A6","TITRES D’INVESTISSEMENT PRIVÉS ADMIS EN GARANTIE DES REFINANCEMENTS DE LA BEAC "
"2965111A7","TITRES D INVESTISSEMENTS PRIVES NANTIS BEAC"
"2965120A6","AUTRES TITRES D’INVESTISSEMENT PRIVÉS "
"2965121A7","AUTRES TITRES D INVESTISSEMENTS PRIVES"
"2965200A5","TITRES D’INVESTISSEMENT PUBLICS"
"2965210A6","TITRES D’INVESTISSEMENT PUBLICS ADMIS"
"2965211A7","TITRES D INVESTISSEMENTS PUBLIC NANTIS BEAC"
"2965220A6","AUTRES TITRES D’INVESTISSEMENT PUBLICS"
"2965221A7","AUTRES TITRES D INVESTISSEMENTS PUBLIC"
"2966000A4","TITRES EN SOUFFRANCE "
"2966100A5","TITRES IMPAYES"
"2966200A5","TITRES DOUTEUX"
"2967000A4","PROV AVANCES CONSTITUANT DES FONDS PROPRES"
"2967100A5","PROV AVANCES CONSTITUANT DES FONDS PROPRES ETS CREDIT CEMAC"
"2967200A5","PROV AUTRES AVANCES EN COMPTE COURANTS"
"2970000A3","PRETS ET TITRES À SOUSCRIP OBLIGAT"
"2972000A4","CRÉANCES TITRISÉES SUR L’ETAT"
"2972100A5","CREANCES SECURISEES SUR L'ETAT"
"2972200A5","CREANCES SUR L'ETAT"
"2973000A4","AUTRES PRET ET TITRES A SOUSCR OBLIGATOIRE"
"2976000A4","PRETS ET TITRES IMPAYES"
"3000000A2","COMPTE D OPS AVEC LA CLIENTLE"
"3010000A3","CRÉDITS À LONG TERME SAINS"
"3011000A4","CREDITS A L'INVESTISSEMENT IMMOBILIER LT"
"3012000A4","CREDITS A L'HABITAT LT"
"3013000A4","CREDITS A L'EQUIPEMENT LT"
"3014000A4","CREDITS DE CAMPAGNE  LT"
"3015000A4","CREDITS A LA CONSOMMATION LT"
"3016000A4","CREDITS MORATORIES OU CONSOLIDES SUR L'ETAT LT"
"3017000A4","CRÉDITS NON VENTILABLES"
"3017100A5","CREDITS NON VENTILABLES REECHELONNES LT"
"3017200A5","CREDITS NON VENTILABLES RESTRUCTURES LT"
"3017300A5","AUTRES CREDITS NON VENTILABLES CONSOLIDES LT"
"3020000A3","CRÉDITS À LONG TERME SENSIBLES"
"3021000A4","CREDITS A L'INVESTISSEMENT IMMOBILIER LT"
"3022000A4","CREDITS A L'HABITAT LT"
"3023000A4","CREDITS A L'EQUIPEMENT LT"
"3024000A4","CREDITS DE CAMPAGNE  LT"
"3025000A4","CREDITS A LA CONSOMMATION LT"
"3027000A4","CRÉDITS NON VENTILABLES"
"3027100A5","CRÉDITS RÉÉCHELONNÉS"
"3027200A5","CRÉDITS RESTRUCTURÉS"
"3027300A5","AUTRES CRÉDITS CONSOLIDÉS "
"3080000A3","CREANCES RATTACHEES AUX CREDITS A LONG TERME"
"3100000A2","CREDITS A MOYEN TERME"
"3111000A4","CREDITS A L'INVESTISSEMENT IMMOBILIER MT"
"3112000A4","CREDITS A L'HABITAT MT"
"3113000A4","CREDITS A L'EQUIPEMENT MT"
"3114000A4","CREDITS DE CAMPAGNE  MT"
"3115000A4","CREDITS A LA CONSOMMATION MT"
"3117000A4","CRÉDITS NON VENTILABLES"
"3117100A5","CRÉDITS RÉÉCHELONNÉ"
"1830000A3","COMPTE BLOQUÉS DES ACTIONNAIRES"
"1840000A3","AUTRES COMPTES BLOQUÉS"
"1850000A3","TITRES DE CREANCES NEGOCIABLES"
"1860000A3","AUTRES EMPRUNTS À LONG TERME"
"1861000A4","AUT EMPT A LT CORR"
"1862000A4","AUT EMPT A MT CORR"
"1870000A3","AUTRES EMPRUNTS À MOYEN TERME"
"1871000A4","AUT EMPT A LT AUT PRETEUR"
"1872000A4","AUT EMPT A MT AUT PRETEUR"
"1880000A3","DEPOTS ET CAUTIONNEMENTS REÇUS"
"1890000A3","DETTES RATTACHÉS"
"1900000A2","PROVISONS POUR RISQUES ET CHARGES"
"1910000A3","PROVS POUR RISQUES BANCAIRE GENERAU"
"1911000A4"," PROVISIONS À CARACTÈRE GENERAL EN COUVERTURE DU RISQUE DE CREDIT"
"1912000A4","AUTRES PROVISIONS POUR RISQUES BANCAIRES  GÉNÉRAUX"
"1920000A3","PROVS POUR AUTRES RISQUES GENERAUX"
"1930000A3","PROVISION POUR CHARGES"
"1931000A4","PROVS POUR LITIGES EN COURS"
"1932000A4","PROV POUR PERTES SUR MCHÉS À TERME"
"1933000A4","PROVISIONS POUR PERTES DE CHANGE"
"1934000A4","PROV PR ÉXEC D ENGT D AVALS ET CAUT"
"1934100A5","PROV PR ÉXEC D ENGT CORR"
"1934200A5","PROV PR ÉXEC D ENGT CLTLE"
"1935000A4","PROVISIONS DE PROPRE ASSUREUR"
"1936000A4","PROVISIONS POUR GROSSES RÉPARATIONS"
"1937000A4","PROVS RELATIVES AU PERSONNEL"
"1940000A3","PROVS SUR OPS DE CRÉD BAIL ET ASSIM"
"1941000A4","PROVISION POUR PERTES LATENTES"
"1942000A4","PROVS PR RISQ DE NON PERCEPT LOYERS"
"2000000A2","COMPTE DE VALEURS IMMOB"
"2010000A3","FRAIS IMMOBILISÉS"
"2011000A4","FRAIS RELATIF AU PACTE SOCIAL"
"2013000A4","FRAIS D ACQUISITION DES IMMO"
"2014000A4","FRAIS EXCEPTIONNEL A ETALER"
"2020000A3","VALEURS INCORPORELLES IMMOBILISÉES"
"2021000A4","IMMOBILISATIONS INCORP.EN COURS"
"2022000A4","FONDS DE COMMERCE"
"2024000A4","ETUDES ET RECHERCHES IMMOBILISABLES"
"2025000A4","AUTRES IMMOBILISATIONS INCORPOR"
"2100000A2","TERRAINS"
"2110000A3","TERRAINS EN EXPLOITATION BANCAIRE"
"2120000A3","TERRAINS EN LOCATION SIMPLE"
"2131000A4","TERRAIN EN LOCATION"
"2132000A4","TERRAINS NON LOUÉS"
"2140000A3","TERRAINS ACQUIS PAR ADJUDICATION"
"2150000A3","ECARTS DE RÉEVALUATION"
"2151000A4","TERRAINS EN EXPLOITATION BANCAIRE"
"5528000A4","CAISSE D EPARGNE POSTALE"
"5529000A4","AUTRES INSTITUTIONS FINANCIERES"
"5580000A3","CREANCES RATTACHEES"
"5590000A3","DETTES RATTACHEES"
"5600000A2","COMPTES A VUE DES CORRESPONDANTS"
"5600000A3","COMPTES A VUE DES CORRESPONDANTS"
"5601000A4","BANQUES CENTRALES"
"5602000A4","INSTITUTIONS FINANCIERES SPEC"
"5603000A4","BANQUES ASSOCIÉES"
"5604000A4","BANQUES NON ASSOCIÉES"
"5605000A4","CHEQUES POSTAUX"
"5606000A4","ETABLISSEMENTS FINANCIERS ASSOCIÉS"
"5607000A4","ETABLISSEMENTS FINANC NON ASSOCIÉS"
"5608000A4","CAISSE D EPARGNE POSTALE"
"5609000A4","AUTRES INST FINANCIERES"
"5610000A3","COMPTES LORI"
"5611000A4","BANQUES CENTRALES"
"5612000A4","INSTITUTIONS FINANCIERES SPEC"
"5613000A4","BANQUES ASSOCIÉES"
"5614000A4","BANQUES NON ASSOCIÉES"
"5615000A4","CHEQUES POSTAUX"
"5616000A4","ETABLISSEMENTS FINANCIERS ASSOCIÉS"
"5617000A4","ETABLISSEMENTS FINANC NON ASSOCIÉS"
"5618000A4","CAISSE D EPARGNE POSTALE"
"5619000A4","AUTRES INSTITUTIONS FINANCIERES"
"5630000A3","DEPOTS DE GARANTIE CONSTITUES"
"5640000A3","DEPOTS DE GARANTIE RECUS"
"5680000A3","CREANCES RATTACHEES"
"5690000A3","DETTES RATTACHEES"
"5710000A3","BILLETS ET MONNAIES"
"5720000A3","AVOIRS EN OR ET PIERRES PRECIEUSES"
"5730000A3","CHEQUES DE VOYAGE"
"5740000A3","TIMBRES POSTAUX ET FISCAUX"
"5751000A4","MOUVEMENT DE FONDS"
"5753000A4","MOUVEMENT DE FONDS"
"5800000A2","CREANCE EN SOUFFRANCE/CORRESPONDENT"
"5810000A3","CREANCES IMMOBILISEES"
"5820000A3","CREANCES IMPAYEES"
"5900000A2","PROVISIONS CPTE DE TRESORERIE"
"5910000A3","PROVISIONS POUR DÉPRÉCIATION DES TITRES DE PLACEMEN"
"5911000A4","PROV DÉPRÉCIATION  DES ACTIONS ET PARTS ETS DE CRÉDIT"
"5912000A4","PROV DÉPRÉCIATION  BONS DU TRÉSOR"
"5913000A4","PROV DÉPRÉCIATION DES AUTRES ACTIONS ET PARTS NÉGOCIABLES"
"5915000A4","PROV DEPRECIATION DES OBLIGATIONS PROPRES RACHETÉES PAR ANTICIPATION"
"5916000A4","PROV DEPRECIATION DES AUTRES TITRES À COURT TERME"
"5917000A4","PROV DEPRECIATION DES TITRES DOUTEUX"
"5920000A3","PROVISION POUR COMPTES  CORRESPOND."
"5921000A4","CREAN SUR CORR IMPAYES"
"5922000A4","CREAN SUR CORR IMMOB"
"5923000A4","CREAN SUR CORR DOUT"
"6000000A2","COMPTES DE CHARGES"
"6010000A3","INTERETS SUR OPS DU MARCHE MONET."
"6011000A4","INTERETS OPERATIONS INTERBANCAIRES"
"6012000A4","BEAC"
"6020000A3","INTERET SUR VAL DONNEES EN PENSION"
"6030000A3","INT SUR EMPRUNTS ET CPTES A TERME"
"6040000A3","INT SUR EMPRUNTS AU JOUR LE JOUR"
"6050000A3","INT SUR COMPTE A VUE"
"6060000A3","COMM SUR OPS DE TRESORERIE INTERB"
"6061000A4","COMMISSION SUR OPS ET  INTERBANC"
"6062000A4","COMM SUR AUT VAL DONNÉS EN PENSION"
"6063000A4","COMM SUR EMPRUNT ET CPTE À TERME"
"6064000A4","COMM SU EMPRUNT AU JOUR LE JOUR"
"6065000A4","COMMISSIONS SUR COMPTES A VUE"
"6100000A2","CHS OPS AVC CLTLE ET DE CREDIT BAIL"
"6110000A3","INTS SUR DEPOTS À RÉGIME SPECIAL"
"6111000A4","INTERET SUR BONS DE CAISSE"
"6112000A4","INTERET SUR CERTIFICAT DE DEPOT"
"6113000A4","INTS SUR CPTE ET PLANS  EPARG LOGT"
"6114000A4","INTERET SUR PLANS EPARGNE RETRAITE"
"6115000A4","INTERET SUR CPTE EPARGNE REG SPEC."
"6120000A3","INTERET SUR DEPOT A TERME"
"6130000A3","INTERET SUR COMPTE SUR LIVRETS"
"6140000A3","INTERET SUR COMPTE A VUE"
"6150000A3","CHARGES SUR OPS CREDIT BAIL OU LOC"
"6151000A4","DOT AUX AMORTISSEMENTS DES IMMO"
"6152000A4","DOT AUX PROVS POUR DEPREC DES IMMO"
"6154000A4","DOT AUX PROVS RISQ NON PERCEP LOY"
"6155000A4","MV DE CESSION SUR IMMO"
"6156000A4","DÉPRECSUR IMMO DONNÉES EN CRED-BAIL"
"6159000A4","AUTRES CHGS SUR OPS DE CRÉDIT-BAIL"
"6160000A3","CHARGES SUR OPS DE LOCATION SIMPLE"
"6200000A2","CHGS SUR OPS BANC. DIVERSES"
"6210000A3","FRAIS ENG. ET COM. SUR CHQ ET EFFET"
"6220000A3","COMMISSIONS ET FRAIS SUR TITRES"
"6230000A3","COMM, FRAIS ET PERTES OPS DE CHANGE"
"6231000A4","COM ET FRAIS SUR OPS CHANG AU CTANT"
"6233000A4","PERTES DE CHANGE"
"6240000A3","COMMISSION SUR ENGAG. PAR SIGNATURE"
"6250000A3","AUTRES COMM. ET FRAIS BANCAIRES"
"6260000A3","PERTES SUR TITRES DE TRANSACTION"
"6300000A2","CHARGES SUR RESSOURCES PERMANENTES"
"6310000A3","INTERETS SUR RESSOURCES PERMANENTES"
"6311000A4","SUR EMPRUNTS OBLIGATAIRES"
"6312000A4","SUR EMPRUNTS PARTICIPATIFS"
"6313000A4","SUR DETTES SUBORDONÉES"
"6314000A4","SUR CPTES BLOQUÉS DES ACTIONNAIRES"
"6315000A4","SUR AUTRES COMPTES BLOQUÉS"
"6316000A4","SUR TITRES DE CRÉANCES NÉGOCIABLES"
"6317000A4","INTS SUR AUT EMP À MOYEN  LONG TERM"
"6320000A3","COMM SUR RESSOURCES PERMANENTES"
"6321000A4","SUR EMPRUNTS OBLIGATAIRES"
"6322000A4","SUR EMPRUNTS PARTICIPATIFS"
"6323000A4","SUR DETTES SUBORDONÉES"
"6324000A4","SUR CPTES BLOQUÉS DES ACTIONNAIRES"
"6325000A4","SUR AUTRES COMPTES BLOQUÉS"
"6326000A4","SUR TITRES DE CRÉANCES NÉGOCIABLES"
"6327000A4","INTS SUR AUT EMP À MOYEN  LONG TERM"
"6400000A2","CHARGES GENERALES D EXPLOITATION"
"6410000A3","FOURNITURES CONSOMMEES"
"6411000A4","EAU, ELECTRICITE, GAZ ET CARBURANT"
"6412000A4","PETIT OUTILLAGE"
"6413000A4","FOURNIT. DE BUREAU ET DOC. GENERALE"
"6414000A4","FOURNITURE D ENTRETIEN"
"6419000A4","FOURNITURES NON VENTILES"
"6420000A3","TRANSPORT ET DEPLACEMENT"
"6430000A3","AUTRES SERVICES CONSOMMES"
"6431000A4","AFRANCHISSEMENT, TELEPHONE, TELEX"
"6432000A4","FRAIS DE MISSION"
"6433000A4","RECEPTIONS, PUBLICITE"
"6434000A4","LOYERS ET CHARGES LOCATIVES"
"6435000A4","HONORAIRES ET FRAIS DE CONTENTIEUX"
"6436000A4","ENTRETIEN ET REPARATION"
"6437000A4","INFORMATIQUE(LOC. DE MAT ET ASSIST)"
"6440000A3","ASSISTANCE TECHN ET FRAIS D INSPECT"
"6441000A4","ASSISTANCE TECHNIQUE"
"6442000A4","INSPECTION"
"6450000A3","CHARGES DIVERSES D EXPLOITATION"
"6452000A4","ASSURANCES"
"6454000A4","COTISATIONS PROFESSIONNELLES"
"6455000A4","FORMATION DU PERSONNEL"
"6459000A4","CHARGES DIVERSES"
"6500000A2","FRAIS DE PERSONNEL"
"6511000A4","REMUN. DIR. DES CADRES SUPERIEURS"
"6512000A4","REMUN. DIR. DES AGENTS DE MAITRISE"
"6520000A3","REMUN. DIRECTE DES EMPLOYES PERMAN."
"6530000A3","REMUN. DIRECTE DU PERSONNEL DE SERV"
"6540000A3","REMUN. DIRECTE DU PERSON TEMPORAIRE"
"6550000A3","COTISATIONS SOC. (PART PATRONALE)"
"6561000A4","INDEMNITES SOCIALES"
"6570000A3","AVANTAGES EN NATURE"
"6580000A3","INDEMNITES DE FONCTION"
"6590000A3","DROITS A CONGE"
"6600000A2","IMPOTS ET TAXES"
"6600000A3","IMPOTS ET TAXES"
"6601000A4"," PRÉLÈVEMENTS SUR L'ACTIVITÉ EN GÉNÉRAL "
"6610000A3","PRELEVMNT SUR EMPLOI MAIN OEUVRE"
"6620000A3","PRELEVEMENTS SUR L APPROVISIONNEMT"
"6630000A3","PRELEVEMENTS SUR LA PRODUCTION"
"6640000A3","PRELVMNTS SUR LA DISTRIBUTION"
"6650000A3","PRELVMNTS CEDULAIRE/ LES REVENUS"
"6660000A3","PRELVMNTS GENERAUX/ LES REVENUS"
"6670000A3","PRELVMNTS FORFET SUR LES REVENUS"
"6680000A3","PRELÈVEMENTS SUR LE PATRIMOINE"
"6690000A3","PRÉLÈVEMENTS EN CAPITAL"
"6700000A2","PERTES EXECP. OU SUR EXO ANT. M.V.C"
"6710000A3","CHARGES EXPL BANCAIRE S EXO ANT"
"6711000A4","CHGS OPS AVC CLTELE ET CREDIT BAIL"
"6712000A4","CHARGES SUR OPERATION BANC DIVERSES"
"6713000A4","CHARGES SUR RESSOURCES PERMANENTES"
"6720000A3","CHGS GENRLE D EXPL SUR EXO ANT"
"6721000A4","FOURNITURES CONSOMMEES"
"6722000A4","TRANSPORTS ET DEPLACEMENT"
"6723000A4","AUTRES SERVICES CONSOMMES"
"6724000A4","CHARGES D EXPLOITATION DIVERSES"
"6725000A4","ASSISTANCE TECHN. ET FRAIS D INSPEC"
"6730000A3","AUTRES CHARGES SUR EXO ANTERIEUR"
"6731000A4","FRAIS DE PERSONNEL"
"6732000A4","IMPOT ET TAXES"
"6760000A3","MOINS VALUE SUR CESS. D ELMT ACTION"
"6761000A4","MV CESS TITRE PLCT ET PARTICIP"
"6762000A4","MV SUR CESSION AUTRES ACTIFS"
"6791000A4","PERTE SUR OPS DE TRESORERIE"
"6792000A4","PERTE SUR OPS AVEC LA CLIENTELE"
"6793000A4","PERTE SUR OPS BANCAIRES"
"6794000A4","PERTE EXCP LIEES AU PERSONNEL"
"6795000A4","AMENDES ET PENALITE FISCALES"
"6797000A4","MANQUANT SUR STOCK DE FOURNITURES"
"6798000A4","MISE AU REBUT D IMMOBILISATIONS"
"6799000A4","AUTRES PERTES EXCEPTIONNELLES"
"6800000A2","DOTATION AUX AMORTISSEMENTS"
"6800000A3","DOTATION AUX AMORTISSEMENTS"
"6801100A5","DOTATION AUX AMORT FRAIS RELATIF AU PACTE SOCIAL"
"6801200A5","DOTATION AUX AMORT FRAIS EMISSIONS DES EMPRUNTS"
"6801300A5","DOTATION AUX AMORT FRAIS AQUISITION IMMOBILISATION"
"6801400A5","DOTATION AUX AMORT FRAIS EXCEPTIONNEL A ETALER"
"6802000A4","DOTATION AUX AMORT DES IMMOB INCORP"
"6802100A5","DOTATION AUX AMORT IMMOBILISATION INCORP EN COURS"
"6802200A5","DOTATION AUX AMORT FONDS DE COMMERCE"
"7914000A4","REP PROV DEPREC CPTE D AUTRES TIERS"
"7915000A4","REP PROVS PR DEPREC CPTES DE TRESO"
"7920000A3","RENTRÉES SUR CRÉANCES ABANDONNÉES"
"8500000A2","RESULTAT NET AVANT IMPOT SUR LE RESULTAT"
"8510000A3","RESULTAT AVANT IMPOTS SUR LE BENEFICE"
"8520000A3","RESULTAT INTERMEDIAIRE"
"8600000A2","IMPOT SUR LE RESULTAT "
"8610000A3","IMPÔT DÛ AU TITRE DE L'EXERCICE"
"8620000A3","RAPPELS SUR EXERCICES ANTERIEURS (SOLDE DEBITEUR)"
"8630000A3","DEGREVEMENT SUR EXERCICES ANTERIEURS (SOLDE CREDITEUR)"
"8700000A2","RESULTAT NET DE L EXERCICE"
"8710000A3","RESULTAT NET DE L EXERCICE"
"8750000A3","RESULTAT NET EN INSTANCE AFFECT"
"9000000A2","COMPTES DE HORS BILAN"
"9010000A3","ACCORDS DE REFINANCEMENT DONNES"
"9020000A3","CAUT AVALS PAR ACTES SEP  ET ENDOS"
"9030000A3","CONF DES CREDT DOC OUV PAR UN CORR"
"9040000A3","ACCEPTATION A PAYER"
"9050000A3","AUTRES GTIES IRREVOC OU INCONDITIO"
"9060000A3","CGTIE EN FAVEUR DES  CORRS"
"9100000A2","ENGAGEMENTS RECUS DES CORRESPONDANT"
"9110000A3","ACCORDS DE FINANCEMENT RECUS"
"9120000A3","CGTIE SUR PRET AUX INST FINANC"
"9130000A3","CONTREGARANTIE / CREDIT PAR CAISSE"
"9140000A3","CGTIE / ACCEPT ET OUV CREDITS CONF"
"9150000A3","CGTIE / AUTRES ENGTS PAR SIGNATURE"
"9160000A3","CGTIES SUR TITRES EN PORTEFEUILLE"
"9180000A3","VALS GÉRÉES POUR CPTE DES CORRS"
"9190000A3","AUTRES ENGAGEMENTS"
"9200000A2","ENGT DONNES/ ORDRE DE LA CLIENTELE"
"9210000A3","ACCEPTATION A PAYER"
"9211000A4","ENGAGEMENTS SAINS"
"9212000A4","OUVERTURES DE CREDITS DOCUMENTAIRES CONFIRMES"
"9214000A4","CAUTIONS ET AVALS"
"9215000A4","GARANTIES DE REMBOURSEMENT DE CREDIT"
"9219000A4","AUTRES GARANTIES"
"9220000A3","OUV DE CREDITS DOCRES CONF"
"9221000A4","ACCEPTATIONS A PAYER"
"9222000A4","OUVERTURES DE CREDITS DOCUMENTAIRES CONFIRMES"
"9224000A4","CAUTIONS ET AVALS"
"9225000A4","GARANTIES DE REMBOURSEMENT DE CREDIT"
"9229000A4","AUTRES GARANTIES"
"9300000A2","ENGAGEMENTS RECUS DE LA CLIENTELE"
"9310000A3","HYPOTHEQUES"
"9311000A4","HYPOTHÈQUES FERMES DE PREMIER RANG OU DE DEUXIÈME RANG SUR DES IMMEUBLES"
"9312000A4","AUTRES HYPOTHEQUES"
"9320000A3","NANTIST DE PRET SUB  ET DE DEPOTS"
"9321000A4","GARANTIE DE CREDITS PAR CAISSE"
"9322000A4","GTIE ACCEPT SOUSCRITE OUV CRED CONF"
"9323000A4","GTIE D AUTRES ENGT PAR SIGNATURE"
"9324000A4","GARANTIE D ENGAGEMENT MULTIPLES"
"9330000A3","GAGES"
"9340000A3","AVALS ET CAUTIONS"
"9380000A3","VALS GÉRÉES POUR CPTE DE LA CLTLE"
"9390000A3","AUTRES GARANTIES"
"9400000A2","ENGTS  CRE BAIL ET  OPS ASSIMILEES"
"9410000A3","REDEV  CREDIT BAIL RESTANT A COURIR"
"9500000A2","VAL AFFECT GTIE OPS MM"
"9510000A3","EFFET PUBLIC AFFECT GTIE  OPS DU MM"
"9511000A4","TITRES D'INVESTISSEMENT PRIVES AFFECTES EN GARANTIE DES OPERATIONS DU MARCHE MONETAIRE"
"9512000A4","AUTRES TITRES ET VALEURS PRIVES AFFECTES EN GARANTIE DES OPERATIONS DU MARCHE MONETAIRE"
"9520000A3","EFFET PRIVE DEP GTIE  DES OPS DU MM"
"9521000A4","TITRES D'INVESTISSEMENT PUBLICS AFFECTES EN GARANTIE DES OPERATIONS DU MARCHE MONETAIRE"
"9522000A4","AUTRES TITRES ET VALEURS PUBLICS AFFECTES EN GARANTIE DES OPERATIONS DU MARCHE MONETAIRE"
"9530000A3","TITRE À REC, INTERVENT À L ÉMISSION"
"9540000A3","TITRES À RECEVOIR MARCHÉ GRIS"
"9550000A3","TITRES À LIVRER, MARCHÉ GRIS"
"9600000A2","ENGT RECU DE L ETAT ET  ORG PUBLICS"
"9610000A3","GARANTIE RECU DE L ETAT"
"9620000A3","GARANTIE RECU DES ORGANISMES PUBLIC"
"9700000A2","OPERATIONS EN DEVISES"
"9710000A3","OPERATIONS DE CHANGE AU COMPTANT"
"9711000A4","FCFA ACHETES CTANT NON ENCORE RECU"
"9712000A4","DEV ACHETES CTANT NON ENCORE RECU"
"9713000A4","FCFA VENDUS CTANT NON ENCORE LIVRES"
"9714000A4","DEV VENDUES CTANT NON ENCORE LIVRES"
"9720000A3","OPERATION DE CHANGE A TERME"
"9721000A4","FCFA ACHETES A TERME NON ENC RECUS"
"9723000A4","FCFA VENDUS A TERM NON ENC LIVRES"
"9724000A4","DEVISE VENDU A TERM NON ENC LIVRES"
"9730000A3","OPS DE PRETS ET D EMPRUNTS EN DEV"
"9731000A4","DEVISES EMPRUNTEES NON ENC RECUES"
"9732000A4","DEVISES PRETES NON ENC LIVREES"
"9740000A3","CPARTIE OPS DE PRETS ET EMPRUNT DEV"
"9742000A4","PRETS EN DEVISES"
"9760000A3","REPORT/ DEPORT"
"9761000A4","REPORT/ DEPORT A RECEVOIR"
"9762000A4","REPORT/ DEPORT A PAYER"
"9780000A3","CT VAL DE POS. DE CHANGE HORS BILAN"
"9790000A3","CPT D AJUST. / DEVISES HORS BILAN"
"9800000A2","ENGAGEMENT PAR SIGNATURE DOUTEUX"
"9810000A3","ENGT PAR SIG DOUT SUR DES CORRS"
"9811000A4","ENGAGEMENTS DONNES"
"6802300A5","DOTATION AUX AMORT BREVETS, LOGICIELS, LICENCES"
"6802400A5","DOTATION AUX AMORT ETUDES ET RECHERCHES IMMOB"
"6802500A5","DOTATION AUX AMORT AUTRE IMMOB INCORP"
"6820000A3","DOT AMORTS IMMOB CORP"
"6821000A4","DOTATION AUX AMORT DES IMM D EXPLO"
"6822000A4","DOTAT. AUX AMORT IMM EN LOC SIMPLE"
"6823000A4","DOTATION AUX AMORT IMMEUBLES DONNES EN CREDIT BAIL"
"6823100A5","DOTATION AUX AMORT IMMEUBLES DONNES EN CREDIT BAIL"
"6823200A5","DOTATION AUX AMORT IMMEUBLES AFFECTES AU CRED BAIL N LOUES"
"6824000A4","DOTAT. AUX AMORT IMM ACQUIS PAR ADJ"
"6825000A4","DOTAT  AUX AMORT MAT ET MOB D EXPL"
"6900000A2","DOT. AUX PROV. ET PERTES SUR CR IRR"
"6910000A3","DOTATIONS AUX PROVISIONS"
"6911000A4","PROVISION POUR RISQUES ET CHARGES"
"6912000A4","PROVISION PR DEPREC VALEURS IMMOBIL"
"6913000A4","PROV. PR DEPREC CPTE DE CLIENTELE"
"6914000A4","PROV. PR DEPR. AUTRES CPTE DE TIERS"
"6915000A4","PROV. PR DEPR. COMPTE DE TRESORERIE"
"6920000A3","PERTES SUR CRÉANCES IRRECOUVRABLES"
"6921000A4","PERTES SUR CREAN IRREC COUV / PROV"
"6922000A4","PERTES CREAN IRREC N COUV PAR PROVS"
"7000000A2","COMPTES DE PRODUITS"
"7010000A3","INTS SUR OPS DU MARCHÉ MONÉTAIRE"
"7011000A4","INT. SUR PLACEMENTS INTERBANCAIRES"
"7012000A4","INT. SUR PLACEMENTS A LA BEAC"
"7020000A3","INTS SUR AUT VALS RECUES  PENSION"
"7030000A3","INTS SUR PRETS ET CPTES  A TERME"
"7050000A3","INTERETS SUR COMPTES A VUE"
"7060000A3","COMM SUR OPS TRES INTERB"
"7061000A4","COMMISSIONS SUR OPS DU MARCHE MONET"
"7062000A4","COMMISSIONS SUR OPS DE REFINANCEMT."
"7063000A4","COMMISSIONS SUR PRET ET CPT A TERME"
"7064000A4","COMM. SUR PRET AU JOUR LE JOUR"
"7100000A2","PROD OPS CLTLE ET CR BAIL"
"7110000A3","INT. SUR LES CREDITS A LONG TERME"
"7120000A3","INT. SUR LES CREDITS A MOYEN TERME"
"7130000A3","INT. SUR LES CREDITS A COURT TERME"
"7140000A3","INT. SUR LES CPTES DR DE LA CLTELE"
"7151000A4","LOYERS"
"7152000A4","REPRISE DE PROV. POUR DEPREC. IMMOB"
"7153000A4","REPRISE DE PROV. PR PERTES LATENTES"
"7154000A4","REP DE PROV RISQ  NON PERCEP DE LOY"
"7155000A4","PLUS-VALUE DE CESSION SUR IMMOBIL."
"7159000A4","AUTRES PROD. DES OPS DE CREDIT BAIL"
"7160000A3","PROD DES OPS DE LOCATION SIMPLE"
"7170000A3","COMM./ OPS AVEC LA CLIENTELE"
"7171000A4","COMM./ CREDIT A LONG TERME"
"7172000A4","COMMISSION SUR CREDIT A MOYEN TERME"
"7173000A4","COMM./ CREDIT A COURT TERME"
"7174000A4","COMM./ CPTES DEBITEURS CLIENTELE"
"7190000A3","AUTRES PRODUITS"
"7200000A2","COMM DE TENUE DE COMPTE"
"7200000A3","COMM DE TENUE DE COMPTE"
"7201000A4"," COMMISSIONS DE TENUE DE COMPTE"
"7210000A3","COMM / CHEQUES ET EFFETS"
"7219000A4","CIONS SUR OPPOSITION CHEQUE"
"7220000A3","COMM / VISA ET CERTIFICAT DE CHEQUE"
"7230000A3","COMM ET PROFITS / OPS DE CHANGE"
"7231000A4","COMM. / OPS CHANGE AU COMPTANT"
"7232000A4","COMM. / OPS CHANGE A TERME"
"7233000A4","PROFITS DE CHANGE"
"7240000A3","COMM/ ENGAGEMT PAR SIGNATURE"
"7241000A4","COMM./ ENGT DONNES FAV ETS FINANC."
"7242000A4","COMM./ ENGT DONNES FAV CLIENTELE"
"7250000A3","COMM GEST PORTF TITRE CPTE DE TIERS"
"7260000A3","PROFIT SUR TITRES DE TRANSACTION"
"7270000A3","REFACTUR. CHARGES EXPLOITAT. BANC."
"7280000A3","PRESTATION DE SERVICES DIVERS"
"7281000A4","LOCATION DE COFFRES FORTS"
"7282000A4","CONSEIL ET ASSISTANCE DE GESTION"
"7283000A4","PRODUITS SUR MOYEN DE PAIEMENT"
"7284000A4","AUTRES PRESTATIONS DIVERSES"
"7290000A3","AUTRES COMMISSIONS"
"7293000A4","AUTRES COMMISSION"
"7310000A3","REVENUS DU PORTEF DE PARTICIPATION"
"7311000A4","REVENUS DES ACTIONS PROPRES DETENUE"
"7312000A4","REV ACTIONS ET PARTS D ETS DE CRED"
"7313000A4","REVENUS ACTIONS ET PARTS D AUT STE"
"7314000A4","REV. TITRES PUBLICS IMMOBILISES"
"7316000A4","REVENUS DES TITRES EN SOUFFRANCES"
"7320000A3","REV PRETS  TITRES SUBORD OBLIGATOI"
"7321000A4","REVENUS DES BONS D EQPT ET ASSIMILE"
"7322000A4","REV. DE CREANCES TITRISEES SUR ETAT"
"7323000A4","REV AUT PRETS TITRE A SOUSCR OBLIGA"
"7330000A3","REVENUS DU PORTFEUILLE DE PLCT"
"7331000A4","REV D ACTION PARTS D ETSS DE CREDIT"
"7332000A4","REVENUS DE BONS DU TRESOR"
"7333000A4","REV D AUTRES ACTIONS ET PARTS NEGOC"
"7334000A4","REVENUS D OBLIGATIONS ET BONS ASSIM"
"7335000A4","REV OBLIGA PROPRES RACH PAR ANTICIP"
"7336000A4","REV. D AUTRES TITRES A COURT TERME"
"7337000A4","REVENUS DE TITRES DOUTEUX"
"7340000A3","REV. DU PORTEFEUILLE DE TRANSACTION"
"7341000A4","REV. D ACTION ET PARTS D ETABLISS."
"7342000A4","REVENUS DE BONS DU TRESOR"
"7343000A4","REV AUTRES ACTIONS ET PARTS  NEGOC"
"7344000A4","REV D OBLIGATIONS ET BONS ASSIMILES"
"7345000A4","REV OBLIGA PROPRES RACH PAR ANTICIP"
"7346000A4","REV D AUTRES TITRES A COURT TERME"
"7400000A2","PRODUITS ACCESSOIRES"
"7410000A3","JETONS DE PRESENCE"
"7420000A3","REV DES BIENS MEUBLES ET IMMEUBLES"
"7430000A3","ETUDES CEDEES"
"7440000A3","FRAIS IMMOBILISES"
"7450000A3","PRODUCTION IMMOBILISEES"
"7460000A3","REFACTURATION DE FRAIS DIVERS"
"7470000A3","TRANSFERT DE CHARGES"
"7490000A3","AUTRES PRODUITS ACCESSOIRES"
"7600000A2","SUBVENTION D EXPLOIT ET D EQUILIBRE"
"7610000A3","SUBVENTION D EXPLOITATION"
"7620000A3","SUBVENTION D EQUILIBRE"
"7700000A2","PDT EXCEP EXO ANT, P V CES ELT ACTI"
"7710000A3","PROD D EXPLOIT. BANC SUR EXO ANT"
"7711000A4","PRODUITS SUR OPS DE TRESORERIE"
"7712000A4","PROD OPS AVC LA CLTELE DE CRED BAIL"
"7713000A4","PRODUITS SUR OPS BANCAIRES DIVERSES"
"7720000A3","PRODUITS DIVERS SUR EXO ANTERIEURS"
"7721000A4","PRODUITS DU PORTEF TITRE"
"7722000A4","PRODUITS ACCESSOIRES"
"7723000A4","SUBVENT. D EXPLOIT. ET D EQUILIBRE"
"7729000A4","AUTRES PRODUIT DIVERS"
"7730000A3","INDEMNITE D ASSURANCE"
"7740000A3","PROV SPEC ET RESERV  REEVAL REPSES"
"7760000A3","PV SUR CESSIONS D ÉLÉMENTS D ACTIF"
"7761000A4","PV CESS TITRE PLCT ET PARTICIP"
"7762000A4","PV SUR CESSION D AUT  ELTS D ACTIF"
"7770000A3","TSFER DE CHGS EXCEP OU SUR EXO ANT"
"7780000A3","SALAIRES ET INDEMNITES ABANDONNES"
"7791000A4","PROFITS SUR OPS BANCAIRES"
"7792000A4","PROFITS SUR OPS AVEC LA CLIENTELE"
"7793000A4","PROFITS SUR OPS BANCAIRES DIVERSES"
"7796000A4","EXCEDENTS DE CAISSE"
"7799000A4","AUTRES PROFITS EXCEPTIONNELS"
"7800000A3","REPRISES D AMORTISSEMENTS"
"7820000A3","REP D AMORT DES IMMOBIL CORPORELLES"
"7900000A2","REP DE PROVS ET RECUP CREANS IRREC"
"7910000A3","REPRISES DE PROVISIONS"
"7911000A4","REP SUR PROVS POUR RISQUES ET CHGS"
"7912000A4","REP SUR PROV POUR DEPREC VALS IMMOB"
"7913000A4","REP SUR PROV PR DEPREC CPTES CLTELE"
"3117200A5","CRÉDITS RESTRUCTURÉS"
"3117300A5","AUTRES CRÉDITS CONSOLIDÉS"
"3120000A3","CRÉDITS À MOYEN TERME SENSIBLE"
"3121000A4","CREDITS A L'INVESTISSEMENT IMMOBILIER MT"
"3122000A4","CREDITS A L'HABITAT MT"
"3123000A4","CREDITS A L'EQUIPEMENT MT"
"3124000A4","CREDITS DE CAMPAGNE  MT"
"3125000A4","CREDITS A LA CONSOMMATION MT"
"3126000A4","CREDITS MORATORIES OU CONSOLIDES SUR L'ETAT MT"
"3127000A4","CRÉDITS NON VENTILABLES"
"3127100A5","CRÉDITS RÉÉCHELONNÉS"
"3127200A5","CRÉDITS RESTRUCTURÉS"
"3127300A5","AUTRES CRÉDITS CONSOLIDÉS"
"3180000A3","CREANCES RATTACHEES"
"3200000A2","CREDIT A COURT TERME"
"3210000A3","EFFETS COMMERCIAUX"
"3211000A4","EFFETS COMMERCIAUX"
"3211100A5","ESCOMPTE COMMERCIAL"
"3211200A5","AFFACTURAGE"
"3211300A5","ESCOMPTE DOCUMENTAIRE"
"3212000A4","CREDITS DE TRESORERIE"
"3213000A4","CREDITS A L'EQUIPEMENT"
"3214000A4","CRÉDITS D’ACCOMPAGNEMENT SUR MARCHÉS PUBLICS "
"3214100A5","AVANCES SUR MARCHES PUBLICS NANTIS"
"3214200A5","AUTRES CREDITS D'ACCOMPAGNEMENT"
"3215000A4","CRÉDITS DE CAMPAGNE"
"3215100A5","CREDITS DE PRODUCTIVITE ET DE PREFINANCEMENT"
"3215200A5","CREDIT CAMPAGNE AVANCES EN BLANCS"
"3215300A5","CREDIT CAMPAGNE AVANCES SUR STOCKS"
"3215500A5","CREDITS DE CAMPAGNES CONSOLIDES"
"3216000A4","CREDITS A LA CONSOMMATION CT"
"3217000A4","CRÉDITS NON VENTILABLES"
"3217100A5","CRÉDITS RÉÉCHELONNÉS"
"3217200A5","CRÉDITS RESTRUCTURÉS"
"3217300A5","AUTRES CRÉDITS CONSOLIDÉ"
"3221000A4","EFFETS COMMERCIAU"
"3221100A5","ESCOMPTE COMMERCIA"
"3221200A5","AFFACTURAGE"
"3221300A5","ESCOMPTE DOCUMENTAIRE"
"3223000A4","CREDITS A L'EQUIPEMENT"
"3224000A4","CRÉDITS D’ACCOMPAGNEMENT SUR MARCHÉS PUBLICS"
"3224100A5","AVANCES SUR MARCHES PUBLICS NANTIS"
"3224200A5","AUTRES CREDITS D'ACCOMPAGNEMENT"
"3225000A4","CRÉDITS DE CAMPAGN"
"3225100A5","CREDITS DE PRODUCTIVITE ET DE PREFINANCEMENT"
"3225200A5","CREDIT CAMPAGNE AVANCES EN BLANCS"
"3225300A5","CREDIT CAMPAGNE AVANCES SUR STOCKS"
"3225400A5","CREDIT CAMPAGNE CREDITS A L'EXPORTATION"
"3225500A5","CREDITS DE CAMPAGNES CONSOLIDES"
"3226000A4","CREDITS A LA CONSOMMATION CT"
"3227000A4","CRÉDITS NON VENTILABLES"
"3227100A5","CREDITS NON VENTILABLES REECHELONNES"
"3227200A5","CREDITS NON VENTILABLES RESTRUCTURES CT"
"3227300A5","AUTRES CREDITS NON VENTILABLES CONSOLIDES CT"
"3280000A3","CREANCES RATTACHEES CREDIT COUT TERME"
"3290000A3","CREDIT MORATORIES OU CONSOLIDES SUR L'ETAT"
"3400000A2","CREANCES EN SOUFFRANCE"
"3410000A3","CRÉANCES IMPAYÉES"
"3420000A3","CRÉANCES IMMOBILISÉES"
"3421000A4","CRÉANCES DIRECTES SUR L’ETAT"
"3422000A4","CRÉANCES GARANTIES PAR L’ETA"
"3423000A4","AVANCES SUR MARCHÉS PUBLICS NANTI"
"3424000A4","AVANCES SUR TITRES ÉMIS PAR L’ETAT"
"3425000A4","AUTRES CRÉANCES IMMOBILISÉES"
"3440000A3","CREANCES DOUT N COUV SURETES REELLES OU GAR ETAT"
"3441000A4","CREANCE DOUTEUSES DEPUIS MOINS DE UN AN"
"3442000A4","CREANCES DOUTEUSES DEPUIS 1 A 2 ANS"
"3443000A4","CREANCES DOUTEUSES DEPUIS 2 A 3 ANS"
"3444000A4","CREANCE DOUTEUSE DEPUIS PLUS DE 3 ANS"
"3450000A3","AUTRES CRÉANCES DOUTEUSES"
"3451000A4","CREANCES DOUTEUSES DEPUIS MOINS DE 1 AN"
"3452000A4","CREANCES DOUTEUSES DEPUIS 1 A 2 ANS"
"3453000A4","CREANCES DOUTEUSES DEPUIS PLUS DE 2 ANS"
"3458000A4","CREANCES IRRECOUVRABLES SUR LES GROUPES OU PARTIES LIES "
"3459000A4","AUTRES CREANCES IRRECOUVRABLES "
"3460000A3","CRÉANCE IMPAYÉES SUR LE CRÉDIT-BAIL"
"3470000A3","CREANCES DOUTEUSES SUR LE CREDIT-BAIL"
"3500000A2","COMPTES DE DEPOTS A REGIME SPECIAL"
"3510000A3","BONS DE CAISSE"
"3600000A2","COMPTE DE DEPOTS A TERME"
"3610000A3","DÉPOTS À TERME"
"3690000A3","DETTES RATTACHES"
"3700000A2","DECOUVERTS ET CPTES CREDITEUR A VUE"
"3710000A3","COMPTES COURANT"
"3712000A4","COMPTES COURANTS SENSIBLES"
"3713000A4","AUTRES COMPTES COURANTS"
"3720000A3","COMPTES DE CHEQUES"
"3721000A4","COMPTES DE CHEQUES SAINS"
"3722000A4","COMPTES DE CHEQUES SENSIBLES"
"3730000A3","COMPTES SUR LIVRETS (ÉPARGNE)"
"3740000A3","DÉPOTS DE GARANTIE"
"3750000A3","AVANCES SUR DÉPOTS À TERME"
"3780000A3","CREANCES RATTACHEES"
"3790000A3","DETTES RATTACHEES"
"3800000A2","AUTRES COMPTES DE LA CLIENTELE"
"3810000A3","DISPOSITION À PAYER"
"3820000A3","COMPTES BLOQUÉS"
"3830000A3","AVOIRS EN COURS DE PRESCRIPTION"
"3840000A3","AUTRES SOMMES DUES À LA CLTLE"
"3860000A3","AUTRES SOMMES DUES PAR LA CLTLE"
"3870000A3","VALEURS NON IMPUTÉES"
"3900000A2","PROV POUR DEPR DES CPTE DE LA CLIEN"
"3910000A3","PROVISIONS SUR CREANCES IMPAYÉES"
"3920000A3","PROVISIONS SUR CREANCES IMMOB"
"3940000A3","PRO CRÉAN DOUT N COUV SUR R GTIE ET"
"3941000A4","PROVISIONS SUR CREANCES DOUTEUSES DEPUIS AU PLUS UN AN COUVERTES PAR DES GARANTIES ELIGIBLES"
"3942000A4","PROVISIONS SUR CREANCES DOUTEUSES DEPUIS PLUS D'UN AN ET AU PLUS 2 ANS COUVERTES PAR DES GARA ELIGIBLES"
"3943000A4","PROVISIONS SUR CREANCES DOUTEUSES DEPUIS PLUS DE 2 ANS COUVERTES PAR DES GARANTIES ELIGIBLES "
"3950000A3","PROV SUR CRÉAN IMP SUR LE CRD-BAIL"
"3951000A4","PROV CREAN DOUT PLUS DE UN AN"
"3952000A4","PROV CREAN DOUT UN A DEUX ANS"
"3953000A4","PROV CREAN DOUT PLUS DE DEUX ANS"
"3960000A3","PROV SUR CRÉAN DOUT SUR LE CRD-BAIL"
"3970000A3","PROV CREAN DOUT CR BAIL"
"4000000A2","COMPTE DE TIERS ET DE REGUL"
"4010000A3","RETENUES DE GARANTIE"
"4020000A3","AVANCES ET ACMPTE VERSES COMM FOURN"
"4030000A3","SOMMES DUES AUX FOURNISSEURS"
"4100000A2","CHEQUES ET EFFETS A L ENCAISSEMENT"
"4110000A3","CHEQUES A RECOUVRER RECUS DE CLIENT"
"4120000A3","CHEQUES A RECOUVRER CORRESPONDENT"
"4130000A3","EFFETS A RECOUVRER CLIENTELE"
"4140000A3","EFFETS RECUES DES CORRESPONDENTS"
"4150000A3","COMPTES D ENCAISSEMENT DE CLIENTELE"
"4170000A3","VALEURS NON PAYEE A PRESENTATION"
"4200000A2","PERSONNEL"
"4210000A3","AVANCES MENSUELLES SUR TRAITEMENT"
"4220000A3","REMUNERATIONS DUES"
"4230000A3","OPPOSITIONS SUR TRAITEMENT ET SALAI"
"4310000A3","AVANCES SUR SUBVENTIONS"
"4320000A3","SUBVENTION A RECEVOIR"
"4330000A3","IMPOTS ET TAXES DEDUCTIBLES"
"4340000A3","IMPOTS ET TAXES COLLECTES"
"4350000A3","AUTRES SOMMES DUES A L ETAT"
"4400000A2","ACTIONNAIRES"
"4410000A3","COMPTES-COURANTS ACTIONNAIRES"
"4420000A3","ACTIONNAIRES, VERSEMENTS ANTICIPES"
"4430000A3","DIVIDENDES"
"4440000A3","TANTIEMES ET JETONS DE PRESENCE D A"
"4450000A3","ACTIONNAIRES CAPITAL A REMBOURSER"
"4500000A2","COMPTES DES LIAISON"
"4510000A3","SIEGES ET AGENCES LOCALES"
"4516000A4","OPERATIONS DIVERSES"
"4520000A3","COMPTES DE LIAISONS INTERAGENCES"
"4540000A3","DIFFÉRÉS ORDINATEUR"
"4590000A3","OPÉRATIONS DÉNOUÉES"
"4596000A4","OPÉRATIONS DIVERSES"
"4600000A2","AUTRES DEBITEURS ET CREDITEURS"
"4610000A3","SOCIETES D ASSURANCE ET DE CAPITAL"
"4620000A3","ORGANISMES SECURITE SOCIAL"
"4630000A3","ERREURS,VOLS ET DETOURNEMENT"
"4640000A3","OBLIGATAIRES"
"4650000A3","VERSEMENTS A EFFECT/ TITRES EN PORT"
"4660000A3","AUTRES DEBITEURS"
"4670000A3","AUTRES CREDITEURS"
"4700000A2","COMPTES DE REGULARISATION"
"4710000A3","CTES DE REGUL DE LA GESTION-ACTIF"
"4711000A4","CHARGES PAYEES OU COMPTABL D AVANCE"
"4720000A3","CPTES DE RÉGUL DE LA GESTION-PASSIF"
"4721000A4","CHARGES A PAYER"
"4722000A4","PRODUITS PERCU OU COMPTABLE D AVANC"
"4750000A3","POSITION DE CHANGE"
"4760000A3","CONTRE VALEUR POSITION DE CHANGE"
"4770000A3","COMPTE D AJUST DEVISES"
"4800000A2","CREANCES DIVERSES EN SOUFFRANCE"
"4800000A3","CREANCES DIVERSES EN SOUFFRANCE"
"4810000A3","VALEURS A L ENCAISSEMENT EN SOUFFRA"
"4820000A3","AVANCES AU PERSONNEL EN SOUFFRANCE"
"4850000A3","OPS ENTRE SUCCUR AGENCES EN SOUFF"
"4860000A3","CREAN DEBITEURS DIVERS EN SOUFFRANC"
"4900000A3","PRO DEPREC DES CPTES D AUTRES TIERS"
"4910000A3","PROV VALS A L ENCAISSET EN SOUFFRA"
"4920000A3","PROV AVC AU PERSONNEL EN SOUFFRANCE"
"4950000A3","PRO DEPREC DES CPTE DE SUCCUR ET AG"
"4960000A3","PRO DEPREC DES CPTE DR DIVERS"
"5110000A3","PORTEFEUILLE DE PLACEMENT"
"5111000A4","ACTIONS ET PARTS D ETS DE CREDIT"
"5112000A4","BONS DU TRÉSOR"
"5113000A4","AUTRES ACTIONS ET PARTS NEGOCIABLES"
"5114000A4","OBLIGATIONS ET BONS ASSIMILÉS"
"5114100A5","OBLIGATIONS DU TRESOR ASSIMILABLES PLACEMENT"
"5115000A4","OBLIG PROPRES RACHETÉES PAR ANTICIP"
"5116000A4","AUTRES TITRES À COURT TERME"
"5117000A4","TITRES DOUTEUX"
"5118000A4","CREANCES RATTACHEES"
"5120000A3","PORTEFEUILLE DE TRANSACTION"
"5121000A4","ACTIONS ET PARTS D ETS DE CREDIT"
"5122000A4","BONS DU TRÉSOR"
"5123000A4","AUTRES ACTIONS ET PARTS NEGOCIABLES"
"5124000A4","OBLIGATIONS ET BONS ASSIMILÉS"
"5124100A5","OBLIGATIONS DU TRESOR ASSIMILABLES TRANSACTIONS"
"5124200A5","AUTRES OBLIGATIONS ET BONS ASSIMILES TRANSACTIONS"
"5125000A4","OBLIGAT PROPRES RACHETÉES ANTICIP"
"5126000A4","AUTRES TITRES À COURT TERME"
"5128000A4","CREANCES RATTACHEES"
"5200000A2","MARCHE MONETAIRE"
"5210000A3","OPÉRATIONS INTERBANCAIRES"
"5211000A4","PRETS AU JOUR LE JOUR"
"5212000A4","PRETS À TERME"
"5213000A4","VAL  RECU PENSION SUR LE CHE MON"
"5214000A4","EMPRUNTS AU JOUR LE JOUR"
"5215000A4","EMPRUNTS À TERME"
"5216000A4","VALEURS DONNÉES EN PENSION"
"5220000A3","REFINANCEMENT AU GUICHET A"
"5221000A4","EMPRUNT SUR APPEL D OFFRES"
"5222000A4","EMPRUNT SUR MISE EN PENSION"
"5223000A4","EMPRUNTS INTERVENTION PONCTUELLES"
"5224000A4","EMPRUNT EXCEPTIONELS SUR PLACEMENTS"
"5225000A4","AUTRES EMPRUNTS AU GUICHET A"
"5230000A3","REFINANCEMENT AU GUICHET B"
"5231000A4","REFIN DES CRDITS MOYEN TERM IRRÉVOC"
"5232000A4","AUTRES EMPRUNTS AU GUICHET B"
"5240000A3","AVANCES AU TAUX DE PENALITÉ"
"5241000A4","DÉPASS DE LA FACULTÉ D AV GUICHET A"
"5242000A4","SANCTIONS DISCIPLINAIRES"
"5243000A4","AUTRES AVANCES AU TAUX DE PÉNALITÉ"
"5250000A3","PLACEMENT À LA BEAC"
"5251000A4","PLACEMENTS A 7 JOURS"
"5253000A4","PLACEMENTS A 84 JOURS"
"5254000A4","AUTRES PLACEMENT"
"5260000A3","RESERVES OBLIGATOIRES"
"5280000A3","CREANCES RATTACHEES"
"5300000A2","AUTR VAL RECUS OU DONNES EN PENSION"
"5310000A3","AUT VALS REÇ EN PENS OU ACHET FERM"
"5320000A3","AUT VALS DON EN PENS OU ACHET FERM"
"5380000A3","CREANCES RATTACHEES"
"5390000A3","DETTES RATTACHEES"
"5410000A3","PRETS À TERME"
"5411000A4","BANQUES CENTRALES"
"5412000A4","INSTITUTIONS FINANCIERES SPEC"
"5413000A4","BANQUES ASSOCIÉES"
"5414000A4","BANQUES NON ASSOCIÉES"
"5415000A4","ETABLISSEMENTS FINANCIERS ASSOCIÉS"
"5416000A4","ETS FINANCIERS NON ASSOCIÉS"
"5417000A4","CHEQUES POSTAUX"
"5418000A4","CAISSE D EPARGNE POSTALE"
"5419000A4","PRÊT À TERM AUT INST FINANCIERES"
"5420000A3","COMPTE À TERME LORI"
"5421000A4","BANQUES CENTRALES"
"5422000A4","INSTITUTIONS FINANCIERES SPEC"
"5423000A4","BANQUES ASSOCIÉES"
"5424000A4","BANQUES NON ASSOCIÉES"
"5425000A4","ETABLISSEMENTS FINANCIERS ASSOCIÉS"
"5426000A4","ETS FINANCIERS NON ASSOCIÉS"
"5427000A4","CHEQUES POSTAUX"
"5428000A4","CAISSE D EPARGNE POSTALE"
"5429000A4","CPT A TERM NOSTRI AUT INST FIN"
"5430000A3","COMPTES A TERME LORI"
"5431000A4","BANQUES CENTRALES"
"5432000A4","INSTITUTIONS FINANCIERES SPEC"
"5433000A4","BANQUES ASSOCIÉES"
"5434000A4","BANQUES NON ASSOCIÉES"
"5435000A4","ETABLISSEMENTS FINANCIERS ASSOCIÉS"
"5436000A4","ETABLISSEMENTS FINANCIERS NON ASSOC"
"5437000A4","CHEQUES POSTAUX"
"5438000A4","CAISSE D EPARGNE POSTALE"
"5439000A4","CPTE A TERM LORI AUP AUT INST FIN"
"5440000A3","EMPRUNTS À TERME"
"5441000A4","BANQUES CENTRALES"
"5442000A4","INSTITUTIONS FINANCIERES SPEC"
"5443000A4","BANQUES ASSOCIÉES"
"5444000A4","BANQUES NON ASSOCIÉES"
"5445000A4","ETABLISSEMENTS FINANCIERS ASSOCIÉS"
"5447000A4","CHEQUES POSTAUX"
"5448000A4","CAISSE D EPARGNE POSTALE"
"5449000A4","AUTRES INSTITUTIONS FINANCIERES"
"5480000A3","CREANCES RATTACHEES"
"5490000A3","DETTES RATTACHEES"
"5510000A3","PRETS AU JOUR LE JOUR"
"5511000A4","BANQUES CENTRALES"
"5512000A4","INSTITUTIONS FINANCIERES SPEC"
"5513000A4","BANQUES ASSOCIÉES"
"5514000A4","BANQUES NON ASSOCIÉES"
"5515000A4","ETABLISSEMENTS FINANCIERS ASSOCIÉS"
"5517000A4","CHEQUES POSTAUX"
"5518000A4","CAISSE D EPARGNE POSTALE"
"5519000A4","AUTRES INSTITUTIONS FINANCIERES"
"5520000A3","EMPRUNTS AU JOUR LE JOUR"
"5521000A4","BANQUES CENTRALES"
"5523000A4","BANQUES ASSOCIÉES"
"5524000A4","BANQUES NON ASSOCIÉES"
"5525000A4","ETABLISSEMENTS FINANCIERS ASSOCIÉS"
"5526000A4","ETABLISSEMENTS FINANC NON ASSOCIÉS"
"5527000A4","CHEQUES POSTAUX"
"381000107","COMPTE DATTENTE CREDIT COMMERCE EXTERIEUR "
"381000108","COMPTE D ATTENTE LIQUIDATION DAT"
"381000109","VIREMENTS PERMANENTS INTER BANCAIRE LOCAUX"
"381000110","DAP TRAITEMENT DES SALAIRES"
"381000111","DAP CONSOLIDATED ACCOUNT GTP PREPAID CARDS"
"381000112","CPTE ATTENTE REGLEMENT IMPOT ETAX"
"381000113","MFS ACHAT DE CREDIT DE COMMUNICATION"
"381000114","CHEQUES CERTIFIES"
"381000115","CHEQUE DE BANQUE"
"381000116","DAP POUR OPERATION INTERNATIONAL"
"381000117","WESTERN UNION WAFACASH PAYABLE  ACCOUNT"
"381000118","MASTERCARD PAYABLE"
"381000119","MONEYGRAM WAFACASH  PAYABLE ACCOUNT"
"381000121","SMALL WORLD WAFACASH  PAYABLE ACCOUNT"
"381000122","COMPTE D ATTENTE PRIMUS PLUS INTERNET BANKING"
"381000124","PASSAGE CAISSE WESTERN UNION"
"381000125","COMPTE D ATTENTE VISA ETUDIANTS"
"381000126","DAP RECEIVABLES"
"381000127","FX SELL ACCESS AFRICA"
"381000128","DAP COMPENSES MANUELLE"
"381000129","MANAGER CHECK"
"381000130","ACCESS AFRICA PAYABLE"
"381000131","DAP TRAITEMENT SALAIRES SECURITE SOCIALE"
"381000132","AGENCY CASH WITHDRAWAL OPERATIONS"
"381000133","POOLSTN (MC-XAF)"
"381000134","POOLSTN-ACH"
"381000135","POOLSTN-RTGS"
"381000137","POOLSTN (CK-XAF)"
"381000138","POOLSTN (CASH-PAY-XAF)"
"381000140","VIREMENTS ASSISTANCE TECHNIQUE GROUPE"
"381000141","DAP SOMMES REVERSEES PAR LES SOUS AGENTS WU"
"381000142","VIREMENTS INTERBANCAIRES RECUS AUTRES"
"381000143","COMPTE DE PASSAGE  (RT)"
"381000144","COMPTE DE PASSAGE SOUS AGENT (RT)"
"381000145","DISPOSITION A PAYER SALAIRE FONCTIONNAIRE ETAT"
"381000146","DISPOSITION A PAYER MOBILE APP CASH OUT"
"381000147","DISPOSITION A PAYER PENSION FONCT ETAT"
"381000148","COMPTE GTP VISA PREPAYER POUR CONTROL DE PARTAGES DE DE COMMISSIONS"
"381000149","GTP VISA COMPTE DE COMPENSATION"
"381000150","DISPOSITION A PAYER BOURSES  ETUDIANTS"
"381000151","CONSOLIDATED ACCOUNT LOCAL PREPAID CARDS"
"381000152","CLIENTS DE PASSAGE"
"381000153","CIB GENERIC SUSPENSE ACCOUNT"
"381000154","TRANSACTION AVEC NOS CARTES A L'ETRANGER"
"381000155","NET POSITION SETTLEMENT CARD MGT SYSTEM XAF"
"381000156","MAD VENDOR PAYMENT FROM DYNAMICS ACCESS CUSTOMERS"
"381000157","MAD VENDOR PAYMENT FROM DYNAMICS NOT ACCESS CUSTOMERS"
"381000158","BANK COLLECT ONUS"
"381000159","BANK COLLECT OFFUS"
"381000160","POS ISSUER ACCOUNT"
"381000162","REGLEMENT OPERATIONS SUR TITRES"
"381000163","CARD MOBILE APP SUSPENSE ACCOUNT"
"381000164","DISPOSITION A PAYER CASH EXPRESS"
"381000166","CREDIT CARD CASH EXPRESS"
"381000167","DRAFT CORRESPONDANT "
"382000100","COMPTES BLOQUES - CANTONNEMENT SUR DECISION JUDI"
"382000101","COMPTES BLOQUES AUTRES"
"383000100","AVOIRS EN COURS DE PRESCRIPTI "
"383000101","AVOIRS EN COURS DE PRESCRIPTI CHEQ CERT & MANAGER CHEQ"
"383000103","AVOIRS EN COURS DE PRESCRIPTI VISA & MASTER CARD"
"383000104","AVOIRS EN COURS DE PRESCRIPTI AUTRES"
"383000105","UNCLAIMED CERTIFIED CHEQ"
"383000106","UNCLAIMED MANAGERS CHEQ"
"384000100","AUTRES SOMMES DUES A LA CLIENTELE"
"384000101","DAP JURIDIQUE RGLMT PENSION ALIMENTAIRE"
"384000102","CPT ATTENTE ENVOI RT"
"384000103","COMPTE ATTENTE DOUVERTURE"
"384000104","CPTE ATTENTE REGLEMENT RT"
"384000105","PROV POUR VIRTS INTERAGENCES"
"384000106","DAP JURIDIQUE RGLMT SUCCESSION"
"384000110","AGENCY CASH DEPOSIT OPERATIONS"
"384000111","RT CONTROLER ACCT"
"384000112","RT MASTER SETTLEMENT ACCOUNT"
"384000113","COMPTE EN ATTENTE DOUVERTURES"
"384000114","RT ON RIB ACCOUNT"
"384000115","COMPTES CAISSIERS D'AGENCE RT"
"384000117","AUTRES SOMMES DUES A LA CLIENTE COMPTES FERMES"
"384000118","PREPAID POS DEPOSIT SUSPENSE ACCOUNT"
"384000119","CARD ISSUANCE FEES SALE  OF PREPAID CARD"
"384000120","VISA PREPAID LOADING ACCOUNT AT BRANCH"
"384000121","E COMMERCE ACQUIRING ACCOUNT"
"384000125","RT ON RETAIL INTERNET BANKING"
"384000126","RT SUB-AGENT SUSPENE AC"
"384000127","RT ON RETAIL INTERNET BANKING RT"
"384000130","COMPTE D ATTENTE RT INTERNET BANKING"
"384000132","ACCESSPAY CASH DEPOSIT OPERATIONS"
"384000133","  ASSURANCE DGE"
"384000134","  ASSURANCE BONUS"
"384000135","  ASSURANCE ECOSAFE"
"384000136","ASSURANCE RETRAITE"
"384000137","ASSURANCE TRESOR"
"384000138","COMPTE VIREMENT RECU AUTRES BANQUES"
"384000139","AUTRES SOMMES DUES OPERATION MONAIE ELECTRONIQUE"
"384000140","SOMMES DUES CLIENT COMPTES OUVERTS"
"384000141","COMPTE ATTENTE CREDIT BOURSE LOCALE"
"384000142","ACCESS BANK WALLET POOL ACCOUNT"
"384000144","SUSPENSE ACCOUNT PREPAID CARD LOADING"
"384000145","CHARGE BACK ATM"
"384000146","OPERATION SUR CARTE PRPAYEE APPLICATION MOBILE"
"384000147","INTER AFFILIATE CHARGEBACK ACCOUNT"
"384000148","VISA INTERNATIONAL CHARGEBACK ACCOUNT"
"384000149","SUSPENSE ACCOUNT ATM"
"384000150","SUSPENSE ACCOUNT POS CASH"
"384000151","SUSPENSE ACCOUNT POS PURCHASE"
"384000155","POOLSTN (CASH-PAY-ISSUE-XAF)"
"384000156","INSURANCE COLLECTIONS FOR ALLIANZ"
"384000157","INSURANCE COLLECTIONS FOR SUNU"
"384000158","AUTRES SOMMES DUES AUX CLIENTS RISQUE OPERATIONNEL"
"384000159","GLOBAL VISA PREPAID MOBILE APP."
"384000160","SOM DUES AUX CCANTS SUR TRN POS- PMT NET JOURNALIER"
"384000162","SOM DUES AUX CCANTS- TRSF SUSPECTES"
"384000163","PAIEMENT BRUT AUX COMMERCANTS"
"384000164","BRANCH CASH EXPRESS ACCOUNT"
"384000165","AUTRES SOMME DUE A LA CLIENTELE"
"384000166","ACCESS BANK MOBILE AGENT ACCT"
"384000167","MOBILE MONEY TRUST ACCOUNT"
"384000168","SMALL WORLD IMTOs SUSPENS ACCOUNT"
"386000101","VALEURS RECUES COMPENSE"
"386000103","WESTERN UNION WAFACASH RECEIVABLE  ACCOUNT"
"386000104","SUSPENSE ACCOUNT POS CASH"
"386000105","GTP PREPAID FUNDING  ACCOUNT"
"386000106","C/A TRANSACTIONS VISA OFF-US"
"386000107","C A TRANSACTIONS MC OFF US"
"386000108","C A TRANSACTIONS AMEX OFF US"
"386000109","C A TRANSACTIONS CUP OFF US"
"386000110","C A TRANSACTIONS ON US"
"386000111","C A TRANSACTIONS INTER FILIALES OFF US"
"386000112","C A TRANSACTIONS ROUTEURS LOCAUX"
"386000113","C A TRANSACTIONS REJETEES"
"386000114","C A CHARGEBACK VISA"
"386000115","C A CHARGEBACK MC"
"386000116","C A CHARGEBACK AMEX"
"386000117","C A CHARGEBACK CUP"
"386000118","C A CHARGEBACK INTER FILLIALE"
"386000119","AUTRES SOMMES DUES PAR LA CLIENTELE"
"386000120","VISA TRANSACTIONS"
"386000121","MASTERCARD RECEIVABLE"
"386000122","CUP TRANSACTIONS"
"386000123","GOLBAL TRANSACTIONS ON US"
"386000124","GOLBAL TRANSACTIONS REGIONAL INTER  AFFILIATE"
"386000125","GOLBAL LOCAL TPE TRANSACTIONS"
"386000126","RJC ET NOME GLOBAL TRANSACTIONS"
"386000127","FX BUY ACCESS AFRICA"
"386000128","TRANSACTIONS CONTESTEES DES PORTEURS DE CARTE MC"
"386000129","TRANSACTIONS CONTESTEES DES PORTEURS DE CARTE CUP"
"386000130","ACCESS AFRICA RECEIVABLE"
"387000100","ATTENTE COMPENSATION DEBIT"
"387000101","ATTENTE COMPENSE DEBIT AUTRES"
"387000102","VALEURS NON IMPUTEES COMPENSE BILATERALE"
"387000103","ATTENTE COMPENSATION CREDIT AUTRES"
"387000104","CHEQUES A PRESENTER A LA COMPENSATION"
"387000105","VALEUR EN ATTENTE COMPENSE CREDIT"
"387000106","VALEURS NON IMPUTEES TRANSACTION RT"
"387000107","VALEURS NON IMPUTEES TRANSACTIONS QUICK CASH"
"387000111","MTN WALLET TRANSACTIONS"
"391000100","PROVISIONS SUR CREANCES IMPAYÉES"
"391000101","PROVISIONS SUR CREANCES IMPAYÉES"
"392000100","PROVISIONS SUR CREANCES IMMOB"
"392000101","PROVISIONS SUR CREANCES IMMOB"
"394100100","PROVISIONS SUR CREANCES DOUTEUSES DEPUIS AU PLUS UN AN COUVERTES PAR DES GARANTIES ELIGIBLES"
"394200100","PROVISIONS SUR CREANCES DOUTEUSES DEPUIS PLUS D UN AN ET AU PLUS 2 ANS COUVERTES PAR DES GARA ELIGIBLES"
"394200101","PROVISIONS SUR CREANCES DOUTEUSES DEPUIS PLUS D UN AN ET AU PLUS 2 ANS COUVERTES PAR DES GARA ELIGIBLES"
"394300100","PROVISIONS SUR CREANCES DOUTEUSES DEPUIS PLUS DE 2 ANS COUVERTES PAR DES GARANTIES ELIGIBLES "
"394300101","PROVISIONS SUR CREANCES DOUTEUSES DEPUIS PLUS DE 2 ANS COUVERTES PAR DES GARANTIES ELIGIBLES "
"395100100","PROVISIONS SUR AUTRES CREANCES DOUTEUSES DEPUIS AU PLUS UN AN "
"395100101","PROVISIONS SUR AUTRES CREANCES DOUTEUSES DEPUIS AU PLUS UN AN "
"395200100","PROVISIONS SUR AUTRES CREANCES DOUTEUSES DEPUIS PLUS D UN AN ET AU PLUS 2 ANS "
"395200101","PROVISIONS SUR AUTRES CREANCES DOUTEUSES DEPUIS PLUS D UN AN ET AU PLUS 2 ANS "
"395300100","PROVISIONS SUR AUTRES CREANCES DOUTEUSES DEPUIS PLUS DE 2 ANS "
"395300101","PROVISIONS SUR AUTRES CREANCES DOUTEUSES DEPUIS PLUS DE 2 ANS "
"396000100","PROVISIONS SUR CREANCES IMPAYEES SUR LE CREDIT BAIL"
"396000101","PROVISIONS SUR CREANCES IMPAYEES SUR LE CREDIT BAIL"
"397000100","PROVISIONS SUR CREANCES DOUTEUSES SUR LE CREDIT BAIL"
"397000101","PROVISIONS SUR CREANCES DOUTEUSES SUR LE CREDIT BAIL"
"401000100","RETENUES DE GARANTIES"
"401000101","RETENUES DE GARANTIES"
"402000100","AVANCES ET ACOMPTES VERSÉS SUR COMMANDES DE FOURNITURES ET SERVICES"
"403000100","SOMMES DUES AUX FOURNISSEURS LOCAUX"
"403000101","SOMMES DUES AUX FOURNISSEURS ETRANGERS"
"411000100","CHEQUES A RECOUVRER RECUS DE CLIENT"
"411000101","CHEQUES A RECOUVRER RECUS DE CLIENT COMPENSE MANUELLE"
"412000100","CHEQUES A RECOUVRER RECU DES CORRESPONDANTS"
"413000100","EFFET A RECOUVRER RECU CLIENTELE"
"414000100","EFFET A RECOUVRER RECU DES CORRESPONDANTS"
"415000100","COMPTES D ENCAISSEMENT DE CLIENTELE"
"415000101","COMPTE D ENCAISSEMENT  CHEQUE COMPENSE MANUELLE"
"416000100","COMPTES D ENCAISSEMENT CORRESPONDANTS"
"417000100","VALEURS NON PAYEE A PRESENTATION COMPENSATION"
"421000100","AVANCES MENSUELLES SUR TRAITEMENT SAL"
"422000100","REMUNERATIONS DUES"
"423000100","OPPOSITION SUR TRAITEMENT ET SALAIRE"
"431000100","AVANCE SUR SUBVENTION"
"432000100","SUBVENTION A RECEVOIR"
"433000100","TVA DEDUCTIBLE SUR ACHATS"
"433000101","TVA DEDUCTIBLE SUR SERVICES"
"433000102","TVA DEDUCTIBLE SUR IMMOBILISATIONS"
"433000103","TVA DEDUCTIBLE ASSIST TECHNIQUE"
"433000104","TVA DEDUCTIBLE SUR COMMISSIONS PAYEES"
"433000105","TVA DEDUCTIBLE SUR INTERETS PAYES AUX INST FINANC"
"433000106","AUTRES TVA DEDUCTIBLE"
"433000107","TVA A REGULARISER"
"433000108","ACOMPTE IS VERSE"
"434000100","IRCCM IMPOT SUR REVENUS DES CAPITX IMMOB"
"434000101","IMPOTS ET TAXES COLLECTES SUR OPS CAISSE"
"434000102","TVA COLLECTEE SUR OPS CAISSE 18%"
"434000103","TVA A PAYER OU CREDIT DE TVA"
"434000104","TVA COLLECTEE WAFACASH"
"434000105","IMPOTS ET TAXES SUR SALAIRES IRPP"
"999000103","DIFFERES ORDINATEURS HORS BILAN DE"
"102000100","FONDS DE DOTATION"
"103100100","CAPITAL SOUSCRIT NON APPELE"
"103200100","CAPITAL APPELE NON VERSE"
"103300100","ACTIONNAIRES DEFAILLANTS"
"104000100","ACTIONS PROPRE DETENUES"
"111000100","PRIMES D EMISSION"
"112000100","PRIMES D APPORTS"
"113000100","AUTRES PRIMES LIÉES AU CAPITAL"
"121000100","RESERVE LEGALE"
"122000100","RESERVES STATUTAIRES CONTRACTUELLES"
"123000100","RESERVES FACULTATIVES"
"131000100","REPORT A NOUVEAU CREDITEUR"
"132000100","REPORT A NOUVEAU DEBITEUR"
"141000100","AMORTISSEMENTS DEROGATOIRES"
"142000100","ECART DE VEEVAL DES IMMOB AMORTS"
"143000100","ECARTS DE RÉEVAL IMMO NON AMORTBLES"
"144000100","ECARTS DE RÉEVAL DES CREANCES"
"145000100","PLUS VAL DE CESSION A REINVESTIR"
"151000100","SUBVENTION D INVESTISSEMENT"
"161100100","FOND AFFECT DE BONIFICAT DES INTS"
"161200100","FONDS AFFECT DE GTIE DES AVALS"
"161400100","FONDS AFFECT DE FIN DES PARTS"
"161500100","AUTRES FONDS AFFECTES"
"162100100","FONDS D AFFECT DE BONIFI DE"
"162200100","FONDS D AFFECT DE GTIE DES AVALS"
"162300100","FONDS D AFFECT DE FIN DES ÉTUDES"
"162400100","FONDS D AFFECT DE FIN DES PARTS"
"162500100","AUTRES FONDS D AFFECTATION"
"163000100","FONDS DE GTIE MUTUELS"
"163000101","FONDS DE GTIE MUTUELS EXERCICES ANTERIEURS"
"171000100","OBLIGATIONS EMISES"
"172000100","OBLIGATIONS ECHUES A REMBOURSER"
"173000100","PRIME DE REMB DES EMPRUNT OBLIGATAIRES"
"179000100","DETTES RATTACHEES SUR EMPT OBLIGATAIRE"
"181000100","EMPRUNT PARTICIPATIFS"
"182000100","DETTES SUBORDONNES FILIALES"
"182000101","DETTES SUBORDONNES AUTRES"
"183000100","COMPTE BLOQUE DES ACTIONNAIRES"
"184000100","AUTRES COMPTES BLOQUES"
"186100100","AUTRES EMPRUNTS A LT AUPRES DES CORR"
"186200100","AUTRES EMPRUNTS A LT AUPRES D AUTRES PRT"
"187100100","AUTRES EMPRUNTS A MT AUPRES DES CORR"
"187200100","AUTRES EMPRUNTS A MT AUPRES D AUTRES PRT"
"188000100","DEPOTS ET CAUTIONNMT RECUS"
"189000100","DETTES RAT AUTRE RESSOURCE PERMANENTES FILIALES"
"189000101","DETTES RAT AUTRE RESSOURCE PERMANENTES AUTRES"
"191100100","PROVS POUR RISQUES DE CREDIT"
"191200100","AUTRES PROVISIONS RISQUES BANC GENERAUX"
"192000100","PROVS POUR RISQUES GENERAUX"
"193100100","PROVS POUR LITIGES"
"193200100","PROVISIONS POUR PERTES SUR MCHES A TERM"
"193300100","PROVISIONS POUR PERTES ET CHARGES"
"193410100","PROV EXE ENGT DONNES ORD CORR"
"193420100","PROVS POUR ENGT DONNES"
"193600100","PROVISIONS POUR GROSSES REPARATIONS"
"193700100","PROVS RELATIVES AU PERSONNEL"
"194100100","PROVISIONS POUR PERTES LATENTES"
"194200100","PROVISIONS POUR RISQUES DE N PERC LOYER"
"201100100","FRAIS RELATIF AU PACTE SOCIAL"
"201200100","FRAIS EMISSIONS DES EMPRUNTS"
"201300100","FRAIS AQUISITION IMMOBILISATION"
"201400100","FRAIS EXCEPTIONNEL A ETALER"
"202100100","IMMOBILISATION INCORP EN COURS"
"202200100","FONDS DE COMMERCE"
"202300100","BREVETS, LOGICIELS, LICENCES"
"202400100","ETUDES ET RECHERCHES IMMOB"
"202500100","AUTRE IMMOB INCORP"
"211000100","TERRAIN EN EXPLOITATION"
"212000100","TERRAIN EN LOCATION SIMPLE"
"213100100","TERRAIN DONNES EN CREDIT BAIL"
"213200100","TERRAINS AFFECTES AU CRED BAIL N LOUES"
"214000100","TERRAINS ACQUIS PAR ADJUDICATION"
"214000101","TERRAINS ACQUIS PAR DATION"
"215100100","ECART DE REEV TERRAINS EN EPLOITATION BANCAIRES"
"215200100","ECART DE REEV TERRAIN EN LOCATION SIMPLE"
"219000100","AUTRES TERRAINS"
"221000100","IMMEUBLES D'EXPLOITATION BANCAIRE"
"221000101","AGENCEMENTS & INSTALLATIONS IMMEUBLES"
"221000102","IMMEUBLES RESIDENTIELS"
"221000103","AGENCEMENTS & INSTALLATIONS IMMEUBLES RESIDENTIELS"
"221000104","REEVAL IMMEUBLES & AGENCEMENTS "
"222000100","IMMEUBLES EN LOCATION SIMPLE"
"223100100","IMMEUBLES DONNES EN CREDIT BAIL"
"223200100","IMMEUBLES AFFECTES AU CRED BAIL N LOUES"
"224000100","IMMEUBLE ACQUIS PAR ADJUDIC"
"225000100","MOBILIER  DE BUREAU"
"225000101","MATERIEL DE BUREAU"
"225000102","REEVAL  MATERIEL & MOBILIER DE BUREAU"
"225000103","MATERIEL DE TRANSPORT "
"225000104","REEVAL MATERIEL DE TRANSPORT"
"225000105","MATERIEL  INFORMATIQUE"
"225000106","REEVAL MATERIEL  INFORMATIQUE"
"225000107","MATERIEL TELECOM"
"225000108","REEVAL MATERIEL TELECOM"
"225000109","MOBILIER DE LOGEMENT"
"225000110","MATERIEL DE LOGEMENT"
"225000111","DISTRIBUTEURS AUTOMATIQUES"
"225000112","MATERIEL DE SECURITE"
"226000100","MATERIEL ET MOBILIER EN LOCATION SIMPLE"
"227100100","MATÉRIEL ET MOBILIER EN LOCATION"
"227200100","MAT ET MOB AFFECTES AU CRED BAIL N LOUES"
"228000100","MAT ET MOB BUR ACQUIS EN REAL GTIE"
"229000100","AUTRES IMMOBILIATIONS CORPORELLES"
"231000100","IMMEUBLES D EXPLOITATION BANCAIRE"
"232000100","IMMEUBLES EN LOCATION SIMPLE"
"233000100","IMM DEST CRD-BAIL, LOC AVC OPT ACH"
"236000100","MAT ET MOB EN LOCATION SIMPLE"
"237000100","MAT MOB DEST CRD-BAIL, LOC OPT ACH"
"239000100","AUTRES IMMOBILISATIONS CORPORELLES"
"241000100","AV ET ACPTE SUR IMMEUBLE"
"242000100","IMMEUBLES EN LOCATION SIMPLE"
"245000100","AVANCES ET ACOMPTES IMMOBILISATIONS"
"251000100","DEPOTS ET CAUTIONNEMENTS VERSÉS"
"251000101","DEPOT ET CAUTIONNEMENT TELEPHONE"
"251000102","DEPOTS ET CAUTIONNEMENT LOYER"
"251000103","DEPOT ET CAUTIONNEMENT ABONN EAU & ELECTRICITE"
"261000100","DOTATION DES SUCCURSALES  L ETR"
"262000100","ACTIONS ET PART D AUTRES ETS DE CREDIT"
"263000100","AUTRES TITRES DE PARTICIPATION ASSOCIES"
"263000101","AUTRES TITRES DE PARTICIPATION NON ASSOCIES"
"264000100","TITRES DE L'ACTIVITE DE PORTEFEUILLE"
"265110100","TITRES D'INVESTISSEMENTS PRIVÉS ADMIS EN GARANTIE DES REFINANCEMENTS DE LA BEAC"
"265120100","AUTRES TITRES D'INVESTISSEMENT PRIVÉS"
"265210100","TITRES D INVESTISSEMENTS PUBLICS ADMIS EN GARANTIE DES REFINANCEMENTS DE LA BEAC"
"265220100","AUTRES TITRES D'INVESTISSEMENT PUBLICS"
"266100100","TITRES IMPAYES"
"266200100","TITRES DOUTEUX"
"267100100","AVANCES EN COMPTES COURANT ETS CREDIT CEMAC"
"267200100","AUTRES AVANCES EN COMPTES COURANTS "
"268000100","CREANCES RATTACHEES TITRES IMMOBILISES"
"271000100","BON D EQUIPEMENT"
"272100100","CREANCES TITRISEES SECURISEES SUR L'ETAT"
"272200100","AUTRES CREANCES TITRISEES SUR L'ETAT"
"273000100","AUTRES PRET ET TITRES A SOUSCR OBLIGATOIRE"
"276000100","PRETS ET TITRES IMPAYES"
"278000100","CREANCES RATTACHEES TITRES ET PRETS A S OBL"
"280110100","AMORT FRAIS RELATIF AU PACTE SOCIAL"
"280120100","AMORT FRAIS EMISSIONS DES EMPRUNTS"
"280130100","AMORT FRAIS AQUISITION IMMOBILISATION"
"280140100","AMORT FRAIS EXCEPTIONNEL A ETALER"
"280210100","AMORT IMMOBILISATION INCORP EN COURS"
"280220100","AMORT FONDS DE COMMERCE"
"280230100","AMORT BREVETS, LOGICIELS, LICENCES"
"280230101","AMORT REEVAL BREVETS, LOGICIELS, LICENCES"
"280240100","AMORT ETUDES ET RECHERCHES IMMOB"
"280250100","AMORT AUTRE IMMOB INCORP"
"282100100","AMORT IMMEUBLES D'EXPLOITATION BANCAIRE"
"282100101","AMORT AGENCEMENTS & INSTALLATIONS IMMEUBLES"
"282100102","AMORT IMMEUBLES RESIDENTIELS"
"282100103","AMORT AGENCEMENTS & INSTALLATIONS IMMEUBLES RESIDENTIELS"
"282200100","AMORT IMMEUBLES EN LOCATION SIMPLE"
"282300113","AMORT TERMINAL DE PAIEMENT ELECTRONIQUE (TPE)"
"282310100","AMORT IMMEUBLES DONNES EN CREDIT BAIL"
"282320100","AMORT IMMEUBLES AFFECTES AU CRED BAIL N LOUES"
"282400100","AMORT IMMEUBLE ACQUIS PAR ADJUDIC"
"282500100","AMORT MOBILIER  DE BUREAU"
"282500101","AMORT MATERIEL DE BUREAU"
"282500102","AMORT REEVAL  MATERIEL & MOBILIER DE BUREAU"
"282500103","AMORT MATERIEL DE TRANSPORT "
"282500104","AMORT REEVAL MATERIEL DE TRANSPORT"
"282500105","AMORT MATERIEL  INFORMATIQUE"
"282500106","AMORT REEVAL MATERIEL  INFORMATIQUE"
"282500107","AMORT MATERIEL TELECOM"
"282500108","AMORT REEVAL MATERIEL TELECOM"
"9812000A4","ENGAGEMENTS RECUS"
"9820000A3","ENGT PAR SIG DOUTEUX SUR LA CLTELE"
"9821000A4","ENGAGEMENTS DONNES"
"9822000A4","ENGAGEMENTS RECUS DOUTEUX"
"9830000A3","ENGT PAR SIGN DOUT SUR ORG PUB"
"9850000A3","PRV TAX REC CREAN EN SFR ENGT SIGN"
"9851000A4","INTERET / CRANCES EN SOUFFRANCE"
"9852000A4","COMM/ ENGAGMT PAR SIGNATURE DOUTEUX"
"9853000A4","TAX A REC CREAN SOUFF ET ENGAG DOUT"
"9854000A4","LOY ECHUS ENGT DOUT CR BAIL OP ASSI"
"9855000A4","INDEMN. DE RESILIATION A RECOUVRER"
"9900000A2","CPTE GL DES ENGTS DNES OR  CORR"
"9900000A3","CPTE GL DES ENGTS DNES OR  CORR"
"9910000A3","CPTE GL DES ENGTS RECUS DES CORRS"
"9920000A3","CPTE GL DES ENGTS DNES  OR CLTELE"
"9930000A3","CPTE GL DES ENGTS RECUS DE LA CLTLE"
"9940000A3","CTE GLE ENGTS CRED BAIL ET OPS ASSI"
"9950000A3","CTE GL VALS AFFEC EN  GTIE OPS  MM"
"9960000A3","CPTE GRLE ENGTS DE ETAT ET ORG PUB"
"9970000A3","PRODUITS ET TAXES NON PERCUES"
"9971000A4","INTERETS RESERVES"
"9972000A4","COMMISSIONS RESERVEES"
"9973000A4","TAX INTS COM ET LOY CRD BAIL OP ASS"
"9980000A3","VALEURS GÉRÉES POUR COMPTE DE TIERS"
"101000100","CAPITAL SOCIAL"
"101000101","CAPITAL SOUSCRIT APPELE VERSE"
"282500109","AMORT MOBILIER DE LOGEMENT"
"282500110","AMORT MATERIEL DE LOGEMENT"
"282500111","AMORT DISTRIBUTEURS AUTOMATIQUES"
"282500112","AMORT MATERIEL DE SECURITE"
"290120100","FRAIS EMISSIONS DES EMPRUNTS"
"290130100","FRAIS AQUISITION IMMOBILISATION"
"290140100","FRAIS EXCEPTIONNEL A ETALER"
"290210100","PROV IMMOBILISATION INCORP EN COURS"
"290220100","PROV FONDS DE COMMERCE"
"290230100","PROV BREVETS, LOGICIELS, LICENCES"
"290240100","PROV ETUDES ET RECHERCHES IMMOBILISABLES"
"290250100","PROV AUTRE IMMOB INCORP"
"291100100","PROV TERRAIN EN EXPLOITATION BANCAIRE"
"291200100","PROV TERRAIN EN LOCATION SIMPLE"
"291310100","PROV TERRAIN EN LOCATION"
"291320100","PROV TERRAINS NON LOUES"
"291400100","PROV TERRAINS ACQUIS PAR ADJUDICATION"
"291400101","PROV TERRAINS ACQUIS PAR DATION"
"291900100","PROV AUTRES TERRAINS"
"292100100","PROV IMMEUBLES EN EXPLOITATION"
"292200100","PROV IMMEUBLES EN LOCATION SIMPLE"
"292310100","PROV IMMEUBLES DONNES EN CREDIT BAIL"
"292320100","PROV IMMEUBLES AFFECTES AU CRED BAIL N LOUES"
"292400100","PROV PROV DEPREC IMMEUBLE"
"292600100","PROV MATERIEL ET MOBILIER EN LOCATION SIMPLE"
"292720100","PROV MAT ET MOB AFFECTES AU CRED BAIL N LOUES"
"292900100","PROV AMORT AUTRES IMMOB CORP"
"293100100","PROV IMMEUBLE D EXPLOITATION"
"293200100","PROV IMMEUBLE EN LOCATION SIMPLE"
"293300100","PROV IMMEUBLE DESTINE AU CREDIT BAIL OU A LA LOCATION AVEC OPTION D ACHAT"
"293500100","PROV MATERIEL ET MOBILIER D EXPLOITATION"
"293600100","PROV MATERIEL ET MOBILIER EN LOCATION SIMPLE"
"293700100","PROV MATERIEL ET MOBILIER DESTINE AU CREDIT BAIL OU A LA LOCATION AVEC OPTION D ACHAT"
"293900100","PROV AUTRES IMMOBILISATIONS CORPORELLES"
"294100100","PROV IMMEUBLE D EXPLOITATION"
"294200100","PROV IMMEUBLE EN LOCATION SIMPLE"
"294300100","PROV IMMEUBLE DESTINE AU CREDIT BAIL OU A LA LOCATION AVEC OPTION D ACHAT"
"294600100","PROV MATERIEL ET MOBILIER EN LOCATION SIMPLE"
"294700100","PROV MATERIEL ET MOBILIER DESTINE AU CREDIT BAIL OU A LA LOCATION AVEC OPTION D ACHAT"
"294900100","PROV AUTRES IMMOBILISATIONS CORPORELLES"
"296100100","PROV DOTATION DES SUCCURSALES  L ETR"
"296200100","PROV ACTION ET PART ETS CREDIT"
"296300100","PROV AUTRES TITRES DE PARTICIPATION"
"296400100","PROV TITRES ACTIVITE DE PORTEFEUILLE"
"296511100","PROV SUR TITRES D INVESTISSEMENTS PRIVES NANTIS BEAC"
"296512100","PROV SUR AUTRES TITRES D INVESTISSEMENTS PRIVES"
"296521100","PROV SUR TITRES D INVESTISSEMENTS PUBLIC NANTIS BEAC"
"296522100","PROV SUR AUTRES TITRES D INVESTISSEMENTS PUBLIC"
"296610100","PROV TITRES IMPAYES"
"296620100","PROV TITRES DOUTEUX"
"296710100","PROV AVANCES CONSTITUANT DES FONDS PROPRES ETS CREDIT CEMAC"
"296720100","PROV AUTRES AVANCES EN COMPTE COURANTS"
"297210100","PROV CREANCES SECURISEES SUR L ETAT"
"297220100","PROV AUTRES CREANCES SUR L ETAT"
"297300100","PROV AUTRES PRET ET TITRES A SOUSCR OBLIGATOIRE"
"297600100","PROV PRETS ET TITRES IMPAYES"
"301100100","CREDITS A L INVESTISSEMENT IMMOBILIER LT SAINS"
"301200100","CREDITS A L HABITAT LT SAINS"
"301300100","CREDITS A L EQUIPEMENT LT SAINS"
"301400100","CREDITS DE CAMPAGNE  LT SAINS"
"301500100","CREDITS A LA CONSOMMATION LT SAINS"
"301600100","CREDITS MORATORIES OU CONSOLIDES SUR L ETAT LT SAINS"
"301710100","CREDITS NON VENTILABLES REECHELONNES LT SAINS"
"301720100","CREDITS NON VENTILABLES RESTRUCTURES LT SAINS"
"301730100","AUTRES CREDITS NON VENTILABLES CONSOLIDES LT SAINS"
"302100100","CREDITS A L INVESTISSEMENT IMMOBILIER LT SENSIBLES"
"302200100","CREDITS A L HABITAT LT SENSIBLES"
"302300100","CREDITS A L EQUIPEMENT LT SENSIBLES"
"302400100","CREDITS DE CAMPAGNE  LT SENSIBLES"
"302500100","CREDITS A LA CONSOMMATION LT SENSIBLES"
"302600100","CREDITS MORATORIES OU CONSOLIDES SUR L ETAT LT SENSIBLES"
"302710100","CREDITS NON VENTILABLES REECHELONNES LT SENSIBLES"
"302720100","CREDITS NON VENTILABLES RESTRUCTURES LT SENSIBLES"
"302730100","AUTRES CREDITS NON VENTILABLES CONSOLIDES LT SENSIBLES"
"308000100","CREANCES RATTACHEES CREDITS LONG TERME SAINS"
"308000101","CREANCES RATTACHEES CREDITS LONG TERME SENSIBLES"
"308000102","CREANCES RATTACHEES CREDITS LONG TERME HABITAT SAINS"
"308000103","CREANCES RATTACHEES CREDITS LONG TERME HABITAT SENSIBLES"
"308000104","CREANCES RATTACHEES CREDITS LONG TERME IMPAYES"
"308000106","CREANCES RATTACHEES CREDITS LONG TERME LOSS"
"308000107","CREANCES RATTACHEES CREDITS LONG TERME HABITAT IMPAYES"
"308000108","CREANCES RATTACHEES CREDITS LONG TERME HABITAT DOUTEUX"
"308000109","CREANCES RATTACHEES CREDITS LONG TERME HABITAT LOSS"
"311100100","CREDITS A L INVESTISSEMENT IMMOBILIER MT SAINS"
"311200100","CREDITS A L HABITAT MT SAINS"
"311300100","CREDITS A L EQUIPEMENT MT SAINS"
"311400100","CREDITS DE CAMPAGNE  MT SAINS"
"311500100","CREDITS A LA CONSOMMATION MT SAINS"
"311600100","CREDITS MORATORIES OU CONSOLIDES SUR L ETAT MT SAINS"
"311710100","CREDITS NON VENTILABLES REECHELONNES MT SAINS"
"311720100","CREDITS NON VENTILABLES RESTRUCTURES MT SAINS"
"311730100","AUTRES CREDITS NON VENTILABLES CONSOLIDES MT SAINS"
"311730101","AUTRES CREDITS CONSOLIDES"
"312100100","CREDITS A L INVESTISSEMENT IMMOBILIER MT SENSIBLES"
"312200100","CREDITS A L HABITAT MT SENSIBLES"
"312300100","CREDITS A L EQUIPEMENT MT SENSIBLES"
"312400100","CREDITS DE CAMPAGNE  MT SENSIBLES"
"312500100","CREDITS A LA CONSOMMATION MT SENSIBLES"
"312600100","CREDITS MORATORIES OU CONSOLIDES SUR L ETAT MT SENSIBLES"
"312710100","CREDITS NON VENTILABLES REECHELONNES MT SENSIBLES"
"312720100","CREDITS NON VENTILABLES RESTRUCTURES MT SENSIBLES"
"312730100","AUTRES CREDITS NON VENTILABLES CONSOLIDES MT SENSIBLES"
"318000100","CREANCES RATTACHEES CREDITS A MOYEN TERME SAINS"
"318000101","CREANCES RATTACHEES CREDITS MOYEN TERME SENSIBLES"
"318000102","CREANCES RATTACHEES CREDITS MOYEN TERME HABITAT SAINS"
"318000103","CREANCES RATTACHEES CREDITS MOYEN TERME HABITAT SENSIBLES"
"318000104","CREANCES RATTACHEES CREDITS MOYEN TERME IMPAYES"
"318000105","CREANCES RATTACHEES CREDITS MOYEN TERME DOUTEUX"
"318000106","CREANCES RATTACHEES CREDITS MOYEN TERME LOSS"
"318000107","CREANCES RATTACHEES CREDITS MOYEN TERME HABITAT IMPAYES"
"318000108","CREANCES RATTACHEES CREDITS MOYEN TERME HABITAT DOUTEUX"
"318000109","CREANCES RATTACHEES CREDITS MOYEN TERME HABITAT LOSS"
"321000100","CHEQUES ESCOMPTES OU A CREDIT IMMEDIAT SAINS"
"321110100","ESCOMPTE COMMERCIAL SAINS"
"321120100","AFFACTURAGE SAINS"
"321130100","ESCOMPTE DOCUMENTAIRE SAINS"
"321200100","CREDITS DE TRESORERIE CT SAINS"
"321300100","CREDITS A L EQUIPEMENT CT SAINS"
"321410100","AVANCES SUR MARCHES PUBLICS NANTIS SAINS"
"321420100","AUTRES CREDITS D ACCOMPAGNEMENT SAINS"
"321510100","CREDITS DE PRODUCTIVITE ET DE PREFINANCEMENT SAINS"
"321520100","CREDIT CAMPAGNE AVANCES EN BLANCS SAINS"
"321530100","CREDIT CAMPAGNE AVANCES SUR STOCKS SAINS"
"321540100","CREDIT CAMPAGNE CREDITS A L EXPORTATION SAINS"
"321550100","CREDITS DE CAMPAGNES CONSOLIDES SAINS"
"321600100","CREDITS A LA CONSOMMATION CT SAINS"
"321710100","CREDITS NON VENTILABLES REECHELONNES CT SAINS"
"321720100","CREDITS NON VENTILABLES RESTRUCTURES CT SAINS"
"321730100","AUTRES CREDITS NON VENTILABLES CONSOLIDES CT SAINS"
"322000100","CHEQUES ESCOMPTES OU A CREDIT IMMEDIAT SENSIBLES"
"322110100","ESCOMPTE COMMERCIAL SENSIBLES"
"322120100","AFFACTURAGE SENSIBLES"
"322130100","ESCOMPTE DOCUMENTAIRE SENSIBLES"
"322200100","CREDITS DE TRESORERIE SENSIBLES"
"322300100","CREDITS A L EQUIPEMENT SENSIBLES"
"322410100","AVANCES SUR MARCHES PUBLICS NANTIS SENSIBLES"
"322420100","AUTRES CREDITS D ACCOMPAGNEMENT SENSIBLES"
"322510100","CREDITS DE PRODUCTIVITE ET DE PREFINANCEMENT SENSIBLES"
"322520100","CREDIT CAMPAGNE AVANCES EN BLANCS SENSIBLES"
"322530100","CREDIT CAMPAGNE AVANCES SUR STOCKS SENSIBLES"
"322540100","CREDIT CAMPAGNE CREDITS A L EXPORTATION SENSIBLES"
"322550100","CREDITS DE CAMPAGNES CONSOLIDES SENSIBLES"
"322600100","CREDITS A LA CONSOMMATION CT SENSIBLES"
"322710100","CREDITS NON VENTILABLES REECHELONNES CT SENSIBLES"
"322720100","CREDITS NON VENTILABLES RESTRUCTURES CT SENSIBLES"
"322730100","AUTRES CREDITS NON VENTILABLES CONSOLIDES CT SENSIBLES"
"328000100","CREANCES RATTACHEES CREDIT COUR TERME SAINS"
"328000101","CREANCES RATTACHEES CREDIT CT SAINS ESCPT CAMP TRESOR"
"328000102","CREANCES RATTACHEES CREDIT COUR TERME SENSIBLE"
"328000103","CREANCES RATTACHEES CREDIT CT SENSIBLE ESCPT CAMP TRESOR"
"328000104","CREANCES RATTACHEES CREDITS COURT TERME IMPAYES"
"328000105","CREANCES RATTACHEES CREDITS COURT TERME DOUTEUX"
"328000106","CREANCES RATTACHEES CREDITS COURT TERME LOSS"
"328000107","CREANCES RATTACHEES CREDIT CT IMPAYES ESCPT CAMP TRESOR"
"328000109","CREANCES RATTACHEES CREDIT CT ESCPT CAMP TRESOR LOSS"
"329000100","CREDIT MORATORIES OU CONSOLIDES SUR L ETAT"
"341000100","CREANCES IMPAYES LT"
"341000101","CREANCES IMPAYES MT"
"341000102","CREANCES IMPAYES CT"
"342100100","CREANCES IMMOBILISEES DIRECTES SUR L ETAT"
"342200100","CREANCES IMMOBILISEES GARANTIES PAR L ETAT"
"342300100","CREANCES IMMOBILISEES AVANCES SUR MARCHES PUBLICS NANTIS"
"342400100","CREANCES IMMOBILISEES AVANCES SUR LES TITRES EMIS PAR L ETAT"
"342500100","CREANCES IMMOBILISEES AUTRES CREANCES IMMOBILISEES"
"344100100","CREANCES DOUTEUSES DEPUIS AU PLUS UN AN COUVERTES PAR DES GARANTIES ELIGIBLES"
"344100101","CREANCES DOUTEUSES DEPUIS AU PLUS UN AN COUVERTES PAR DES GARANTIES ELIGIBLES"
"344200100","CREANCES DOUTEUSES DEPUIS PLUS D UN AN ET AU PLUS DEUX ANS COUVERTES PAR DES GARANTIES ELIGIBLES "
"344200101","CREANCES DOUTEUSES DEPUIS PLUS D'UN AN ET AU PLUS DEUX ANS COUVERTES PAR DES GARANTIES ELIGIBLES "
"344300100","CREANCES DOUTEUSES DEPUIS PLUS DE 2 ANS ET AU PLUS 3 ANS  COUVERTES PAR DES GARANTIES ELIGIBLES"
"344300101","CREANCES DOUTEUSES DEPUIS PLUS DE 2 ANS ET AU PLUS 3 ANS  COUVERTES PAR DES GARANTIES ELIGIBLES"
"344400100","CREANCES DOUTEUSES DEPUIS PLUS DE 3 ANS COUVERTES PAR DES GARANTIES ELIGIBLES"
"344400101","CREANCES DOUTEUSES DEPUIS PLUS DE 3 ANS COUVERTES PAR DES GARANTIES ELIGIBLES"
"345100100","AUTRES CREANCES DOUTEUSES DEPUIS AU PLUS UN AN COUVERTES PAR DES GARANTIES ELIGIBLES"
"345100101","AUTRES CREANCES DOUTEUSES DEPUIS AU PLUS UN AN COUVERTES PAR DES GARANTIES ELIGIBLES"
"345200100","AUTRES CREANCES DOUTEUSES DEPUIS PLUS D UN AN ET AU PLUS DEUX ANS COUVERTES PAR DES GARANTIES ELIGIBLES"
"345200101","AUTRES CREANCES DOUTEUSES DEPUIS PLUS D UN AN ET AU PLUS DEUX ANS COUVERTES PAR DES GARANTIES ELIGIBLES"
"345300100","AUTRES CREANCES DOUTEUSE DEPUIS PLUS DE DEUX ANS"
"345300101","AUTRES CREANCES DOUTEUSE DEPUIS PLUS DE DEUX ANS"
"345800100","CREANCES IRRECOUVRABLES SUR LES GROUPES OU PARTIES LIES "
"345800101","CREANCES IRRECOUVRABLES SUR LES GROUPES OU PARTIES LIES "
"345900100","AUTRES CREANCES IRRECOUVRABLES "
"345900101","AUTRES CREANCES IRRECOUVRABLES "
"346000100","CREAN IMPAYEE CREDIT-BAIL"
"347000100","CREANCES DOUTEUSES SUR LE CREDIT-BAIL"
"347000101","CREANCES DOUTEUSES SUR LE CREDIT-BAIL"
"351000100","BON DE CAISSE PARTICULIERS"
"351000101","BON DE CAISSE NANTIS"
"351000102","COMPTES ET PLANS ÉPARGNE -LOGEMENT"
"351000103","PLANS D'ÉPARGNE -RETRAITE"
"351000104","BON DE CAISSE NANTIS"
"351000105","BON DE CAISSE PARTICULIERS"
"359000100","DETTES RATTACHES BON DE CAISSE"
"361000100","DEPOT A TERME PARTICULIERS"
"361000101","DEPOT A TERME ENTSE PRIVEE"
"361000102","DEPOT A TERME STE D ASSURANCE"
"361000103","DEPOT A TERME NANTIS"
"369000100","DETTES RATTACHES"
"371100100","COMPTES COURANTS SAINS"
"371200100","COMPTES COURANTS SENSIBLES"
"371300100","AUTRES COMPTES COURANTS"
"372100100","COMPTES DE CHEQUES SAINS"
"372100101","COMPTES DE CHEQUES STAFF SAINS"
"372200100","COMPTES DE CHEQUES SENSIBLES"
"372200101","COMPTES DE CHEQUES STAFF SENSIBLES"
"372300100","AUTRES COMPTES DE CHEQUES"
"372300101","AUTRES COMPTES DE CHEQUES STAFF"
"373000100","COMPTES D EPARGNE"
"373000101","COMPTES EPARGNE STAFF"
"373000102","COMPTES D EPARGNE WALLET"
"374000100","DEPOTS DE GARANTIE"
"374000101","DEPOTS DE GARANTIE"
"375000100","AVANCES SUR DEPOTS TERME"
"378000100","CREANCES RATTACHEES SAINS"
"378000101","CREANCES RATTACHEES SENSIBLES"
"379000100","DETTES RATTACHEES "
"381000100","DISPOSITION A PAYER"
"381000101","VIREMENTS INTERBANCAIRES EMIS SYSTAC"
"381000102","VIREMENTS INTERBANCAIRES RECUS"
"381000104","COMPTE D ATTENTE TRANSFERT CREDIT"
"472100163","PRIOR YEAR  OTHERS TAXES"
"472100164","PRIOR YEAR  FIDELITY FRAUD AND OP LOSSES"
"472100165","PRIOR YEAR  MANAGEMENT FEES"
"472100166","PRIOR YEAR  ALLOCATED EXPENSES"
"472100167","PRIOR YEAR  DEPRECIATION"
"472100168","PRIOR YEAR EXPENSES"
"472100169","PRIOR YEAR  OTHER ADMINISTRATIVE"
"472100170","CHARGES A PAYER COMMISSIONS PREFINANCEMENT "
"472200100","PRODUITS PERCUS OU COMPTABILISES D AVANCE"
"472200101","INTERET PERCU D-AVCE CREDIT ISLAMIQUE"
"472200102","LOYERS RECUS D AVANCE"
"472200103","COMMISSIONS PERCUES D AVANCE"
"472200104","AUTRES INTERETS PERCU D AVANCE"
"472200105","AUTRES COMMISSIONS PERCUES D AVANCE"
"472200106","PRODUITS PERCU DAVANCE SUR BON DE TRESOR"
"472200107","SCB COMPTE D ATTENTE STAFF MORTGAGE"
"472200108","AUTRES PRODUITS COMPTABILISES D AVANCE"
"472200109","PRODUITS PERCUS D AVANCE OPS COMMERCE EXTERIEURE"
"475000100","USD COMPTE POSITION DE CHANGE"
"475000101","SAR COMPTE POSITION DE CHANGE"
"475000102","EUR COMPTE POSITION DE CHANGE"
"475000103","XOF COMPTE POSITION DE CHANGE"
"475000104","DKK COMPTE POSITION DE CHANGE"
"475000105","N0K COMPTE POSITION DE CHANGE"
"475000106","GBP COMPTE POSITION DE CHANGE"
"475000107","AED COMPTE POSITION DE CHANGE"
"475000108","AON COMPTE POSITION DE CHANGE"
"475000109","AUD COMPTE POSITION DE CHANGE"
"475000110","BIF COMPTE POSITION DE CHANGE"
"475000111","BND COMPTE POSITION DE CHANGE"
"475000112","BWP COMPTE POSITION DE CHANGE"
"475000113","CDF COMPTE POSITION DE CHANGE"
"475000114","CVE COMPTE POSITION DE CHANGE"
"475000115","DJF COMPTE POSITION DE CHANGE"
"475000116","CHF COMPTE POSITION DE CHANGE"
"475000117","ERN COMPTE POSITION DE CHANGE"
"475000118","GHC COMPTE POSITION DE CHANGE"
"475000119","GMD COMPTE POSITION DE CHANGE"
"475000120","GNF COMPTE POSITION DE CHANGE"
"475000121","INR COMPTE POSITION DE CHANGE"
"475000122","KES COMPTE POSITION DE CHANGE"
"475000123","KMF COMPTE POSITION DE CHANGE"
"475000124","CAD COMPTE POSITION DE CHANGE"
"475000125","LRD COMPTE POSITION DE CHANGE"
"475000126","LSL COMPTE POSITION DE CHANGE"
"475000127","MAD COMPTE POSITION DE CHANGE"
"475000128","MGA COMPTE POSITION DE CHANGE"
"475000129","MRO COMPTE POSITION DE CHANGE"
"475000130","MWK COMPTE POSITION DE CHANGE"
"475000131","MZN COMPTE POSITION DE CHANGE"
"475000132","NAD COMPTE POSITION DE CHANGE"
"475000133","RWF COMPTE POSITION DE CHANGE"
"475000134","SDD COMPTE POSITION DE CHANGE"
"475000135","SEK COMPTE POSITION DE CHANGE"
"475000136","SLL COMPTE POSITION DE CHANGE"
"475000137","SOS COMPTE POSITION DE CHANGE"
"475000138","STD COMPTE POSITION DE CHANGE"
"475000139","SZL COMPTE POSITION DE CHANGE"
"475000140","TZS COMPTE POSITION DE CHANGE"
"475000141","UCA COMPTE POSITION DE CHANGE"
"475000142","JPY COMPTE POSITION DE CHANGE"
"475000143","UGX COMPTE POSITION DE CHANGE"
"475000144","SGD COMPTE POSITION DE CHANGE"
"475000145","YEN COMPTE POSITION DE CHANGE"
"475000146","ZMK COMPTE POSITION DE CHANGE"
"475000147","ZWD COMPTE POSITION DE CHANGE"
"475000148","NGN COMPTE POSITION DE CHANGE"
"475000149","GHS COMPTE POSITION DE CHANGE"
"475000150","ZAR COMPTE POSITION DE CHANGE"
"475000151","TND COMPTE POSITION DE CHANGE"
"475000152","COMPTE POSITION DE CHANGE AUTRES DEV"
"475000153","CNY COMPTE POSITION DE CHANGE"
"475000154","EGP COMPTE POSITION DE CHANGE"
"475000155","ETB COMPTE POSITION DE CHANGE"
"475000156","MYR COMPTE POSITION DE CHANGE"
"475000157","RUB COMPTE POSITION DE CHANGE"
"475000158","TRY COMPTE POSITION DE CHANGE"
"475000159","UAH COMPTE POSITION DE CHANGE"
"476000100","CPTE DE CONT VAL POS CHGE USD"
"476000101","CPTE DE CONT VAL POS CHGE SAR"
"476000102","CPTE DE CONT VAL POS CHGE EURO"
"476000103","CPTE DE CONT VAL POS CHGE XOF"
"476000104","CPTE DE CONT VAL POS CHGE DKK"
"476000105","CPTE DE CONT VAL POS CHGE NOK"
"476000106","CPTE DE CONT VAL POS CHG GBP"
"476000107","CPTE DE CONT VAL POS CHGE AED"
"476000108","CPTE DE CONT VAL POS CHGE AON"
"476000109","CPTE DE CONT VAL POS CHGE AUD"
"476000110","CPTE DE CONT VAL POS CHGE BIF"
"476000111","CPTE DE CONT VAL POS CHGE BND"
"476000112","CPTE DE CONT VAL POS CHGE BWP"
"476000113","CPTE DE CONT VAL POS CHGE CDF"
"476000114","CPTE DE CONT VAL POS CHGE CVE"
"476000115","CPTE DE CONT VAL POS CHGE DJF"
"476000116","CPTE DE CONT VAL POS CHGE CHF"
"476000117","CPTE DE CONT VAL POS CHGE ERN"
"476000118","CPTE DE CONT VAL POS CHGE GHC"
"476000119","CPTE DE CONT VAL POS CHGE GMD"
"476000120","CPTE DE CONT VAL POS CHGE GNF"
"476000121","CPTE DE CONT VAL POS CHGE INR"
"476000122","CPTE DE CONT VAL POS CHGE KES"
"476000123","CPTE DE CONT VAL POS CHGE KMF"
"476000124","CPTE DE CONT VAL POS CHGE CAD"
"476000125","CPTE DE CONT VAL POS CHGE LRD"
"476000126","CPTE DE CONT VAL POS CHGE LSL"
"476000127","CPTE DE CONT VAL POS CHGE MAD"
"476000128","CPTE DE CONT VAL POS CHGE MGA"
"476000129","CPTE DE CONT VAL POS CHGE MRO"
"476000130","CPTE DE CONT VAL POS CHGE MWK"
"476000131","CPTE DE CONT VAL POS CHGE MZN"
"476000132","CPTE DE CONT VAL POS CHGE NAD"
"476000133","CPTE DE CONT VAL POS CHGE RWF"
"476000134","CPTE DE CONT VAL POS CHGE SDD"
"476000135","CPTE DE CONT VAL POS CHGE SEK"
"476000136","CPTE DE CONT VAL POS CHGE SLL"
"476000137","CPTE DE CONT VAL POS CHGE SOS"
"476000138","CPTE DE CONT VAL POS CHGE STD"
"476000139","CPTE DE CONT VAL POS CHGE SZL"
"476000140","CPTE DE CONT VAL POS CHGE TZS"
"476000141","CPTE DE CONT VAL POS CHGE UCA"
"476000142","CPTE DE CONT VAL POS CHGE JPY"
"476000143","CPTE DE CONT VAL POS CHGE UGX"
"476000144","CPTE DE CONT VAL POS CHGE SGD"
"476000145","CPTE DE CONT VAL POS CHGE YEN"
"476000146","CPTE DE CONT VAL POS CHGE ZMK"
"476000147","CPTE DE CONT VAL POS CHGE ZWD"
"476000148","CPTE DE CONT VAL POS CHGE NGN"
"476000149","CPTE DE CONT VAL POS CHGE GHS"
"476000150","CPTE DE CONT VAL POS CHGE ZAR"
"476000151","CPTE DE CONT VAL POS CHGE TND"
"476000152","CPTE DE CONT VAL POS CHGE AUTRES DEV"
"476000153","CPTE DE CONT VAL POS CHGE CNY"
"476000154","CPTE DE CONT VAL POS CHGE EGP"
"476000155","CPTE DE CONT VAL POS CHGE ETB"
"476000156","CPTE DE CONT VAL POS CHGE MYR"
"476000157","CPTE DE CONT VAL POS CHGE RUB"
"476000158","CPTE DE CONT VAL POS CHGE TRY"
"476000159","CPTE DE CONT VAL POS CHGE UAH"
"477000100","COMPTES D AJUSTEMENT DEVISES"
"480000100","AVANCES AUX FOURNISSEURS DE BIENS ET SERVICES EN SOUFFRANCE"
"481000100","VALEUR A L ENCAISSEMENT EN SOUFFRANCE"
"482000100","AVANCES CONSETIES AU PERSONNEL EN SOUFFRANCE"
"485000100","OPS ENTRE SUCCURSALES ET AUTRES AGCES EN SOUFFRANCE"
"486000100","CREANCES SUR DEBIT DIVERS EN SOUFFRANCE"
"486000101","DEBITEURS DIVERS EN SOUFFRANCE CHEQUES PERDUS"
"486000102","AUTRES DEBITEURS DIVERS EN SOUFFRANCE "
"490000100","PROVISIONS PR DEPRECIATION DES AVCES AUX FSEURS DE BIENS ET SERVICES"
"491000100","PROVISIONS PR DEPRECIATION DES CPTES DE RECOUVREMENT"
"492000100","PROVISIONS PR DEPRECIATION DES AVCES CONSENTIES AU PERSONNEL"
"495000100","PROVISIONS PR DEPRECIATION DES CPTES DE SUCCURSALES ET AGENCES"
"496000100","PROV DEPREC COMPTES DEBITEURS DIVERS"
"496000101","PROV DEPREC COMPTES DEBITEURS DIVERS"
"511100100","ACTIONS ET PARTS D ETS DE CRED PLACEMENT"
"511200100","BONS DE TRESOR - PLACEMENT"
"511300100","AUTRES ACTIONS ET PARTS NEGOCIABLES PLACEMENT"
"511410100","OBLIGATIONS DU TRESOR ASSIMILABLES PLACEMENT"
"511420100","AUTRES OBLIGATIONS ET BONS ASSIMILES PLACEMENT"
"511500100","OBLIGS PROPRES RACHETEES ANTICIPATION - PLACEMENT"
"511600100","AUTRES TITRES A COURT TERME - PLACEMENT"
"511700100","TITRES DOUTEUX - PLACEMENT"
"511800100","CREANCES RATTACHEES - PLACEMENT"
"512100100","ACTIONS ET PARTS D ETS DE CRED - TRANSACTION"
"512200100","BONS DE TRESOR - TRANSACTION"
"512300100","AUTRES ACTIONS ET PARTS NEGOCIABLES - TRANSACTION"
"512410100","OBLIGATIONS DU TRESOR ASSIMILABLES TRANSACTIONS"
"512420100","AUTRES OBLIGATIONS ET BONS ASSIMILES TRANSACTIONS"
"512500100","OBLIGS PROPRES RACHETEES ANTICIPATION - TRANSACTION"
"512600100","AUTRES TITRES A COURT TERME - TRANSACTION"
"512800100","CREANCES RATTACHEES - TRANSACTION"
"521100100","OPS INTERBANCAIRES - PRÊT AU JR LE JR - FILIALES"
"521100101","OPS INTERBANCAIRES - PRÊT AU JR LE JR - AUTRES"
"521200100","OPS INTERBANCAIRES PRETS A TERME - FILIALES"
"521200101","OPS INTERBANCAIRES PRETS A TERME - AUTRES"
"521300100","VAL  RECU PENSION OPS INTERB"
"521400100","OPS INTERB EMPRUNTS AU JR LE JR - FILIALES"
"521400101","OPS INTERB EMPRUNTS AU JR LE JR - AUTRES"
"521500100","OPS INTERB EMPRUNTS A TERME - FILIALES"
"521500101","OPS INTERB EMPRUNTS A TERME - AUTRES"
"521600100","VALEURS DONNEES EN PENSION"
"522100100","REFINANCEMENT MM GUICHET A - EMPRUNTS SUR APPEL D OFFRE"
"522200100","REFINANCEMENT MM GUICHET A - EMPRUNT SUR MISE EN PENSION"
"522300100","REFINANCEMENT MM GUICHET A - EMPRUNTS INTERVENTION PONCTUELLES"
"522400100","REFINANCEMENT MM GUICHET A - EMPRUNT EXCEPTIONELS SUR PLACEMENTS"
"522500100","AUTRES EMPRUNTS AU GUICHET A"
"523100100","REFIN DES CRDITS MOYEN TERM IRRÉVOC AU GUICHET B"
"523200100","AUTRES EMPRUNTS AU GUICHET B"
"524100100","DÉPASS DE LA FACULTÉ D AV GUICHET A"
"524200100","SANCTIONS DISCIPLINAIRES"
"524300100","AUTRES AVANCES AU TAUX DE PÉNALITÉ"
"525100100","PLACEMENTS A 7 JOURS"
"525300100","PLACEMENTS A 84 JOURS"
"525400100","AUTRES PLACEMENT"
"526000100","BEAC RESERVES OBLIGATOIRES"
"528000100","CREANCES RATTACHEES MARCHE MONETAIRE - FILIALES"
"528000101","CREANCES RATTACHEES MARCHE MONETAIRE - AUTRES"
"529000100","DETTES RATTACHEES MARCHE MONETAIRE - FILIALES"
"529000101","DETTES RATTACHEES MARCHE MONETAIRE - AUTRES"
"531000100","AUTRES VAL RECUES EN PENSION OU ACHETEES FERMES"
"532000100","AUTRES VAL DONNEES EN PENSION OU VENDUES FERMES"
"538000100","CREANCES RATTACHEES AUTRE VAL DON PENSION OU ACHETE FERME"
"541100100","PRETS A TERME BANQ CENTRALE"
"541200100","PRETS A TERME INST FIN SPECIAL"
"541300100","PRETS A TERME BANQUE ASSOCIEES"
"541400100","PRETS A TERME BANK NON ASSOC."
"541500100","ETS DE MICROFINANCE"
"541600100","PRET A TERME ETS FIN ASSOCIES"
"541700100","PRET A TERME ETS FIN NON ASSOCIES"
"541800100","PRET A TERME CAISSES D EPARGNE POSTALE ET CHEQUES POSTAUX"
"541900100","PRET A TERME AUTRES INST FINANCIERES INTERNATIONALES"
"542100100","CPT A TERME NOSTRI BANQ. CENTRALE"
"542200100","CPT A TERME NOSTRI INST FIN SPECIAL"
"542300100","CPT A TERME NOSTRI BQ ASSOC"
"434000106","TVA COLLECTEE SUR REVENUES ACTIVITES BANCAIRES"
"434000107","IMPOTS ET TAXES SUR SALAIRES FILIALES IRPF"
"434000108","TVAC SUR REVENUES"
"434000109","IMPOTS ET TAXES SUR SALAIRES TAXE COMMUNALE"
"434000110","IMPOTS ET TAXES SUR SALAIRES CREDIT FONCIER"
"434000111","IMPOTS ET TAXES SUR SALAIRES RAV"
"434000112","IMPOTS ET TAXES SUR SALAIRES FNE"
"434000113","IMPOTS ET TAXES COLLECTES IS RETENUE A LA SOURCE 1.1 %"
"434000114","IMPOTS ET TAXES COLLECTES IS RETENUE A LA SOURCE 2.2 %"
"434000115","IMPOTS ET TAXES COLLECTES IS RETENUE A LA SOURCE 5.5 %"
"434000116","IMPOTS ET TAXES COLLECTES IS RETENUE A LA SOURCE 1.65 %"
"434000117","IMPOTS ET TAXES COLLECTES IS RETENUE A LA SOURCE 3%"
"434000118","IMPOTS ET TAXES COLLECTES TPRCM SUR CPTES EPARGNES"
"434000119","TAXE WESTERN UNION D"
"434000120","IMPOTS ET TAXES COLLECTES TPRCM SUR DAT"
"434000121","IMPOTS ET TAXES COLLECTES TPRCM SUR JETONS PRESENCE ET DIVIDENDES"
"434000122","IMPOTS ET TAXES COLLECTES TPRCM SUR INTERETS DES OBLIGATIONS"
"434000123","IMPOTS ET TAXES COLLECTES ACOMPTE IS"
"434000124","IMPOTS ET TAXES COLLECTES PRECOMPTE SUR LOYER"
"434000125","IMPOTS ET TAXES COLLECTES TSR ASSIST TECHNIQUE"
"434000126","IMPOTS ET TAXES COLLECTES TVA ASSIST TECHNIQUE"
"434000127","IMPOTS ET TAXES COLLECTES TVA RETENUE A LA SOURCE"
"434000128","IMPOTS ET TAXES COLLECTES TVA COLLECTEE INTERETS OPS TRESORERIE"
"434000129","IMPOTS ET TAXES COLLECTES TVA COLLECTEE COMMISSIONS OPS TRESORERIE"
"434000131","IMPOTS ET TAXES COLLECTES TVA COLLECTEE CREDITS A LA CLIENTELE"
"434000132","IMPOTS ET TAXES COLLECTES TVA COLLECTEE COMMISSIONS CREDITS A LA CLIENTELE"
"434000133","IMPOTS ET TAXES COLLECTES TVA COLLECTEE AUTRES COMMISSIONS"
"434000134","TVA COLLECTEE SUR OPERATIONS DE PORTE FEUILLE"
"434000135","TVA RETENUE SUR  OPERATIONS WAFACASH"
"434000137","TVA A PAYER"
"434000138","TVA COLLECTEE SUR OPERATIONS WESTERN UNION"
"434000139","IMPOT DUE"
"434000140","IMPOTS ET TAXES COLLECTES IS RETENUE A LA SOURCE 3.3 %"
"434000141","TVA COLLECTEE SUR TRANSACTIONS POS"
"434000142","IMPOTS ET TAXE COLLECTE TAXE SUR TRF DE FOND"
"434000143","TAXE SUR VALEUR AJOUTEE"
"434000144","TVA FACTURER SUR OPERATIONS ATM"
"434000145","TAXE SUR TRANSFERT ACCESS AFRICA"
"434000147","IMPOTS ET TAXE COLLECTE TAXE WESTERN UNION"
"434000150","TAXE DE TRANSFERT  WAFACASH"
"434000151","IMPOTS ET TAXES COLLECTES WESTERN UNION"
"434000152","TAXE DE TRANSFERT WESTERN UNION 1.5%"
"434000153","IMPOTS ET TAXE COLLECTE TAXE WESTERN UNION"
"434000154","TAXE SUR TRANSFERT ATM HORS CEMAC"
"434000155","IMPOTS ET TAXE COLLECTE TAXE WESTERN UNION"
"434000156","IMPOTS ET TAXE COLLECTE TAXE WESTERN UNION"
"434000157","TVA COLLECTEE SUR  COMM SUR CARTE VISA PREPAYER"
"434000158","TAXE SUR PRESTATIONS DE SERVICE"
"434000159","IMPOTS ET TAXE COLLECTE TAXE WESTERN UNION"
"434000160","FRAIS DE TIMBRE"
"434000161","IMPOTS ET TAXE COLLECTE WESTERN UNION"
"434000162","TVA SUR PRESTATIONS ETRANGERES 18%"
"434000163","TAXE SUR PRESTATION DE SERVICE 9.5%"
"434000164","TAXE SUR TRANSACTION RT"
"434000165"," TAXE SUR TRF ZONE FRANC"
"434000166","TAXE SUR PRESTATION DE SERVICE 10%"
"434000167"," TAXE SUR TRF HORS  ZONE FRANC"
"434000168","FRAIS DE CONTROLE DES OPERATIONS DE TRANSFERT"
"434000170","FRAIS DE CONTROLE DES OPERATIONS DE TRSFT WESTERN UNION"
"434000171","TVA COLLECTEE SUR ACTIVITES BANCAIRE"
"434000172","IMPOTS ET TAXE COLLECTE TVA"
"434000174","TVA COLLECTEE SUR WESTERN UNION"
"434000175","TVA COLLECTEE SUR WESTERN UNION 18%"
"434000176","IMPOTS ET TAXES COLLECTES IS RETENUE A LA SOURCE 3.3 %"
"434000177","FRAIS TIMBRE"
"434000178","TVA COLLECTEE SUR AUTRES CRRPDTS"
"434000179","TVA COLL WARI 18%"
"434000180","TVA COLLECTEE SUR NON RESIDENTS"
"434000182","TVA COLLECT SUR OP EN DEVISE"
"434000183","TAXE SUR DIVERS PRODUITS MOBILE CASH"
"434000184","TVA CASH EXPRESS"
"434000185","TVA COLLECTEE POS"
"434000186","TAXE SPECIFIQUE SUR LE TRANSFERT D ARGENT"
"434000187","RETENUE 3% SUR LE LOYER"
"434000188","TVA SUR FRAIS COMMANDE CHEQUIERS"
"434000189","TVA COLLECT SUR OPS ACCESS BANK MOBILE"
"434000190","RETENUE A LA SOURCE 3% SUR HONO ET PRESTATION"
"434000191","RETENUE 15% SUR PRESTATION EXTERIEURE"
"434000192","TVA COLLECTEE POUR COMPTE DE TIERS"
"434000193","TVA RECUPEREE"
"434000194","TAXE SUR COMMISSION DE TRANSFERT BEAC"
"434000195","IMPOTS ET TAXES COLLECTES SUR TRANSP FOND"
"434000196","IMPOTS ET TAXES SUR LE SALAIRE"
"434000197","CENTIMES ADDITIONNEL"
"434000198","COMMIS DE TRANSFERT BEAC"
"434000199","IMPOTS ET TAXE COLLECTEE AUTRES"
"434000200","IMPOT A PAYER IS"
"434000201","IMPOT MINIMUM  FORFAITAIRE"
"434000202","RETENUE A LA SOURCE 5%"
"434000203","IMPOTS ET TAXES COLLECTES SUR DAT"
"434000204","IMPOTS ET TAXES RETENUE A LA SOURCE 10%"
"434000205","IMPOTS SUR LES REVENUS DE VALEURS MOBILIERES IRVM"
"434000206","RETENUE A LA SOURCE 10%"
"434000207","IMPOTS ET TAXES COLLECTES SUR BNC"
"434000208","RETENUE A LA SOURCE 20%"
"434000209","RETENUE A LA SOURCE 11% PERSONNES PHYSIQUES"
"434000210","IMPOTS SUR LES REVENUS DE VAL MOB (IRVM)"
"434000211","IMPOTS ET TAXES COLLECTES SUR LOYER"
"434000212","IRVM PERSONNES PHYSIQUES 20%"
"434000213","IRVM PERSONNES MORALES 15 %"
"434000214","IRVM SOCIETE MERE  10  %"
"434000216","IMPOTS SUR LES REV DES PERS PHYS (IRPP)"
"434000217","IMPOTS ET TAXES COLLECTES TVA"
"434000218","TVA ATM TRANSACTIONS FEE"
"434000219","TAXE SUR LES TRANSFERTS D ARGENT"
"434000220","TAXE FORFAITAIRE"
"434000221","ACQUIRING P&L VAT"
"434000222","IMPOTS ET TAXES COLLECTES"
"434000223","CONTRIBUTIONS SPECIALES SOLIDARITES COLLECTEES 1%"
"434000224","TVA COLLECTEE SUR MOBILE APP"
"434000225","TVA MVISA P2P FEE ACCOUNT"
"434000226","TAXE COMPLETAIRE SUR SALAIRE(TCS)"
"434000227","TVA ACCESS WALLET"
"434000228","FOND NATIONAL DE L HABITAT (FNH)"
"434000229","TVA DIGITAL MECHANT SERVICE FEE"
"434000230","CNSS"
"434000231","CONTRIBUTION A LA FORMATION PROFESSIONNELLE"
"434000232","TSIL COLLECTEE 15%"
"434000233","IMPOTS ET TAXES COLLECTES SUR VENTE DE DEVISE"
"434000234","TAXES - INCOME TAX (LOCAL CURRENCY) IF APPLICABLE"
"435000100","AUTRES SOMMES DUES A L ETAT"
"439000100","DIVERSES REGULARISATIONS FISCALES DR"
"439000101","DIVERSES REGULARISATIONS FISCALES CR"
"441000100","COMPTES-COURANTS ACTIONNAIRES"
"442000100","ACTIONNAIRES, VERSEMENTS ANTICIPES"
"443000100","ACTIONNAIRES, DIVIDENDES"
"444000100","TANTIEMES ET JETONS DE PRESENCE"
"445000100","ACTIONNAIRES CAPITAL A REMBOURSER"
"451600100","LIAISON OPERATIONS DIVERSES SIEGE"
"451600199","LIAISON AUTRES OPS DIVERSES"
"452600001","COMPTE INTER BRANCHES"
"454000100","DIFFÉRÉS ORDINATEUR"
"459600100","COMPTE DE LIAISON DENOUEE"
"461000100","SOCIETE D ASSURANCE ET DE CAPITALISATION"
"461000101","RETRAITE COMPLEMENTAIRE STAFF"
"462000100","ORGANISMES SECURITE SOCIAL ALLOCATIONS FAMILIALES"
"462000101","ORGANISMES SECURITE SOCIAL PENSION VIEILLESSE"
"462000102","ORGANISMES SECURITE SOCIAL ACCIDENT DE TRAVAIL"
"462000103","COTISATIONS SOCIALES PERSONNEL DETACHE"
"462000104","ORGANISMES SECURITE SOCIAL"
"462000105","AUTRES COTISATIONS"
"463000101","EXCEDANT DE CAISSE"
"463000102","MANQUANT GAB"
"463000103","EXCEDENT GAB"
"463000104","ERREURS VOLS ET DETOURNEMENTS"
"463000105","EXCEDANT DE CAISSE TRANSPORTEUR DE FONDS"
"463000106","MANQUANT DE CAISSE TRANSPORTEUR DE FONDS"
"464000100","OBLIGATAIRES"
"465000100","VERSEMENTS RESTANT A EFFECTUER SUR TITRES EN PORTEFEUILLE"
"466000100","ATTENTE A REGULARISER ACHAT DEVISES"
"466000101","ATTENTE LEGAL OPS CONTENTIEUSES"
"466000102","ATTENTE REFACTURATION"
"466000103","AVANCE A REGULARISER"
"466000104","AVANCE FRAIS DE MISSION"
"466000105","COMPTE ATTENTE AUDIT"
"466000106","COMPTE ATTENTE DEBITEUR DIVERS RH"
"466000107","COMPTE ATTENTE FINCON DEBITEUR"
"466000108","COMPTE DATTENTE DEBIT EBS"
"466000109","CPTE D ATTENTE CAD"
"466000110","FRAIS MEDICAUX EN ATTENTE DE COUVERTURE"
"466000111","DEBITEURS DIVERS AUTRES FILIALES"
"466000112","DEBITEURS DIVERS ACCESS BANK CAMEROUN "
"466000113","DEBITEURS DIVERS ACCESS BANK CAPE VERDE "
"466000114","DEBITEURS DIVERS ACCESS BANK CENTRALAFRIQUE "
"466000115","DEBITEURS DIVERS ACCESS BANK CONGO BRAZZAVILLE "
"466000116","DEBITEURS DIVERS ACCESS BANK COTE D IVOIRE "
"466000117","DEBITEURS DIVERS ACCESS BANK DRC CONGO "
"466000118","DEBITEURS DIVERS ACCESS BANK Group IT"
"466000119","DEBITEURS DIVERS ACCESS BANK GABON "
"466000120","DEBITEURS DIVERS ACCESS BANK GAMBIA "
"466000121","DEBITEURS DIVERS ACCESS BANK GHANA "
"466000122","DEBITEURS DIVERS ACCESS BANK GUINEA BISSAU "
"466000123","DEBITEURS DIVERS ACCESS BANK GUINEE CONAKRY "
"466000124","DEBITEURS DIVERS ACCESS BANK GUINNEE EQUATORIAL "
"466000125","DEBITEURS DIVERS ACCESS BANK KENYA "
"466000126","DEBITEURS DIVERS ACCESS BANK LIBERIA "
"466000127","DEBITEURS DIVERS ACCESS BANK MALAWI "
"466000128","DEBITEURS DIVERS ACCESS BANK MALI "
"466000129","DEBITEURS DIVERS ACCESS BANK MOZAMBIQUE "
"466000130","DEBITEURS DIVERS ACCESS BANK NIGER "
"466000131","DEBITEURS DIVERS ACCESS BANK NIGERIA "
"466000132","DEBITEURS DIVERS ACCESS BANK UK"
"466000133","DEBITEURS DIVERS ACCESS BANK RWANDA "
"466000134","DEBITEURS DIVERS ACCESS BANK SAO TOME "
"466000135","DEBITEURS DIVERS ACCESS BANK SENEGAL "
"466000136","DEBITEURS DIVERS ACCESS BANK SIERRA LEONE "
"466000137","DEBITEURS DIVERS ACCESS BANK SOUDAN DU SUD "
"466000138","DEBITEURS DIVERS ACCESS BANK TANZANIA "
"466000139","DEBITEURS DIVERS ACCESS BANK TCHAD "
"466000140","DEBITEURS DIVERS ACCESS BANK TOGO "
"466000141","DEBITEURS DIVERS ACCESS BANK GROUP"
"466000142","DEBITEURS DIVERS ACCESS BANK UGANDA "
"466000143","DEBITEURS DIVERS ACCESS BANK ZAMBIA "
"466000144","DEBITEURS DIVERS ACCESS BANK ZIMBABWE "
"466000145","DEBITEURS DIVERS BEAC"
"466000146","DEBITEURS DIVERS ACCESS BANK  BURKINA FASO "
"466000147","DEBITEURS DIVERS ACCESS BANK  BURUNDI "
"466000152","DEBITEURS DIVERS ACCESS BANK ANGOLA "
"466000154","DEBITEURS DIVERS STANDARD CHARTERED BANK CAMEROON"
"466000155","DEBITEURS DIVERS AUTRES "
"466000157","MONEYGRAM WAFACASH  RECEIVABLE ACCOUNT"
"466000158","RIA WAFACASH RECEIVABLE  ACCOUNT"
"466000159","SMALL WORLD WAFACASH  RECEIVABLE ACCOUNT"
"466000160","WORLDREMIT WAFACASH  RECEIVABLE ACCOUNT"
"466000161","WAFACASH SETTLEMENT  ACCOUNT DR"
"466000162","POS INTER AFILIATE  OFF-US S/A"
"466000163","POS MASTER CARD  OFF-US S/A"
"466000164","POS MASTER CARD CHARGEBACK S/A"
"466000166","POS VISA  OFF-US S/A"
"466000167","POS VISA CHARGEBACK S/A"
"466000168","ACQUIRER SUSPENS ACCOUNT"
"466000169","ATM CONTROL ACCOUNT"
"466000170","MASTERPASS ACQUIRER SUSPENSE ACCOUNT"
"466000172","DEBITEUR DIVERS DU PAR WESTERN UNION"
"466000173","COMPTE DATTENTE SCB SYND LOANS"
"466000174","MVISA ACQUIRER SUSPENSE ACCOUNT"
"466000175","INTERCHANGES CHARGES"
"466000176","INTERCHANGE ACCOUNT EXPENSES USD"
"466000177","ATM OFF-US SETTLEMENT AC-VISA"
"466000178","ATM OFF-US SETTLEMENT AC-MASTER CARD"
"466000179","ATM OFF-US SETTLEMENT AC-CHINA UNION PAY"
"466000180","ATM OFF-US SETTLEMENT AC-REGIONAL CARDS"
"466000181","ATM OFF-US SETTLEMENT AC-GTP"
"466000182","GIMAC ATM OFF-US RECEIVABLE AC-CMS CARDS"
"466000183","ATM OFF-US GIMAC SETTLEMENT AC- 3RD PARTY CARDS"
"466000184","POS OFF-US SETTLEMENT AC-VISA"
"466000185","POS OFF-US SETTLEMENT AC-MASTER CARD"
"466000186","POS OFF-US SETTLEMENT AC- VISA MERCHERDISE RETURN"
"466000187","POS OFF-US SETTLEMENT AC-REGIONAL CARDS"
"466000188","POS OFF-US SETTLEMENT AC-GTP"
"466000189","POS OFF-US SETTLEMENT AC-CMS CARDS"
"466000190","POS OFF-US SETTLEMENT AC- 3RD PARTY CARDS"
"466000191","AUTRES DEBITEURS DIVERS"
"466000192","COMPTE PREPAYEE AGENCE"
"466000193","WU PAYOUT TRANSACTIONS"
"466000194","DUE FROM WU - BRANCHES"
"466000195","DUE FROM WU SUB - AGENT"
"466000196","COMPTE PREPAYEE AGENCE  CARD VIRTUEL"
"466000197","DEBIT WU SHARE COST"
"466000198","DR WU SETLLEMENT ACCOUNT"
"466000199","FCY CASH IMPORT AND EXPORT TRANSACTIONS"
"467000100","COMMISSION SUR NOUVELLE CONDITION RT"
"467000102","COMPTE ATTENTE CIONS ACTIVITE MFS MOBILE MONEY"
"467000103","CPTE ATTENTE FINCON CREDITEUR"
"467000104","COMPTE ATTENTE AUDIT"
"467000105","COMPTE ATTENTE CREDITEURS DIVERS RH"
"467000106","COMPTE DATTENTE CREDIT EBS"
"467000107","CPTE D ATTENTE CAD"
"467000111","CREDITEURS DIVERS AUTRES FILIALES"
"467000112","CREDITEURS DIVERS ACCESS BANK CAMEROUN "
"467000113","CREDITEURS DIVERS COUT D ACHAT  DES MATIERES  RECEPTIONEES"
"467000114","CREDITEURS DIVERS FACTURE NON PARVENUE"
"467000115","CREDITEURS DIVERS ACCESS BANK CONGO BRAZZAVILLE "
"467000116","CREDITEURS DIVERS ACCESS BANK COTE D IVOIRE "
"467000117","CREDITEURS DIVERS ACCESS BANK DRC CONGO "
"467000118","CREDITEURS DIVERS ACCESS BANK Group IT"
"467000119","CREDITEURS DIVERS ACCESS BANK GABON "
"467000120","CREDITEURS DIVERS ACCESS BANK GAMBIA "
"467000121","CREDITEURS DIVERS ACCESS BANK GHANA "
"467000122","CREDITEURS DIVERS ACCESS BANK GUINEA BISSAU "
"467000123","CREDITEURS DIVERS ACCESS BANK GUINEE CONAKRY "
"467000124","CREDITEURS DIVERS ACCESS BANK GUINNEE EQUATORIAL "
"467000125","CREDITEURS DIVERS ACCESS BANK KENYA "
"467000126","CREDITEURS DIVERS ACCESS BANK LIBERIA "
"467000127","CREDITEURS DIVERS ACCESS BANK MALAWI "
"467000128","CREDITEURS DIVERS ACCESS BANK MALI "
"467000129","CREDITEURS DIVERS ACCESS BANK MOZAMBIQUE "
"467000130","CREDITEURS DIVERS ACCESS BANK NIGER "
"467000131","CREDITEURS DIVERS ACCESS BANK NIGERIA "
"467000132","CREDITEURS DIVERS ACCESS BANK UK"
"467000133","CREDITEURS DIVERS ACCESS BANK RWANDA "
"467000134","CREDITEURS DIVERS ACCESS BANK SAO TOME "
"467000135","CREDITEURS DIVERS ACCESS BANK SENEGAL "
"467000136","CREDITEURS DIVERS ACCESS BANK SIERRA LEONE "
"467000137","CREDITEURS DIVERS ACCESS BANK SOUDAN DU SUD "
"467000138","CREDITEURS DIVERS ACCESS BANK TANZANIA "
"467000139","CREDITEURS DIVERS ACCESS BANK TCHAD "
"467000140","CREDITEURS DIVERS ACCESS BANK TOGO "
"467000141","CREDITEURS DIVERS ACCESS BANK GROUP"
"467000142","CREDITEURS DIVERS ACCESS BANK UGANDA "
"467000143","CREDITEURS DIVERS ACCESS BANK ZAMBIA "
"467000144","CREDITEURS DIVERS ACCESS BANK ZIMBABWE "
"467000145","CREDITEURS DIVERS BEAC"
"467000146","CREDITEURS DIVERS ACCESS BANK  BURKINA FASO "
"467000147","CREDITEURS DIVERS ACCESS BANK  BURUNDI "
"467000152","CREDITEURS DIVERS ACCESS BANK ANGOLA "
"467000153","CREDITEURS DIVERS ACCESS BANK ARIQUE DU SUD "
"467000154","CREDITEURS DIVERS ACCESS BANK ASSET MANAGEMENT "
"467000155","COMMISSION A PAYER SUR LC IMPORT"
"467000156","COMPTE ATTENTE CAISSE CREDIT"
"467000157","SHARE COST DU A WESTERN UNION"
"467000158","ISSUER SUSPENS ACCOUNT"
"467000159","MOBILE APP CASH OUT"
"467000160","QUICK CASH POOL ACCOUNT"
"467000162","ATTENTE FRAIS ATM HORS ZONE"
"467000163","POS MERCHANT DAILY SETTLEMENT S/A"
"467000164","POS MERCHANT COLLECTION S/A"
"467000165","AUTRES CREDITEURS DIVERS"
"467000166","DEBIT CARD LOCAL SWITCH ISSUER SETTLEMENTACCOUNT"
"467000167","DEBIT CARD VISA INTERNATIONAL ISSUER SUSPENSE ACCOUNT"
"467000168","INTER AFFILIATES ISSUER SETTLEMENT ACCOUNT"
"467000169","INTERCHANGE INCOME"
"467000170","ACQUIRING S/A PAYMENT TO THIRD PARTY"
"467000171","ACQUIRING S/A MERCHANT REFUND"
"467000172","VISA PREPAID REMOTE ON US"
"467000173","PRIME MERCHANT SETTLEMENT S/A"
"467000174","POS  MERCHANT  HELD FUNDS S/A"
"467000175","POS  UNALLOCATED MERCHANT S/A"
"467000176","MVISA P2P TRANSFER SUSPENSE ACCOUNT"
"467000177","POS MERCHANT HELD FUNDS S/A"
"467000178","CREDITEUR DIVERS COMPTE D ATTENTE"
"467000179","COMMISSION A REPARTIR WESTERN UNION"
"467000180","AUTRES COMMISSIONS"
"467000181","VISA ISSUER OWED TO"
"467000182","MASTERPASS ISSUER SUSPENSE ACCOUNT"
"467000183","ENCAISSEMENT DE PRIME D ASSURANCE"
"467000184","POS REMOTE ON US"
"467000185","COMPTE DE SUSPENS EMETTEUR POS"
"467000186","CALYPSO BRIDGE ACCOUNT"
"467000187","ATTENTE OPERATION TRESO CALYPSO"
"467000188","CALYPSO BRIDGE ACCOUNT MONEY MARKET"
"467000189","REMOTE ON US -VISA CARD"
"467000190","REMOTE ON US -MASTER CARD"
"467000191","REMOTE ON US -REGIONAL CARDS"
"467000192","REMOTE ON US -GTP"
"467000193","REMOTE ON US -CMS CARDS"
"467000194","REMOTE ON US -CHINA UNION PAY"
"467000195","REMOTE ON US -3RD PARTY CARDS"
"467000197","WU SEND TRANSACTIONS"
"467000198","WU COMMISSION ON SEND TRANSACTIONS"
"467000199","CREDIT WU SUSPENSE TO BE LIQUIDATE"
"467000200","CREDIT WU SHARE COST"
"467000201","WU SETTLEMENT ACCOUNT"
"467000202","DUE TO  WU SUB AGENTS"
"467000203","DUE TO WU - BRANCHES"
"467000241","MASTER PASS ISSUER SUSPENSE ACCOUNT"
"467000242","MVISA ISSUER SUSPENSE ACCOUNT"
"467000243","CALYPSO MIRROR TRADE BRIDGE ACCOUNT"
"471100100","PREPAID LOYER"
"471100101","PREPAID IMPOTS ET TAXES"
"471100102","PREPAID ASSURANCE"
"471100103","PREPAID PUBLICITE"
"471100104","PREPAID COTISATIONS PROFESSIONNELLES"
"471100105","PREPAID Group IT"
"471100106","AUTRES CHARGES PAYEES D AVANCE"
"471100107","PREPAID MANAGEMENT FEES"
"471100108","PREPAID INDEMNITE ADMINISTRATEUR"
"471100109","PREPAID VSAT REGULATEUR TELECOM"
"471100110","PREPAID ALLOCATIONS STAFF"
"471100111","INTERETS PRECOMPTE SUR EMPRUNT"
"471100112","HONORAIRES  PAYEES D AVANCE"
"471100113","PREPAID TAXE SUR PRESTATION EXTERIEURE"
"471100114","PREPAID FRAIS CONSEILS ET ASSEMBL"
"471100115","PREPAID SCHOOL FEES EXPATRIES"
"471100116","STOCK FOURNITURE DE BUREAU"
"471100117","STOCK IMPRIME DE BANQUE"
"471100118","PREPAID MAINTENANCE"
"471100119","PREPAID SECURITY MAINTENANCE"
"471100120","STOCK FOURNITURE ET CONSOMMABLE INFORMATIQUE"
"471100121","STOCK FOURNITURE ET CONSOMMABLE AUTRES"
"471100122","STOCK CHEQUES ET IMPRIMES DE VALEUR"
"471100123","STOCK ETREINTES ET OBJETS PUBLICITAIRES"
"471100124","INTERETS PRECOMPTE SUR BON DE CAISSE"
"471100125","CHARGES PAYEES OU COMPTABILISEES D AVANCE"
"471100126","AUTRES PRODUITS A RECEVOIR"
"472100100","CHARGES A PAYER ASSISTANCE TECHNIQUE"
"472100101","CHARGES A PAYER ETRENNES OBJET ET PUBLICITE"
"472100102","CHARGES A PAYER LOYER"
"472100103","CHARGES A PAYER HONORAIRES AUDIT"
"472100104","CHARGES A PAYER AFFRANCHISSEMENT"
"472100105","CHARGES A PAYER ENTRETIEN ET REPARATIONS"
"472100106","CHARGES A PAYER ASSURANCES BANQUE"
"472100107","CHARGES A PAYER ENTRETIEN REPARATIONS VEHICULES"
"472100108","CHARGES A PAYER REPARATION AUT EQUIPEMENTS"
"472100109","CHARGES A PAYER JETONS DE PRESENCE"
"472100110","CHARGES A PAYER REDEVANCE ASSIST TECHNIQUE"
"472100111","CHARGES A PAYER Group IT"
"472100112","CHARGES A PAYER FRAIS DE FORMATION"
"472100113","CHARGES A PAYER FOURNITURES DE BUREAU"
"472100114","CHARGES A PAYER BILLETS ADMINISTRATEURS"
"472100115","CHARGES A PAYER COTISATIONS CLUB"
"472100116","CHARGES A PAYER LOYERS EXPATRIES"
"472100117","CHARGES A PAYER MAIN OEUVRE EXTERIEURE"
"472100118","CHARGES A PAYER MANAGEMENT FEES"
"472100119","CHARGES A PAYER BONUS"
"472100120","CHARGES A PAYER 13EME MOIS"
"472100121","CHARGES A PAYER SECURITY COST"
"472100122","CHARGES A PAYER EAU ET ELECT BANQUE"
"472100123","CHARGES A PAYER TELEPHONE"
"472100124","CHARGES A PAYER HONORAIRES AVOCATS ET CONSEILS FISCAUX"
"472100125","CHARGES A PAYER IRPP BENEFICE NON COMMERCIAUX"
"472100126","CHARGES A PAYER AUTRES CHARGES LOCATIVES"
"472100127","CHARGES A PAYER IMPOTS  ET TAXES"
"472100128","CHARGES A PAYER CONGE"
"472100129","CHARGES A PAYER DONS ET LIBERALITES"
"472100130","CHARGES A PAYER VOYAGE"
"472100131","CHARGES A PAYER FOGADAC"
"472100132","DIVERSES CHARGES A PAYER EXERCICE ANTERIEUR"
"472100133","CHARGES A PAYER SALAIRES EXPATRIES"
"472100134","CHARGES A PAYER SUR TRANSPORT DE FONDS ET TRI"
"472100135","CHARGES A PAYER CARBURANT"
"472100136","AUTRES CHARGES A PAYER"
"472100137","PRIOR YEAR STAFF EXPENSES"
"472100138","PRIOR YEAR RENT"
"472100139","PRIOR YEAR  LIGHT HEAT WATER"
"472100140","PRIOR YEAR  BUILDING COST OTHER"
"472100141","PRIOR YEAR  TRAVEL"
"472100142","PRIOR YEAR  TELEPHONE"
"472100143","PRIOR YEAR  SWIFT INTERNET"
"472100144","PRIOR YEAR  POSTAGE"
"472100145","PRIOR YEAR  REPAIRS AND MAINTENANCE IT"
"472100146","PRIOR YEAR  AMORTIZATION OF SOFTWARE"
"472100147","PRIOR YEAR  HARDWARE DEPRECIATION"
"472100148","PRIOR YEAR  DONATION"
"472100149","PRIOR YEAR  BUSINESS PROMOTION"
"472100150","PRIOR YEAR  ADVERTIZING"
"472100151","PRIOR YEAR  EMPLOYES ACTIVITIES"
"472100152","PRIOR YEAR  REPORT AND LIBRARY"
"472100153","PRIOR YEAR  TRAINING"
"472100154","PRIOR YEAR  EXTERNAL STAFF EXPENSES"
"472100155","PRIOR YEAR  PROFESSIONAL MENBERSHIP FEES"
"472100156","PRIOR YEAR  COMPLIANCE"
"472100157","PRIOR YEAR  GOVERNANCE"
"472100158","PRIOR YEAR  CASH TRANSPORTATION"
"472100159","PRIOR YEAR  FUEL"
"472100160","PRIOR YEAR  STATIONERY AN D SUPPLIES"
"472100161","PRIOR YEAR  REPAIRS AND MAINTENANCE OTHER"
"472100162","PRIOR YEAR  INSURANCE OTHERS"
"654000100","REMUN. DIRECTE DU PERSONNEL TEMPORAIRE - STAGIAIRES"
"654000101","REMUN. DIRECTE DU PERSONNEL TEMPORAIRE - AUTRES"
"655000100","COTISATIONS SECURITE SOCIALE. (PART PATRONALE)"
"655000101"," ALLOCATION ET RETRAITE COMPLEMENTAIRE  (PART PATRONALE)"
"656000100","INDENMITES SOCIALES"
"656000101","INDENMITES LICENCIEMENT ET BONNE SEPARATION"
"656000102","CADEAUX AU PERSONNEL"
"656000103","INDEMNITE SOCIALE  CADRE SUPERIEUR"
"656000104","INDEMNITE SOCIALE AGENT DE MAITRISE"
"656000105","INDEMNITE SOCIALE EMPLOYE"
"656100100","PRIME MEDAILLE"
"657000100","AVANTAGES EN NATURE"
"658000100","FRAIS DE SCOLARITES CADRE LOCAUX"
"658000101","INDEMNITE DE FONCTION  CADRE SUPERIEUR"
"658000102","INDEMNITE DE FONCTION AGENT DE MAITRISE"
"658000103","INDEMNITE DE FONCTION EMPLOYE"
"658000104","FRAIS DE SCOLARITES MANAGEMENT"
"659000100","DROIT AUX CONGES  CADRE SUPERIEUR"
"659000101","DROIT AUX CONGES AGENT DE MAITRISE"
"659000102","DROIT AUX CONGES EMPLOYE"
"660000100","PATENTE"
"660000101","TAXE SUR LES VEHICULES"
"660000102","TAXE SUR LES VEHICULES MANAGEMENT"
"660000103","TIMBRE FISCAUX"
"660000104","TAXE COMMUNALE"
"660000105","TAXE SUR LA PUBLICITE"
"660000106","TAXE ET DROIT DE TIMBRE SUR LES DEVISES"
"660100100","DROIT D ENREGISTREMENT"
"660100101","TAXE MUNICIPALE SUR LA PUBLICITE"
"660100102","IMPOTS ET TAXES NON DEDUCTIBLES"
"661000100","CHARGES PATRONALES FISCALES"
"661000101","TAXE D APPRENTISSAGE"
"661000102","TAXE FORFAITAIRE"
"662000100","DROITS ET TAXES DOUANIERES"
"663000100","PRELEVEMENTS SUR LA PRODUCTION"
"664000100","PRELVMNTS SUR LA DISTRIBUTION"
"665000100","PRELEVEMENTS CEDULAIRE/ REVENU"
"666000100","PRELEVEMENT GENERAUX SUR LES REVENUS"
"667000100","PRELVMNTS FORFET SUR LES REVENUS"
"667000101","TSR NON DEDUCTIBLE"
"668000100","PRELÈVEMENTS SUR LE PATRIMOINE"
"668000101","TAXE FONCIERE"
"669000100","PRÉLÈVEMENTS EN CAPITAL"
"671000100","CHARGES SUR OPERATION DE TRESORERIE"
"671100100","CHARGE SUR OPERATIONS AVEC LA CLIENTELE"
"671100101","CHARGE SUR OPERATIONS DE CREDIT BAIL"
"671200100","CHARGES SUR OPERATION BANC DIVERSES"
"671300100","CHARGES SUR SUR RESSOURCES PERMANENTES"
"672100100","CHG EXPL EXO ANTERIEUR-FOURNITURES CONSOMMEES"
"672200100","CHG EXPL EXO ANTERIEUR-TRANSPORTS ET DEPLACEMENT"
"672300100","CHG EXPL EXO ANTERIEUR-AUTRES SERVICES CONSOMMES"
"672400100","CHG EXPL EXO ANTERIEUR-CHARGES  DIVERSES"
"672500100","CHG EXPL EXO ANTERIEUR-ASSISTANCE TECHN. ET FRAIS D INSPEC"
"673100100"," AUTRES CHARGES PERSONNELLES EX ANT - FRAIS DE PERSONNEL"
"673200100"," AUTRES CHARGES PERSONNELLES EX ANT-IMPOT ET TAXES"
"676100100","MV CESS TITRE PLCT ET PARTICIP"
"679100100","PERTES EXCEPTIONNELLES- SUR OPS DE TRESORERIE"
"679200100","PERTES EXCEPTIONNELLES- SUR OPS AVEC LA CLIENTELE"
"679200101","PERTES EXCEPTIONNELLES- FRAUDE EXTERNE vol et fraude"
"679200102","PERTE SUR OPS CLIENTELE ABANDOND DE CREANCES"
"679200103","PERTE SUR OPS CLIENTELE"
"679200104","PERTES EXCEPTIONNELLES FRAUDE EXTERNE SECURITE DES SYSTEMES"
"679300100","PERTES EXCEPTIONNELLES- POUR OPS BANCAIRES DIVERSES"
"679300101","PRATIQUES D_EMPLOI ET SECURITE AU TRAVAIL Relation avec les employés"
"679300102","PERTES OPERATIONNELLES CLIENTS divulgation et fiduciaire"
"679300103","DOMMAGES AUX ACTIFS PHYSIQUES"
"679300104","PERTURBATIONS DE L_ACTIVITE ET DEFAILLANCE DU SYSTÈME"
"679300105","EXECUTION, LIVRAISON ET GESTION DES PROCESSUS"
"679300106","PERTES CLIENTS, PRODUITS ET PRATIQUES COMMERCIALES"
"679300107","PRATIQUES D_EMPLOI ET SECURITE AU TRAVAIL Environnement sécurisé"
"679300108","PRATIQUES D_EMPLOI ET SECURITE AU TRAVAIL Diversité et discrimination"
"679300109","PERTES OPERATIONNELLES  Adéquation,  Pratiques commerciales ou de marché inappropriées"
"679300110","PERTES OPERATIONNELLES  Défauts du produit"
"679300111","PERTES OPERATIONNELLES  Sélection, Sponsoring et exposition"
"679300112","PERTES OPERATIONNELLES  Activités de conseil"
"679300113","PERTES OPERATIONNELLES  Capture, exécution et maintenance des transactions"
"679300114","PERTES OPERATIONNELLES  Surveillance et rapports"
"679300115","PERTES OPERATIONNELLES  Acceuil client et documentation"
"679300116","PERTES OPERATIONNELLES  Gestion des comptes clients"
"679300117","PERTES OPERATIONNELLES  Contrepartie commerciale"
"679300118","PERTES OPERATIONNELLES  Vendeurs et fournisseurs"
"679400100","PERTES EXCEPTIONNELLES LIEES AU PERSONNEL"
"679400101","PERTES EXCEPTIONNELLES FRAUDES INTERNES Vol et Fraudes"
"679400102","PERTES EXCEPTIONNELLES FRAUDES INTERNES ACTIVITES NON AUTORISEES"
"679500100","AMENDES ET PENALITES FISCALES"
"679500101","AMENDES ET PENALITES REGLEMENTAIRES"
"679500102","AUTRES AMENDES ET PENALITES DIVERSES"
"679600100","DEFICITE DE CAISSE NON RECUPERES"
"679700100","MANQUANT SUR STOCK"
"679800100","MISE AU REBUT D IMMOBILISATIONS"
"679900100","AUTRES PERTES EXCEPTIONELLES"
"680120100","DOTATION AUX AMORT FRAIS EMISSIONS DES EMPRUNTS"
"680130100","DOTATION AUX AMORT FRAIS AQUISITION IMMOBILISATION"
"680140100","DOTATION AUX AMORT FRAIS EXCEPTIONNEL A ETALER"
"680210100","DOTATION AUX AMORT IMMOBILISATION INCORP EN COURS"
"680220100","DOTATION AUX AMORT FONDS DE COMMERCE"
"680230100","DOTATION AUX AMORT BREVETS, LOGICIELS, LICENCES"
"680230101","DOTATION AUX AMORT REEVAL BREVETS, LOGICIELS, LICENCES"
"680240100","DOTATION AUX AMORT ETUDES ET RECHERCHES IMMOB"
"680250100","DOTATION AUX AMORT AUTRE IMMOB INCORP"
"682100100","DOTATION AUX AMORT IMMEUBLES D'EXPLOITATION BANCAIRE"
"682100101","DOTATION AUX AMORT AGENCEMENTS & INSTALLATIONS IMMEUBLES"
"682100102","DOTATION AUX AMORT IMMEUBLES RESIDENTIELS"
"682100103","DOTATION AUX AMORT AGENCEMENTS & INSTALLATIONS IMMEUBLES RESIDENTIELS"
"682100104","DOTATION AUX AMORT REEVAL IMMEUBLES & AGENCEMENTS "
"682200100","DOTATION AUX AMORT IMMEUBLES EN LOCATION SIMPLE"
"682310100","DOTATION AUX AMORT IMMEUBLES DONNES EN CREDIT BAIL"
"682320100","DOTATION AUX AMORT IMMEUBLES AFFECTES AU CRED BAIL N LOUES"
"682400100","DOTATION AUX AMORT IMMEUBLE ACQUIS PAR ADJUDIC"
"682500100","DOTATION AUX AMORT MOBILIER  DE BUREAU"
"682500101","DOTATION AUX AMORT MATERIEL DE BUREAU"
"682500102","DOTATION AUX AMORT REEVAL  MATERIEL & MOBILIER DE BUREAU"
"682500103","DOTATION AUX AMORT MATERIEL DE TRANSPORT "
"682500104","DOTATION AUX AMORT REEVAL MATERIEL DE TRANSPORT"
"682500105","DOTATION AUX AMORT MATERIEL  INFORMATIQUE"
"682500106","DOTATION AUX AMORT REEVAL MATERIEL  INFORMATIQUE"
"682500107","DOTATION AUX AMORT MATERIEL TELECOM"
"682500108","DOTATION AUX AMORT REEVAL MATERIEL TELECOM"
"682500109","DOTATION AUX AMORT MOBILIER DE LOGEMENT"
"682500110","DOTATION AUX AMORT MATERIEL DE LOGEMENT"
"682500111","DOTATION AUX AMORT DISTRIBUTEURS AUTOMATIQUES"
"682500112","DOTATION AUX AMORT MATERIEL DE SECURITE"
"691100100","PROVISION POUR RISQUES ET CHARGES"
"691100101","PROV GLE SUR CREDITS SAINS"
"691200100","PROVISIONS PR DEPRECIATION VALEURS IMMOBILISEES"
"691300100","DOT PROV DEPREC CLT"
"691400100","DOT PROV DEPREC CPTES DES TIERS"
"691500100","PROVISION PR DEPRECIATION CPTES DE TRESORERIE"
"692100100","PERTES SUR CREANCES IRREVOCABLES COUVERTES PAR DES PROV"
"692200100","PERTES SUR CREANCES IRREC NON COUVERTES"
"701100100","INT. SUR PLACEMENTS INTERBANCAIRES FILIALES"
"701100101","INT. SUR PLACEMENTS INTERBANCAIRES AUTRES"
"701200100","INT. SUR PLACEMENTS A LA BEAC"
"702000100","INTS SUR AUT VALS RECUES  PENSION"
"703000100","INTS SUR PRETS ET CPTES  A TERME FILIALES"
"703000101","INTS SUR PRETS ET CPTES  A TERME AUTRES"
"704000100","INTERETS SUR PRETS  AU JOUR LE JOUR"
"705000100","INTERETS SUR COMPTES A VUE FILIALES"
"705000101","INTERETS SUR COMPTES A VUE AUTRES"
"706100100","COMMISSIONS SUR OPS DU MARCHE MONET"
"706200100","COMMISSIONS SUR OPS DE REFINANCEMT."
"706300100","COMMISSIONS SUR PRET ET CPT A TERME FILIALES"
"706300101","COMMISSIONS SUR PRET ET CPT A TERME AUTRES"
"706400100","COMM. SUR PRET AU JOUR LE JOUR"
"706500100","COMMISSIONS SUR COMPTES A VUE FILIALES"
"706500101","COMMISSIONS SUR COMPTES A VUE AUTRES"
"711000100","INT SUR CREDIT A LT"
"712000100","INT. SUR LES CREDITS A MOYEN TERME"
"712000101","INT. SUR LES CREDITS A MOYEN TERME HABITAT"
"712000102","INT. SUR LES CREDITS A MOYEN TERME ISLAMIC"
"712000103","INT. SUR LES CREDITS CONSOMMATION PERSONNEL"
"713000100","INT. SUR ESCOMPTE EFFETS LIBRES"
"713000101","INT. SUR LES CREDITS A COURT TERME"
"713000102","INT  SUR PRET RELATIF AU TRADE"
"713000103","INT. SUR LES CREDITS A COURT TERME N/TAXABLE"
"713000104","INT. AVANCE S/GARANTIES T"
"714000100","INT SUR LES CPTES DEBITEURS DE LA CLIENTELE"
"714000101","INT SUR LES CPTES ACCESS BANK ACCOUNT"
"715100100","LOYERS DE CREDIT -BAIL"
"715200100","REPRISE DE PROV. POUR DEPREC. IMMOB"
"715300100","REPRISE DE PROV. PR PERTES LATENTES"
"715400100","REP DE PROV RISQ  NON PERCEP DE LOY"
"715500100","PLUS-VALUE DE CESSION SUR IMMOBIL."
"715900100","AUTRES PROD. DES OPS DE CREDIT BAIL"
"716000100","PROD DES OPS DE LOCATION SIMPLE"
"717100100","COMMISSION SUR CREDIT A LONG TERME"
"717200100","COMMISSION SUR CREDIT A MOYEN TERME"
"717300100","COMMISSION SUR CREDIT A COURT TERME"
"717300101","COMMISSION SUR CREDIT A COURT TERME RELATIF AU TRADE"
"717300102","COMM./ CREDIT A COURT TERME AFFACTURAGE"
"717400100","COMM./ CPTES DEBITEURS CLIENTELE PLUS HAUT DEBIT"
"717400101","CX OUVERTURE MISE EN PLACE ET RENOUVELLEMENT DECOUVERT"
"717400102","COMMISSION DE MOUVEMENT"
"719000100","PENALITE DE REMBOURSEMENT ANTICIPE"
"719000101","PENALITE DE RETARD"
"719000102","PENALITE SUR IMPAYES LT"
"719000103","PENALITE SUR IMPAYES MT"
"719000104","PENALITE SUR IMPAYES CT"
"720000100","COMM DE CLOTURE DE COMPTE ENTREPRISE ET EMF"
"720000101","COMM DE CLOTURE DE COMPTE INDIVIDUELS"
"720000102","COMM EMISSION RELEVE DE COMPTE"
"720000103","COMMISSIONS SUR RETRAITS DEPLACES"
"720100100","COMM DE GESTION DE COMPTE NON TAXABLE"
"721000100","COMMISSIONS DE REJET CHEQUES"
"721000101","COM/ ENCAISSEMENT CHQ MANUEL"
"721000102","FRAIS CHEQUIER"
"721000103","CX CHEQUE DE GUICHET"
"721000104","COMMISSIONS  ESCOMPTE EFFETS"
"542400100","CPT A TERME NOSTRI BQ NON ASS"
"542500100","CPT A TERME NOSTRI ETS DE MICROFINANCE"
"542600100","CTE A TERM NOSTRI ETS FIN ASSOCIES"
"542700100","CTE A TERM NOSTRI ETS FIN NON ASSOCIES"
"542800100","CTE A TERM NOSTRI CAISSES D EPARGNE POSTALE ET CHEQUES POSTAUX"
"542900100","CTE A TERM NOSTRI AUTRES INST FINANCIERES INTERNATIONALES"
"543100100","CPT A TERME LORI BQ CENTRALE"
"543200100","CTE A TERME LORI INSTI FIN  SPEC"
"543300100","COMPTE A TERME LORI BQ ASS"
"543400100","CPTE A TERME LORI BQ NON ASS"
"543500100","CTE A TERM LORI ETS DE MICROFINANCE"
"543600100","CTE A TERM LORI ETS FIN ASSOC"
"543700100","CTE A TERM LORI ETS FIN NON ASSOC"
"543800100","CTE A TERM LORI CAISSES D EPARGNE POSTALE ET CHEQUES POSTAUX"
"543900100","CTE A TERM LORI AUTRES INST FINANCIERES INTERNATIONALES"
"544100100","EMPRUNT A TERME BQ CENTRAL"
"544200100","EMPRUNT A TERME INST FIN SPEC"
"544300100","EMPRUNT A TERME BQ ASSOC"
"544400100","EMPRUNT A TERME BQ NON ASSOC"
"544500100","EMPRUNT A TERME ETS DE MICROFINANCE"
"544600100","EMPRUNT A TERME ETS FIN ASS"
"544700100","EMPRUNT A TERME ETS FIN NON ASS"
"544800100","EMPRUNT A TERME CAISSES D EPARGNE POSTALE ET CHEQUES POSTAUX"
"544900100","EMPRUNT A TERME AUTRES INST FINANCIERES INTERNATIONALES"
"548000100","CREANCES RATTACHEES PRET EMPRUNT AU CORRESP - ASSOCIES"
"548000101","CREANCES RATTACHEES PRET EMPRUNT AU CORRESP - NON ASSOC"
"549000100","DETTES RATTACHEES PRET EMPRUNT A TERME CORRESP - ASSOCIES"
"549000101","DETTES RATTACHEES PRET EMPRUNT A TERME CORRESP - NON ASSOC"
"551100100","PRETS AU JR LE JR BQ CENTRAL"
"551200100","PRETS AU JR LE JR INST FIN SPEC"
"551300100","PRETS AU JR LE JOUR BQ ASSOC"
"551400100","PRETS AU JR LE JR BQ NON ASSO"
"551500100","PRETS AU JR LE JR ETS DE MICROFINANCE"
"551600100","PRETS AU JR LE JR ETS FIN ASS"
"551700100","PRETS AU JR LE JR ETS FIN NON ASS"
"551800100","PRETS CAISSES D EPARGNE POSTALE ET CHEQUES POSTAUX"
"551900100","PRETS AU JR LE JR AUTRES INST FINANCIERES INTERNATIONALES"
"552100100","EMPRUNT AU JR LE JR BQ CENTRAL"
"552200100","EMPRUNT AU JR LE JR INST FIN SPEC"
"552300100","EMPRUNT AU JR LE JR BQ ASSOC"
"552400100","EMPRUNT AU JR LE JR BQ NON ASSOC"
"552500100","EMPRUNT AU JR LE JR ETS DE MICROFINANCE"
"552600100","EMPRUNT AU JR LE JR ETS FIN ASS"
"552700100","EMPRUNT AU JR LE JR ETS FIN NON ASS"
"552800100","EMPRUNT AU JR LE JR CAISSES D EPARGNE POSTALE ET CHEQUES POSTAUX"
"552900100","EMPRUNT AU JR LE JR AUTRES INST FINANCIERES INTERNATIONALES"
"558000101","CREANCES RATTACHEES PRET EMPRUNT AU JR LE JR - NON ASS"
"559000100","DETTES RATTACHEES PRET EMPRUNT AU JR LE JR - ASSOCIES"
"559000101","DETTES RATTACHEES PRET EMPRUNT AU JR LE JR - NON ASS"
"560100100","NOSTRI BANQUE CENTRALE"
"560200100","NOSTRI INST. FINANC. SPECIAL"
"560300100","NOSTRI INST. BANQUE ASSOC"
"560400100","NOSTRI INST. BANQUE NON ASSOC"
"560500100","NOSTRI CHEQUES POSTAUX"
"560600100","NOSTRI ETS FINANC ASSOC"
"560700100","NOSTRI ETS FINANC NON ASSOC"
"560800100","NOSTRI CAISSES D EPARGNE POSTALE ET CHEQUES POSTAUX"
"560900100","NOSTRI AUTRES INST FINANCIERES INTERNATIONALES"
"561100100","LORI BANQUE CENTRALE"
"561200100","LORI INST. FINANCIERES SPECIALISEES"
"561300100","LORI BANQUE ASSOCIEE"
"561400100","LORI BANQUE NON ASSOC"
"561500100","ETABLISSEMENTS DE MICROFINANCE"
"561600100","LORI ETS FINANC ASSOC"
"561700100","LORI ETS FINANC NON ASSOC"
"561800100","LORI CAISSES D EPARGNE POSTALE ET CHEQUES POSTAUX"
"561900100","LORI AUTRES INST FINANCIERES INTERNATIONALES"
"563000100","DEPOTS DE GARANTIE CONSTITUES AUPRES DES CORRESPONDANTS"
"563000101","DEPOTS DE GARANTIE CONSTITUES BANQUES ASSOCIES"
"563000102","DEPOTS DE GARANTIE CONSTITUES BANQUES ASSOCIES"
"564000100","DEPOTS DE GARANTIE RECUES BANQUES ASSO"
"564000101","DEPOTS DE GARANTIE RECUES BANQUES NON ASSO"
"564000102","DEPOTS DE GARANTIE RECUES BANQUES"
"568000100","CREANCES RATTACHEES - ASSOCIES"
"568000101","CREANCES RATTACHEES - NON ASSOCIE"
"569000100","DETTES RATTACHEES - ASSOCIE"
"569000101","DETTES RATTACHEES - NON ASSOCIE"
"571000100","CAISSE PRINCIPALE"
"571000101","CAISSE ORDINAIRE 1"
"571000102","CAISSE ORDINAIRE 2"
"571000103","CAISSE ORDINAIRE 3"
"571000104","CAISSE ORDINAIRE 4"
"571000105","CAISSE ORDINAIRE 5"
"571000106","CAISSE ORDINAIRE 6"
"571000107","CAISSE ORDINAIRE 7"
"571000108","CAISSE ORDINAIRE 8"
"571000109","CAISSE ORDINAIRE 9"
"571000110","CAISSE ORDINAIRE 10"
"571000111","CAISSE ORDINAIRE 11"
"571000112","CAISSE ORDINAIRE 12"
"571000113","CAISSE ORDINAIRE 13"
"571000114","CAISSE ORDINAIRE 14"
"571000115","CAISSE ORDINAIRE 15"
"571000116","CAISSE ORDINAIRE 16"
"571000117","CAISSE ORDINAIRE 17"
"571000118","CAISSE ORDINAIRE 18"
"571000119","CAISSE ORDINAIRE 19"
"571000120","CAISSE ORDINAIRE 20"
"571000121","CAISSE ORDINAIRE 21"
"571000122","BILLETS ET MONNAIES EN DEVISE"
"571000123","PETITE CAISSE"
"571000124","COMPTE ATTENTE CAISSE DEPOT OFFLINE"
"571000125","COMPTE ATTENTE CAISSE RETRAIT OFFLINE"
"571000126","ACCESS AFRICA CASH ACCOUNT"
"571000127","COMPTE CAISSE ATM 1"
"571000128","COMPTE CAISSE ATM 2"
"571000129","COMPTE CAISSE ATM 3"
"571000130","COMPTE CAISSE ATM 4"
"571000131","COMPTE CAISSE ATM 5"
"571000132","COMPTE CAISSE ATM 6"
"571000133","COMPTE CAISSE ATM 7"
"571000134","COMPTE CAISSE ATM 8"
"571000135","COMPTE CAISSE ATM 9"
"571000136","COMPTE CAISSE ATM 10"
"571000138","COMPTE CAISSE ATM 12"
"571000139","COMPTE CAISSE ATM 13"
"571000140","COMPTE CAISSE ATM 14"
"571000141","COMPTE CAISSE ATM 15"
"571000142","COMPTE CAISSE ATM 16"
"571000143","COMPTE CAISSE ATM 17"
"571000144","COMPTE CAISSE ATM 18"
"571000145","COMPTE CAISSE ATM 19"
"571000146","COMPTE CAISSE ATM 20"
"571000147","COMPTE CAISSE ATM 21"
"571000148","COMPTE CAISSE ATM 22"
"571000149","POS 1"
"571000150","POS 2"
"571000151","ACCESS CASH PORTAL"
"571000152","ACCESS CASH PORTAL FOR SOCOPAO"
"571000153","ACCESS CASH MAD BRANCH"
"571000154","CAISSE ORDINAIRE 24"
"571000155","CAISSE ORDINAIRE 25"
"571000156","CAISSE ORDINAIRE 26"
"571000157","CAISSE ORDINAIRE 27"
"571000158","CAISSE ORDINAIRE 28"
"571000159","CAISSE ORDINAIRE 29"
"571000160","CAISSE ORDINAIRE 30"
"571000161","CAISSE ORDINAIRE 31"
"571000162","CAISSE ORDINAIRE 32"
"571000163","CAISSE ORDINAIRE 33"
"571000164","CAISSE ORDINAIRE 34"
"571000165","CAISSE ORDINAIRE 35"
"571000166","CAISSE ORDINAIRE 36"
"571000167","CAISSE ORDINAIRE 37"
"571000168","CAISSE ORDINAIRE 38"
"571000169","CAISSE ORDINAIRE 39"
"571000170","CAISSE ORDINAIRE 40"
"571000182","CAISSE ORDINAIRE 22"
"572000100","AVOIR EN OR ET PIERRES PRECIEUSES"
"573000100","CHEQUES DE VOYAGE"
"574000100","TIMBRES POSTAUX ET FISCAUX"
"575000198","MOUVEMENT DE FONDS AVEC LA BANQUE CENTRALE"
"575000199","BILLETS ET MONNAIES EN ROUTE - CONVOYEUR 2"
"575100199","BILLETS ET MONNAIES EN ROUTE - CONVOYEUR 1"
"575300199","BILLETS ET MONNAIES EN ROUTE - CONVOYEUR 3"
"581000100","CREANCES IMMOBILISEES SUR CORRESPONDANTS"
"582000100","CREANCES IMPAYEES SUR CORRESPONDANTS"
"582000101","CREANCES IMPAYEES SUR CORRESPONDANTS"
"583000100","CREANCES DOUTEUSES SUR CORRESPONDANTS"
"583000101","CREANCES DOUTEUSES SUR CORRESPONDANTS"
"591100100","PROV DÉPRÉCIATION  DES ACTIONS ET PARTS ETS DE CRÉDIT"
"591200100","PROV DÉPRÉCIATION  BONS DU TRÉSOR"
"591300100","PROV DÉPRÉCIATION DES AUTRES ACTIONS ET PARTS NÉGOCIABLES"
"591400100","PROV DEPRECIATION DES OBLIGATIONS ET BONS ASSIMILES"
"591500100","PROV DEPRECIATION DES OBLIGATIONS PROPRES RACHETÉES PAR ANTICIPATION"
"591600100","PROV DEPRECIATION DES AUTRES TITRES À COURT TERME"
"591700100","PROV DEPRECIATION DES TITRES DOUTEUX"
"592100100","PROV DÉPRÉCIATION DES CRÉANCES IMMOBILISÉES SUR LES CORRESPONDANTS"
"592200100","PROV DÉPRÉCIATION DES CRÉANCES IMPAYEES SUR LES CORRESPONDANTS"
"592300100","PROV DÉPRÉCIATION DES CRÉANCES DOUTEUSES SUR LES CORRESPONDANTS"
"601100100","INT. SUR OPS MARCHE MONETAIRE - OPS INTERBANCAIRES"
"601200100","INT. SUR OPS MARCHE MONETAIRE - BEAC"
"601200101","INT. SUR OPS MARCHE MONETAIRE - BEAC GUICHET"
"602000100","INTERET SUR VAL DONNEES EN PENSION"
"603000100","INT SUR EMPRUNTS ET CPTES A TERME - FILIALES"
"603000101","INT SUR EMPRUNTS ET CPTES A TERME - AUTRES"
"604000100","INT SUR EMPRUNTS AU JOUR LE JOUR"
"605000100","INTERETS SUR COMPTE A VUE - FILIALES"
"605000101","INTERETS SUR COMPTE A VUE - AUTRES"
"606100100","COMMISSION SUR OPS ET INTERBANC"
"606200100","COMM SUR AUT VAL DONNÉS EN PENSION"
"606300100","COMM SUR EMPRUNT ET CPTE À TERME - FILIALES"
"606300101","COMM SUR EMPRUNT ET CPTE À TERME - AUTRES"
"606400100","COMM SU EMPRUNT AU JOUR LE JOUR"
"606500100","COMMISSIONS SUR COMPTES A VUE - FILIALES"
"606500101","COMMISSIONS SUR COMPTES A VUE - AUTRES"
"611100100","INTERET SUR BONS DE CAISSE"
"611200100","INTERET SUR CERTIFICAT DE DEPOT"
"611300100","INTERET SUR CPTE ET PLAN EPARGNE LOGEMENT"
"611400100","INTERET SUR PLAN D EPARGNE RETRAITE"
"611500100","INTERET SUR AUTRES CPTE EPARGNE A REG SPECIALES"
"612000100","INTERET SUR DEPOT A TERME"
"612000101","INTERET SUR DEPOT A TERME INST FIN"
"613000100","INTERET SUR COMPTE SUR LIVRETS"
"614000100","INTS SUR AUTRES COMPTES A VUES"
"615100100","DOT AUX AMORTISSEMENTS DES IMMO"
"615200100","DOT AUX PROVS POUR DEPREC DES IMMO"
"615300100","DOT AUX PROVS POUR PERTES LATENTES"
"615400100","DOT AUX PROVS RISQ NON PERCEP LOY"
"615500100","MV DE CESSION SUR IMMO"
"615600100","DÉPRECSUR IMMO DONNÉES EN CRED-BAIL"
"615900100","AUTRES CHGS SUR OPS DE CRÉDIT-BAIL"
"616000100","CHARGES SUR OPS DE LOCATION SIMPLE"
"619000100","INT. SUR AUTRES CPTE  CLIENTELE"
"621000100","FRAIS ENGAGES ET COMMISSION SUR CHEQUES ET EFFETS"
"622000100","COMM ET FRAIS SUR TITRES"
"623100100","COM ET FRAIS SUR OPS DE CHANGE COMPTANT"
"623100101","CHARGES SUR IMPORTATION DES DEVISES AU COMPTANT"
"623200100","COMM ET FRAIS SUR OPS CHANG À TERM"
"623300100","PERTES DE CHANGE SUR REEVALUATION"
"624000100","COMMISSION SUR ENGAG. PAR SIGNATURE"
"625000100","COMMISSION ET FRAIS BANCAIRES BEAC"
"625000101","COMMISSIONS PAYEES SUR OPS CARTE VISA"
"625000102","COMMISSIONS PAYEES SUR OPS CARTE MASTER CARD"
"625000103","COMMISSIONS PAYEES SUR OPS POS- AUTRES BANQUES "
"625000104","REFACTURATION DES FRAIS DES CORRESPONDANTS BANCAIRES"
"625000105","COMMISSIONS PAYES SUR ACHAT DE DEVISE"
"626000100","PERTES SUR TITRES DE TRANSACTION"
"631100100","INTERETS SUR EMPRUNTS OBLIGATAIRES"
"631200100","INTERETS SUR EMPRUNTS PARTICIPATIFS"
"631300100","INTERETS SUR DETTES SUBORDONÉES - FILIALES"
"631300101","INTERETS SUR DETTES SUBORDONÉES - AUTRES"
"631400100","INTERETS SUR CPTES BLOQUÉS DES ACTIONNAIRES"
"631500100","INTERETS SUR AUTRES COMPTES BLOQUÉS"
"631600100","INTERETS SUR TITRES DE CRÉANCES NÉGOCIABLES"
"631700100","INTS SUR AUT EMP À MOYEN  LONG TERM - FILIALES"
"631700101","INTS SUR AUT EMP À MOYEN  LONG TERM - AUTRES"
"632100100","COMMISSIONS SUR EMPRUNTS OBLIGATAIRES"
"632200100","COMMISSIONS SUR EMPRUNTS PARTICIPATIFS"
"632300100","COMMISSIONS SUR DETTES SUBORDONÉES - FILIALES"
"632300101","COMMISSIONS SUR DETTES SUBORDONÉES - AUTRES"
"632400100","COMMISSIONS SUR CPTES BLOQUÉS DES ACTIONNAIRES"
"632500100","COMMISSIONS SUR AUTRES COMPTES BLOQUÉS"
"632600100","COMMISSIONS SUR TITRES DE CRÉANCES NÉGOCIABLES"
"632700100","COMMISSIONS SUR AUT EMP À MOYEN  LONG TERM - FILIALES"
"632700101","COMMISSIONS SUR AUT EMP À MOYEN  LONG TERM - AUTRES"
"641100100","FOURNITURE CONSOMMEE - EAU BANQUE"
"641100101","FOURNITURE CONSOMMEE - EAU MANAGEMENT"
"641100102","FOURNITURE CONSOMMEE - EAU STAFF"
"641100103","FOURNITURE CONSOMMEE - ELECTRICITE BANQUE"
"641100104","FOURNITURE CONSOMMEE - ELECTRICITE MANAGEMENT"
"641100105","FOURNITURE CONSOMMEE - ELECTRICITE STAFF"
"641100106","FOURNITURE CONSOMMEE - GAZ"
"641100107","FOURNITURE CONSOMMEE - CARBURANT VEHICULE BANQUE"
"641100108","FOURNITURE CONSOMMEE - CARBURANT MANAGEMENT"
"641100109","FOURNITURE CONSOMMEE - CARBURANT GROUPE ELECT BANQUE"
"641100110","FOURNITURE CONSOMMEE - CARBURANT STAFF"
"641100111","FOURNITURE CONSOMMEE - AUTRES"
"641200100","PETIT OUTILLAGE"
"641200101","AUTRES PETIT MATERIEL MOBILIER ET OUTILLAGE"
"641300100","FOURNITURE DE BUREAU"
"641300101","IMPRIME DE BANQUE"
"641300102","FOURNITURE ET CONSOMMABLE INFORMATIQUE"
"641300103","FOURNITURE ET CONSOMMABLE AUTRES"
"641300104","CHEQUES ET IMPRIMES DE VALEUR"
"641300105","ETRENNES ET OBJETS PUBLICITAIRES"
"641300106","DOCUMENTATIONS GENERALES"
"641300107"," ABONNEMENT JOURNAUX ET REVUES"
"641400100","PRODUITS D ENTRETIEN BUREAU ET IMMEUBLES"
"641400101","PRODUITS D ENTRETIEN BUREAU ET IMMEUBLES MANAGEMENT"
"641900100","FOURNITURES NON VENTILES"
"641900101","FOURNITURES DE SANTES"
"642000101","TRANSPORT AFFAIRES DANS LE PAYS PAR AVION"
"642000102","TRANSPORT AFFAIRES DANS LE PAYS PAR ROUTE ET AUTRES"
"642000103","TRANSPORT AFFAIRES HORS DU PAYS PAR AVION"
"642000104","TRANSPORT AFFAIRES HORS DU PAYS PAR ROUTE ET AUTRES"
"642000105","TRANSPORT CONFERENCE ET SEMINAIRE PAR AVION"
"642000106","TRANSPORT CONFERENCE ET SEMINAIRE PAR ROUTE"
"642000107","TRANSPORT ET DEPLACEMENT STAFF GROUP PAR AVION"
"642000108","TRANSPORT ET DEPLACEMENT STAFF GROUP PAR ROUTE ET AUTRES"
"642000109","TRANSPORT ET DEPLACEMENT ADMINISTRATEURS PAR AVION"
"642000110","TRANSPORT ET DEPLACEMENT ADMINISTRATEURS PAR ROUTE ET AUTRES"
"642000111","TRANSPORT ET DEPLACEMENT MANAGEMENT PAR AVION"
"642000112","TRANSPORT ET DEPLACEMENT MANAGEMENT PAR ROUTE ET AUTRES"
"642000113","TRANSPORT ET DEPLACEMENT AUTRES"
"642000114","BILLETS VACANCES MANAGEMENT"
"642000115","BILLETS VACANCES AUTRES STAFF"
"642000116","INDEMNITES KILOMETRIQUES"
"642000117","FRAIS HOTEL ET HEBERGEMENT AFFAIRE"
"642000118","FRAIS HOTEL ET HEBERGEMENT CONFERENCES ET SEMINAIRES"
"642000119","FRAIS HOTEL ET HEBERGEMENT STAFF GROUP"
"642000121","FRAIS HOTEL ET HEBERGEMENT ADMINISTRATEURS"
"642000122","FRAIS HOTEL ET HEBERGEMENT AUTRES"
"642000123","TRANSPORT MATERIEL ET MOBILIER"
"642000124","DEMENAGEMENT ETRANGER"
"642000125","DEMENAGEMENT BUREAU ET AUTRES DANS LE PAYS"
"642000126","SERVICES AUXILIAIRES DE TRANSPORT"
"642000127","SERVICES AUXILIAIRES DE TRANSPORT MANAGEMENT"
"642000128","TRANSPORT ET CONVOYAGE DE FONDS"
"643100100","AFRANCHISSEMENT ET FRET"
"643100101","AFRANCHISSEMENT - SERVICES DISTRIB COURRIER"
"643100102","SERVICE - INTERNET"
"643100103","SERVICE - INTERNET MANAGEMENT"
"643100104","SERVICE - TELEPHONES FIXES"
"643100105","SERVICE - TELEPHONES MOBILES"
"643100106","SERVICE - TELEPHONE MANAGEMENT"
"643200100","FRAIS MISSION ET PERDIEM AFFAIRE"
"643200101","FRAIS MISSION ET PERDIEM CONFERENCES ET SEMINAIRES"
"643200102","FRAIS MISSION ET PERDIEM STAFF GROUP"
"643200103","FRAIS MISSION ET PERDIEM MANAGEMENT"
"643200104","FRAIS MISSION ET PERDIEM AUTRES"
"643300100","PUBLICITE"
"643300101","INSERTION PRESSE"
"643300102","DONS ET LIBERALITES"
"643300103","PANNEAUX ET AFFICHES"
"643300104","OBJETS PUBLICITAIRES"
"643300105","CADEAUX CLIENTELE"
"643300106","RECEPTION CLIENTELE"
"643300107","RECEPTION MANAGEMENT"
"643300108","PROMOTIONS"
"643300109","SPONSORING"
"643300110","RECEPTIONS CONFERENCES ET SEMINAIRES"
"643300111","RECEPTION AUTRES"
"643300112","PUBLICITE WESTERN UNION"
"643400100","LOYERS PROFESSIONNELS"
"643400101","LOYERS MANAGEMENT"
"643400102","LOYERS RESIDENTIELS"
"643400103","CHARGES LOCATIVES PROFESSIONNELLES"
"643400104","CHARGES LOCATIVES MANAGEMENT"
"643400105","CHARGES LOCATIVES RESIDENTIELS"
"643500100","HONORAIRES ET FRAIS DE CONTENTIEUX"
"643500101","HONORAIRES AUDIT ET COMMISSARIAT AUX COMPTES"
"643500102","HONORAIRES HR"
"643500103","HONORAIRES JURIDIQUE"
"643500104","HONORAIRES MEDICAUX"
"643500105","HONORAIRES ET FRAIS DE RECOUVREMENT"
"643500106","HONORAIRE FISCAL ET DOUANIER"
"643600100","NETTOYAGE BATIMENT PROFESSIONNEL"
"643600101","ENTRETIEN ET REPARATION BATIMENT PROFESSIONNEL"
"643600102","NETTOYAGE, ENTRETIEN ET REPARATION LOGEMENT MANAGEMENT"
"643600103","NETTOYAGE, ENTRETIEN ET REPARATION RESIDENCES"
"643600104","ENTRETIEN MOBILIER ET MATERIEL BUREAU"
"643600105","MAINTENANCE SYSTÈME SECURITE"
"643600106","MAINTENANCE GAB ET POS"
"643600107","ENTRETIEN MATERIELS DE TRANSPORT"
"643600108","ENTRETIEN ET REP INSTAL TECHNIQUE INFORMATIQUE"
"643600109","ENTRETIEN ET REP RESEAU ELECTRIQUE"
"643600110","ENTRETIEN ET REP GROUPE ELECTROGENE"
"643600111","MAINTENANCE LOGICIELS INFORMATIQUES"
"643600112","ENTRETIEN DES VEHICULES MANAGEMENT"
"643700100","REDEVANCES VISA"
"643700101","REDEVANCES MASTERCARDS"
"643700102","ASSISTANCE & REDEVANCE SOFTWARE"
"643700103","FRAIS DE GESTION CARTE"
"643700104","FRAIS DE GESTION CONTACT CENTER Group IT"
"643700105","FRAIS DE GESTION ATM"
"643700106","FRAIS DE GESTION POS Group IT"
"643700107","FRAIS DE GESTION RIB Group IT"
"643700109","FRAIS DE GESTION SMS ET E-ALERT Group IT"
"643700110","FRAIS DE GESTION AUTRES SERVICES Group IT"
"643700111","LOCATION MATERIEL INFORMATIQUE"
"643700112","FRAIS SYGMA-SYSTAC BEAC"
"643700113","SWIFT - INTERNET - VSAT - Group IT"
"643700114","REDEVANCE VSAT LOCALE"
"643700115","FRAIS DE LICENCE IT ET FRAIS TECHNIQUES Group IT"
"643800100","SERVICES SECURITE ET GARDIENNAGE PROFESSIONNELS"
"643800101","SERVICES SECURITE ET GARDIENNAGE MANAGEMENT"
"643800103","PRIME PANIER ET ESCORTE GARDE ARMEE"
"643800104","GARDIENNAGE GARDE ARMEE"
"643800105","LOCATION MAIN OEUVRE EXTERIEURE"
"643800106"," ACTIVITES DU PERSONNEL"
"643800107","AUTRES SERVICES CONSOMMES"
"643800108","FRAIS DE DOMESTICITE"
"644100100","ASSISTANCE TECHNIQUE GROUPE"
"644100101","REMUNERATIONS DES FILIALES"
"644100102","ASSISTANCE TECHNIQUE AUTRE"
"644200100","INSPECTION"
"645100100","JETONS DE PRESENCES CONSEIL D ADMINISTRATION"
"645100101","INDEMNITE DE FONCTION ADMINISTRATEUR"
"645100102","DEPENSES ASSEMBLEE GENERALE"
"645100103","AUTRES CHARGES ADMINISTRATEURS"
"645200100","ASSURANCES MALADIE STAFF"
"645200101","ASSURANCES MALADIE MANAGEMENT"
"645200102","ASSURANCES VIE STAFF"
"645200103","ASSURANCES VIE STAFF MANAGEMENT"
"645200104","ASSURANCES GLOBALES BANQUES"
"645200105","ASSURANCES MATERIELS DE TRANSPORT PROFESSIONNELS"
"645200106","ASSURANCES MATERIELS DE TRANSPORT MANAGEMENT"
"645200107","ASSURANCES INDEMNITES FIN DE CARRIERE"
"645200108","ASSURANCES EVACUATION SANITAIRE"
"645200109","ASSURANCES DECES GROUPE"
"645200110","ASSURANCES MULTIRISQUE PROFESSIONNELLE"
"645200111","RESPONSABILITE CIVILE"
"645200112","ASSURANCES INCENDIE IMMEUBLE"
"645200113","ASSURANCES MATERIELS INFORMATIQUES"
"645200114","ASSURANCES AUTRES"
"645200115","FOGADAC"
"645400100","COTISATIONS PROFESSIONNELLES"
"645900100","CHARGES DIVERSES"
"645900101","CHARGES ACTIVITES SPORTIVES ET SOCIALES"
"651100100","REMUNERATION DIRECTE CADRE SUPERIEUR LOCAUX"
"651100101","REMUNERATION DIRECTE CADRE SUPERIEUR EXPATRIES"
"651100103","PRIME CADRE SUPERIEUR EXPATRIES"
"651100104","PROVISION BONUS ET AUTRES"
"651200100","REMUNERATION DIRECTE AGENT DE MAITRISE LOCAUX"
"651200101","REMUNERATION DIRECTE AGENT DE MAITRISE EXPATRIES"
"651200102","PRIME AGENT DE MAITRISE LOCAUX"
"651200103","PRIME AGENT DE MAITRISE EXPATRIES"
"652000100","REMUNERATION DIRECTE EMPLOYES"
"652000101","PRIME EMPLOYES"
"653000100","REMUNERATION DIRECT PERSONNEL DE SERVICE"
"653000101","PRIME PERSONNEL DE SERVICE"
"978000146","ZWD COMPTE DE CONTREVALEUR POSITION HB"
"978000147","NGN COMPTE DE CONTREVALEUR POSITION HB"
"978000148","GHS COMPTE DE CONTREVALEUR POSITION HB"
"978000149","ZAR COMPTE DE CONTREVALEUR POSITION HB"
"978000150","TND  COMPTE DE CONTREVALEUR POSITION HB"
"978000151","SGD  COMPTE DE CONTREVALEUR POSITION HB"
"978000152","COMPTE DE CONTREVALEUR POSITION HB AUTRES DEV "
"979000100","COMPTE D AJUSTEMENT DEVISES HORS BILAN"
"981100100","ENGAGEMENTS DONNES DOUTEUX SUR LES CORPDTS"
"981200100","ENGAGEMENTS RECUS DOUTEUX SUR LES CORRESPONDANTS"
"982100100","ENGAGEMENTS DONNES DOUTEUX SUR LA CLIENTELE"
"982200100","ENGAGEMENTS RECUS DOUTEUX SUR LA CLIENTELE"
"983000100","ENGAGEMENTS DOUTEUX SUR ORGANISMES PUBLICS"
"985100100","INTERETS RESERVES SUR CREANCE EN SOUFFRANCE"
"985100101","COMMISSIONS RESERVES SUR CREANCE EN SOUFFRANCE"
"985200100","COMM/ ENGAGMT PAR SIGNATURE DOUTEUX"
"985300100","TVA SUR INTERETS RESERVES DES CREANCES EN SOUFFRANCE"
"985400100","LOYERS ÉCHUS SUR ENGAGEMENTS DOUTEUX DE CRÉDIT-BAIL ET OPÉRATIONS ASSIMILÉES "
"985500100","INDEMNITÉS DERÉSILIATION À RECOUVRER"
"990000100","CPTE GL DES ENGTS DONNES DES CORRS"
"991000100","CPTE GL DES ENGTS RECUS DES CORRS"
"992000100","CPTE GL DES ENGTS DONNEE ORDRE CLIENTELE"
"993000100","CPTE GL DES ENGTS RECUS DE LA CLIENTELE"
"993000101","CPTE GL DES ENGTS RECUS DE LA CLTLE"
"994000100","CPTE GENERAL DES ENGAGMT CRDT BAIL ET OPS ASS"
"995000100","CPTE GL OPS SUR TITRES ET VALS AFFECT EN GTIES OPS MM"
"996000100","COMPTE GRLE ENG DE ETAT ET ORG PUB"
"997100100","INTERETS ET COMMISSION RESERVES"
"997200100","COMMISSIONS RESERVES SUR ENGAGEMENTS PAR SIGNATURE"
"997300100","TAXES PERCUES SUR INTERETS ET COMMISSIONS"
"998000100","VALEURS GEREES POUR COMPTE DE TIERS"
"999000100","DIFFERES ORDINATEURS HORS BILAN"
"999000102","INTER BRANCH HORS BILAN"
"721000105","COMMISSIONS  ESCOMPTE CHEQUES"
"721000106","COMMISSIONS  CHEQUE PAYABLE A ETRANGER"
"721000107","CX PAIEMENT CHEQ EFFET VIRT MISE A DISPO"
"721000108","AUTRES COMMISION BANCAIRES PERCUES"
"721900100","CIONS SUR OPPOSITION CHEQUE"
"721900101","CIONS SUR CHEQUE IMPAYE"
"722000100","CCION / VISA ET CERTIFICAT DE CHEQUE AU CLT"
"723100100","COMM. / OPS ACHAT DE DEVISE AU CLIENT"
"723100101","COM ET FRAIS SUR OPS DE CHANGE COMPTANT"
"723100102","COMMISSIONS DE CHANGE DEVISES FLUCTUANTES"
"723100103","COMMISSIONS DE CHANGE EURO"
"723100104","COMMISSIONS SPOT EXCHANGE"
"723100105","COMMISSIONS SPOT EXCHANGE SUR ETABLISSEMENTS"
"723200100","COMM ET FRAIS SUR OPS CHANG À TERM"
"723300100","PROFITS DE CHANGE SUR REEVALUATION"
"724100100","COMM./ ENGT DONNES FAV ETS FINANC. FRAIS MISE EN PLACE GUARANTIE BANCAIRE"
"724100101","COMM./ ENGT DONNES FAV ETS FINANC.  FRAIS PROROGATION GARANTIE BANCAIRE"
"724100102","CX CREDOC/ENGT DONNES FAV ETS FINANCIER"
"724200100","CX ENGT DONNES FAV CLIENTELE REMDOC IMPORT"
"724200101","CX ENGT DONNES FAV CLIENTELE REMDOC EXPORT"
"724200102","COMMISSIONS SUR REGLEMENT DROIT DE DOUANE IMPORT"
"724200103","COMMISSIONS DE COMMUNICATION SWIFT LC IMPORT"
"724200104","FRAIS AMENDEMENT LC IMPORT"
"724200105","FRAIS DE MODIFICATION  LC IMPORT"
"724200106","COMMISSION DE MANIPULATION  LC IMPORT"
"724200107","COMMISSION ANNULATION  LC IMPORT NON UTILISE"
"724200108","COMMISSION ACCEPTATION  LC IMPORT A TERME"
"724200109","COMMISSIONS PROROGATION LC IMPORT"
"724200110","CION PAIEMENT LC IMPORT"
"724200111","CX ENGT DONNES FAV CLIENTELE LC IMPORT"
"724200112","CX ACQUISE OUVERTURE LC EXPORT"
"724200113","CX ENGT DONNES FAV CLIENTELE LC EXPORT"
"724200114","CX DE NOTIFICATION LC EXPORT"
"724200115","CX AMENDEMENT LC EXPORT"
"724200116","CX CONFIRMATION LC EXPORT"
"724200117","CX DE MANIPULATION LC EXPORT"
"724200119","FRAIS DE COURRIER LC EXPORT"
"724200120","FRAIS ACCEPTATION LC EXPORT"
"724200121","FRAIS ANNULATION LC EXPORT NON UTILISE"
"724200122","FRAIS CORRESPONDANT LC EXPORT NON UTILISE"
"724200123","FRAIS DE DOCUMENTATION LC EXPORT TRANSFERABLE"
"724200124","COMMISSIONS PROROGATION LC EXPORT"
"724200125","CX ENGT DONNES FAV CLIENTELE CAUTION"
"724200126","FRAIS DE MISE EN PLACE CAUTION"
"724200127","CX SUR NANTISSEMENT BDC DAT AUTRES ET HYPOTHEQUES"
"724200128","FRAIS DE SWIFT CREDIT DOCUMENTAIRE"
"724200129","CX DE MISE EN PLACE AUTRES GARANTIE ET AVAL A LA CLIENTELE."
"724200130","CX DE PROROGATION GARANTIE ET AVAL A LA CLIENTELE."
"724200131","FRAIS SUR MAIN LEVEE PARTIELLE"
"724200132","FRAIS SUR APPEL DE GARANTIE"
"724200133","FRAIS DOSSIER CAUTIONS"
"724200134","COMMISSION GAGES PERCUS EN ESPECES"
"724200135","COMMISSION DOMICILIATION D IMPORT"
"724200136","CX LETTRE DE GARANTIE/ENGT DONNES FAV CLIENTELE"
"724200137","COMMISSION DE DOMICILIATION D EXPORT"
"725000100","COMM GEST PORTF TITRE CPTE DE TIERS"
"726000100","PROFIT SUR TITRES DE TRANSACTION"
"727000100","REFACTUR. CHARGES EXPLOITAT. BANC. TELEX SWIFT"
"727000101","REFACT. CH EXPLOITAT. BANC. FRAIS CORRESPONDANTS"
"727000102","REFACT COMMISSIONS REFINANCEMENT BEAC"
"728100100","LOCATION DE COFFRES FORTS"
"728200100","CONSEIL ET ASSISTANCE DE GESTION"
"728300101","COMPTE DE REVENU D AQUISITION CHARGES DIVERSES"
"728300102","PDUIT SUR MOYEN DE PAIEMENT OPS DIVERS"
"728300104","COMMISSIONS SUR TRANSFERT EMIS EN LOCAL"
"728300105","COMMISSIONS TRANSFERT INTERNATIONAL"
"728300106","COMMISSIONS SUR TRANSFERT EMIS EURO"
"728300107","CX ACQUISES TRANSFERT RECUS"
"728300108","ATM GIMAC TRANSACT COMMISSIONS"
"728300109","SOUSCRIPTION ANNUELLE FEES CARD AND  PINS"
"728300110","RT CIONS REVENUE ACCOUNT"
"728300111","COMMISSIONS SUR VIREMENT ET MAD"
"728300112","COMM INTERCHANGE CARTE ACQUIS"
"728300113","COMMISSIONS DE LIQUIDITE SUR TRANSFERT"
"728300114","COMMISSION OPERATIONS GAB LOCALES"
"728300115","ACQUIRING P&L MERCHANT SERVICE COMM"
"728300116","INTERCHANGE  INCOME VISA"
"728300117","TRANSACTION GAB AVEC L ETRANGER"
"728300118","COMMISSIONS SUR TRANSFERT EMIS EN DEVISES H2H"
"728300119","COMMISSIONS ON PERSONALIZATION OF PREPAID CARDS"
"728300120","MTN Virtual Card Sale Commission"
"728300121","MTN Virtual Card Markup Fees"
"728300123","POS MERCHANT DISCOUNT RECEIVED"
"728300124","COMMISSION SUR TRANSACTION MASTERCARD"
"728300125","Orange Virtual Card Sale Commission"
"728300126","Orange Virtual Card Markup Fees"
"728300127","Orange Virtual Card Transaction Fees"
"728300128","COMMISSIONS SUR TRANSACTIONS DES CARTES VISA PREPAYER"
"728300129","COMMISSION MOBILE APP CASH OUT"
"728300130","COMMISSIONS ACCESS WALLET OPERATIONS"
"728300131","COMMISSION LIAISON SECOND COMPTE"
"728300132","COMPTE DE FRAIS EMETTEUR ISSUING"
"728300133","COMPTE DE PRODUIT ELECTRONIQUE"
"728300134","COMPTE DE FRAIS DE SERVICE TPE ET WEB"
"728300135","COMMISSION OPPOSITION SUR CARTE"
"728300136","MOBILE APP COMMISSION SUR TRFT AUTRES BANQUES"
"728300137","ACQUIRING P&L ON POS OTHER FEES"
"728300138","COMMISSSIONS TPE MATERCARD"
"728300139","COMMISSSIONS  TPE CTMI GIM"
"728300140","ACQUIRING  P&L ON POS JOINING FEE"
"728300141","CCIONS VTE CARTE VISA XPRESS PREPAYEE"
"728300142","COMMISSIONS TPE VISA"
"728300143","COMMISSION SERVICE DIGITAL MARCHANT"
"728300144","COMPTE DE FRAIS INTERCHANGE TPE"
"728300145","COMPTE DE FRAIS D EMISSION DE CARTES DE CREDITS"
"728300147","COMPTE DE FRAIS DE TRANSACTION CARTE DE CREDIT"
"728300148","COMMISSIONS SUR ENVOI  WAFACASH"
"728300149","COMMISSIONS SUR RECEPTION WESTERN UNION"
"728300150","COMMISSION BANK TO WALLET"
"728300151","COMMISSION SUR VISA"
"728300152","COMMISSIONS SUR CHARGEMENT CARTES CASHXPRESS"
"728300153","COMMISSIONS ON WU TRANSACTIONS"
"728300154","SMS BANKING ET INTERNET BKING"
"728300155","COMMISSION BANQUE EN LIGNE"
"728300156","ABONNEMENT ANNUEL CARTE ATM"
"728300157","COMMISSION DE TRANSFERT PRIMUS PLUS INTERNET BANKING"
"728300158","COMMISSION CARTE MASTERCARD"
"728300159","COMMISSION SOUSCRIPTION CARTE  VISA"
"728300160","COMMISSIONS ON BILL PAYMENTS ACCESS MORE"
"728300161","COMMISSIONS ACQUISES AGENCY BANKING"
"728300162","COMMISSSIONS SUR TRANSACTION POS"
"728300163","COMMISSIONS PAYEES SUR OPS CARTE VISA"
"728400100","AUTRES PRESTATIONS DIVERSES"
"728400101","PRODUIT SUR RAMASSAGE DE FONDS"
"728400102","PRELEVEMENT LIQUIDATION SUCCESSION"
"728400103","COM PAID ON CASH COLL"
"728400104","COMMISSIONS BANK COLLECT"
"728400105","COMMISSION RAMASSAGE DE FONDS"
"728400106","COMMISSION TRANSFERT ACCESS AFRICA"
"729000100","AUTRES COMMISSIONS RETRAIT CHQ GUICHET"
"729000101","AUTRES COMMISSIONS"
"729000102","COMMISSIONS PACKAGE SERENITY AZUR"
"729000103","COMMISSIONS PACKAGE SERENITY GOLD"
"729000104","COMMISSIONS PACKAGE SERENITY PLATINIUM"
"729000105","COMMISSIONS PACKAGE BUSINESS AZUR"
"729000106","COMMISSIONS PACKAGE BUSINESS GOLD"
"729000107","COMMISSIONS PACKAGE BUSINESS PLATINIUM"
"729000108","COMMISSIONS PACKAGE PENSIONNAIRES SEC SOCIALE"
"729000109","COMMISSIONS ON ACCESS SECURE FUTURE INSURANCE"
"729000110","COMMISSIONS DE RECHERCHES"
"729000111","COMMISSIONS ON ACCESS ASSIST & PROTECT INSURANCE"
"729000112","COMMISSION MODIFICATION DE SIGNATURE SUR CPTE"
"729000113","FRAIS DE SAISIE"
"729000114","COMMISSIONS DIVERS SERVICES CONTENTIEUX"
"729000115","FRAIS SUR RECLAMATION NON FONDEE"
"729000116","BONUS COMMISSIONS WESTERN UNION"
"729000118","COMMISSIONS BOITE AUX LETTRE"
"729000119","COMMISSION DE CONSULTATION DE COMPTE"
"729000120","CIONS SUR LES RELEVES DE COMPTES"
"729000121","COMMISSIONS OPERATIONS ASSURANCE DGE"
"729000122","COMMISSION SMS AVEC OPERATEURS TELEPHONIES MOBILES"
"729000123","COMMISSION LOYER MENSUEL ATM"
"729000124","COMMISSION PACKAGE DISAPORA AZUR"
"729000125","COMMISSIONS DE SERVICE HORS CEMAC"
"729000126","COMMISSIONS DE SERVICE CEMAC"
"729000127","POURBOIRE RECU DE LA CLIENTELE"
"729300100","ACCESS BANK CAMEROON WELCOME PACKAGE FEES"
"731100100","REVENUS DES ACTIONS PROPRES DETENUE"
"731200100","REV ACTIONS ET PARTS D ETS DE CRED"
"731300100","REVENUS ACTIONS ET PARTS D AUT STE"
"731400100","REV. TITRES PUBLICS IMMOBILISES"
"731500100","REV. TITRES PRIVES IMMOBILISES"
"731600100","REVENUS DES TITRES EN SOUFFRANCES"
"732100100","REVENUS DES BONS D EQPT ET ASSIMILE"
"732200100","REV. DE CREANCES TITRISEES SUR ETAT"
"732300100","REV AUT PRETS TITRE A SOUSCR OBLIGA"
"732600100","REVENUS DES PRETS ET TITRES IMPAYES"
"733100100","REV D ACTION PARTS D ETSS DE CREDIT"
"733200100","REVENUS DE BONS DU TRESOR"
"733300100","REV D AUTRES ACTIONS ET PARTS NEGOC"
"733400100","REVENUS D OBLIGATIONS ET BONS ASSIM"
"733500100","REV OBLIGA PROPRES RACH PAR ANTICIP"
"733600100","REV. D AUTRES TITRES A COURT TERME"
"733700100","REVENUS DE TITRES DOUTEUX"
"734100100","REV. D ACTION ET PARTS D ETABLISS"
"734200100","REVENUS DE BONS DU TRESOR"
"734300100","REV AUTRES ACTIONS ET PARTS  NEGOC"
"734400100","REV D OBLIGATIONS ET BONS ASSIMILES"
"734500100","REV OBLIGA PROPRES RACH PAR ANTICIP"
"734600100","REV D AUTRES TITRES A COURT TERME"
"741000100","JETONS DE PRESENCE"
"742000100","REVENUS DES BIENS MEUBLES"
"742000101","REVENUS DES BIENS IMMOBILIERS"
"743000100","ETUDES CEDEES"
"744000100","FRAIS IMMOBILISES"
"745000100","PRODUCTION IMMOBILISEES"
"746000100","REFACTURATION DE FRAIS DIVERS"
"747000100","TRANSFERT DE CHARGES"
"749000100","AUTRES PRODUITS ACCESOIRES"
"761000100","SUBVENTION D EXPLOITATION"
"762000100","SUBVENTION D EQUILIBRE"
"771100100","PRODUITS D EXP BCAIRE SUR EXO ANTE-OPS DE TRESORERIE"
"771200100","PRODUITS D EXP BCAIRE SUR EXO ANTE AVC LA CLTELE DE CRED BAIL"
"771300100","PRODUITS D EXP BCAIRE SUR EXO ANTE- OPS BANCAIRES DIVERSES"
"772100100","PRODUITS DIV SUR EXO ANTE DU PORTEFEUILLE DES TITRES"
"772200100","PRODUITS DIVERS SUR EXO ANTERIEURS- PRDTS ACCESSOIRES"
"772300100","PRODUITS DIV SUR EXO ANTE-SUBVENT. D EXPLOIT. ET D EQUILIBRE"
"772900100","PRODUITS DIV SUR EXO ANTE-AUTRES PRODUIT DIVERS"
"773000100","INDEMNITE D ASSURANCE"
"774000100","PROV SPEC ET RESERV  REEVAL REPSES"
"775000100","SUBVENTION D INVESTISSEMT REPRISES"
"776100100","PLUS VALUES SUR CESSION DE TITRES DE PLACE ET DE PARTICIP"
"776200100","PV SUR CESSION D AUT  ELTS D ACTIF"
"777000100","TSFER DE CHGS EXCEP OU SUR EXO ANT"
"778000100","SALAIRES ET INDEMNITES ABANDONNES"
"779100100","DIV PROFIT EXCEPT -SUR OPS DE TRESORERIE"
"779200100","DIV PROFIT EXCEPT - OPS AVEC LA CLIENTELE"
"779300100","DIV PROFIT EXCEPT - OPS BANCAIRES DIVERSES"
"779600100","DIV PROFIT EXCEPT -EXCEDENTS DE CAISSE"
"779900100","DIV PROFIT EXCEPT -AUTRES"
"780000100","REP AMORTS DES FRAIS  ET VALS IMMOB"
"782000100","REP D AMORT DES IMMOBIL CORPORELLES"
"791100100","REP SUR PROVS POUR RISQUES ET CHGS"
"791100101","REP PROV GENERALE SUR CREANCES SAINES"
"791200100","REP SUR PROV POUR DEPREC VALS IMMOB"
"791300100","REP SUR PROV PR DEPREC CPTES CLTELE"
"791400100","REP PROV DEPREC CPTE D AUTRES TIERS ET REGUL"
"791500100","REP PROVS PR DEPREC CPTES DE TRESO"
"851000100","RESULTAT AVANT IMPOTS SUR LE BENEFICE"
"852000100","RESULTAT INTERMEDIAIRE"
"861000100","IMPOT SUR LES SOCIETES (EXERCICE EN COURS)"
"862000100","RAPPELS SUR EXERCICES ANTERIEURS (SOLDE DEBITEUR)"
"863000100","DEGREVEMENT SUR EXERCICES ANTERIEURS (SOLDE CREDITEUR)"
"871000100","RESULTAT NET DE L EXERCICE"
"875000100","RESULTAT NET EN INSTANCE AFFECT"
"901000100","ACCORDS DE REFINANCEMENT DONNES"
"902000100","CAUTIONS ET AVALS PAR ACTES SÉPARÉS ET ENDOS"
"903000100","CONFIRMATIONS DES CRÉDITS DOCUMENTAIRES OUVERTS PAR UN CORRESPONDANT"
"904000100","ACCEPTATIONS À PAYER"
"905000100","AUTRES GARANTIES IRRÉVOCABLES OU INCONDITIONNELLES"
"906000100","CONTREGARANTIE FAVEUR DES CORRSPONDANTS"
"911000100","ACCORDS DE REFINANCEMENT RECUS"
"912000100","CONTREGARANTIES SUR PRETS AUX INST. FINANCIERES"
"913000100","CONTR GTIE SUR CREDIT PAR CAISSE"
"914000100","CONTRE GARANTIES SUR ACCEPTATION ET OUVERT. CREDITS CONFIRMES"
"915000100","CONTR GTIE AUTRES ENGTS PAR SIGNATURE"
"916000100","CONTR GTIE SUR TITRES EN PORTEFEUILLE"
"918000100","VALEURS GEREES POUR COMPTE DE CORRESPONDANTS"
"919000100","AUTRES ENGAGEMENTS RECUS DES CORRESPONDANTS"
"921100100","ACCEPTATIONS A PAYER SAINS"
"921200100","OUVERTURES DE CREDITS DOCUMENTAIRES CONFIRMES SAINS"
"921200101","OUVERTURE REMDOC IMPORT SAINS"
"921200102","OUVERTURE REMDOC EXPORT SAINS"
"921200103","OUVERTURE CREDOC IMPORT SAINS"
"921200104","OUVERTURE CREDOC EXPORT SAINS"
"921300100","AUTRES OUVERTURES DE CREDITS CONFIRMES SAINS"
"921400100","CAUTIONS ET AVALS SAINS"
"921400101","CAUTIONS, AVALS"
"921400102","CAUTIONS, ENTREPOT FICTIF"
"921400103","CAUTION DE SOUMISSION"
"921400104","CAUTIONS  SOLIDAIRE"
"921400105","CAUTIONS  D AGREMENT"
"921400106","CAUTIONS AVANCE DE DEMARRAGE"
"921400107","CAUTIONS  BONNE FIN ET BONNE EXECUTION"
"921400108","CAUTIONS  RETENUE DE GARANTIE"
"921400109","CAUTIONS  GARANTIE DE PAIEMENT"
"921400110","CAUTIONS EN DOUANES"
"921400111","AVAL SUR TRAITE"
"921400112","CAUTIONS  DEFINITIVES"
"921400113","CAUTIONS  PROVISOIRE"
"921400114","CAUTIONS  DE RESTITUTION D ACOMPTE"
"921500100","GARANTIES DE REMBOURSEMENT DE CREDIT SAINS"
"921900100","AUTRES GARANTIES SAINS"
"922100100","ACCEPTATIONS A PAYER SENSIBLES"
"922200100","OUVERTURES DE CREDITS DOCUMENTAIRES CONFIRMES SENSIBLES"
"922300100","AUTRES OUVERTURES DE CREDITS CONFIRMES SENSIBLES"
"922400100","CAUTIONS ET AVALS SENSIBLES"
"922500100","GARANTIES DE REMBOURSEMENT DE CREDIT SENSIBLES"
"922900100","AUTRES GARANTIES SENSIBLES"
"931100100","HYPOTHEQUES DE 1ER ET 2ÈME RANG"
"931200100","AUTRES HYPOTHEQUES"
"932100100","GARANTIE DES CREDITS PAR CAISSE"
"932200100","GTIE ACCEPT SOUSCRITE OUV CRED CONFIRME"
"932300100","GARANTIE D AUTRES ENGAGEMENT PAR SIGNATURE"
"932400100","GARANTIE D ENGAGEMENTS MULTIPLES"
"933000100","GAGES"
"934000100","AVALS ET CAUTIONS RECUS"
"938000100","VAL GEREES POUR COMPTE DE LA CLIENTELE"
"939000100","AUTRES GARANTIES RECUS"
"941000100","REDEVANCES DE CRÉDIT-BAIL MOBILIER"
"951100100","TITRES D'INVESTISSEMENT PRIVES AFFECTES EN GARANTIE DES OPERATIONS DU MARCHE MONETAIRE"
"951200100","AUTRES TITRES ET VALEURS PRIVES AFFECTES EN GARANTIE DES OPERATIONS DU MARCHE MONETAIRE"
"952100100","TITRES D INVESTISSEMENT PUBLICS AFFECTES EN GARANTIE DES OPERATIONS DU MARCHE MONETAIRE"
"952200100","AUTRES TITRES ET VALEURS PUBLICS AFFECTES EN GARANTIE DES OPERATIONS DU MARCHE MONETAIRE"
"953000100","TITRES A RECEVOIR INTERVENTION A L EMISSION"
"954000100","TITRES A RECEVOIR MARCHE GRIS"
"955000100","TITRES A LIVRER MARCHES GRIS"
"961000100","GARANTIE RECU DE L ETAT"
"962000100","GARANTIE RECU DES ORGANISMES PUBLICS"
"971100100","FCFA ACHETES CTANT NON ENCORE RECU"
"971200100","DEV ACHETES CTANT NON ENCORE RECU"
"971300100","FCFA VENDUS CTANT NON ENCORE LIVRES"
"971400100","DEV VENDUES CTANT NON ENCORE LIVRES"
"972100100","FCFA ACHETES A TERME NON ENC RECUS"
"972200100","DEVISES ACHET. A TERM NON ENC RECUS"
"972300100","FCFA VENDUS A TERM NON ENC LIVRES"
"972400100","DEVISE VENDU A TERM NON ENC LIVRES"
"973100100","DEVISES EMPRUNTEES NON ENC RECUES"
"973200100","DEVISES EMPRUNTEES NON ENC LIVREES"
"974100100","CONTREPARTIE DES OPS EMPRUNT EN DEVISES"
"974200100","CONTREPARTIE DES OPS PRETS EN DEVISES"
"976100100","REPORT/ DEPORT A RECEVOIR"
"976200100","REPORT/ DEPORT A PAYER"
"977000100","USD COMPTE DE POSITION HB"
"977000101","EUR COMPTE DE POSITION HB"
"977000102","XOF COMPTE DE POSITION HB"
"977000103","DKK COMPTE DE POSITION HB"
"977000104","NOK COMPTE DE POSITION HB"
"977000105","SAR COMPTE DE POSITION HB"
"977000106","GBP COMPTE DE POSITION HB"
"977000107","AED COMPTE DE POSITION HB"
"977000108","AON COMPTE DE POSITION HB"
"977000109","AUD COMPTE DE POSITION HB"
"977000110","BIF COMPTE DE POSITION HB"
"977000111","BND COMPTE DE POSITION HB"
"977000112","BWP COMPTE DE POSITION HB"
"977000113","CDF COMPTE DE POSITION HB"
"977000114","CVE COMPTE DE POSITION HB"
"977000115","DJF COMPTE DE POSITION HB"
"977000116","CHF COMPTE DE POSITION HB"
"977000117","ERN COMPTE DE POSITION HB"
"977000118","GHC COMPTE DE POSITION HB"
"977000119","GMD COMPTE DE POSITION HB"
"977000120","GNF COMPTE DE POSITION HB"
"977000121","INR COMPTE DE POSITION HB"
"977000122","KES COMPTE DE POSITION HB"
"977000123","KMF COMPTE DE POSITION HB"
"977000124","CAD COMPTE DE POSITION HB"
"977000125","LRD COMPTE DE POSITION HB"
"977000126","LSL COMPTE DE POSITION HB"
"977000127","MAD COMPTE DE POSITION HB"
"977000128","MGA COMPTE DE POSITION HB"
"977000129","MRO COMPTE DE POSITION HB"
"977000130","MWK COMPTE DE POSITION HB"
"977000131","MZN COMPTE DE POSITION HB"
"977000132","NAD COMPTE DE POSITION HB"
"977000133","RWF COMPTE DE POSITION HB"
"977000134","SDD COMPTE DE POSITION HB"
"977000135","SEK COMPTE DE POSITION HB"
"977000136","SLL COMPTE DE POSITION HB"
"977000137","SOS COMPTE DE POSITION HB"
"977000138","STD COMPTE DE POSITION HB"
"977000139","SZL COMPTE DE POSITION HB"
"977000140","TZS COMPTE DE POSITION HB"
"977000141","UCA COMPTE DE POSITION HB"
"977000142","JPY COMPTE DE POSITION HB"
"977000143","UGX COMPTE DE POSITION HB"
"977000144","YEN COMPTE DE POSITION HB"
"977000145","ZMK COMPTE DE POSITION HB"
"977000146","ZWD COMPTE DE POSITION HB"
"977000147","NGN COMPTE DE POSITION HB"
"977000148","GHS COMPTE DE POSITION HB"
"977000149","ZAR COMPTE DE POSITION HB"
"977000150","TND COMPTE DE POSITION HB"
"977000151","SGD COMPTE DE POSITION HB"
"977000152","COMPTE DE POSITION HB AUTRES DEV"
"978000100","USD COMPTE DE CONTREVALEU POSITION HB"
"978000101","EUR COMPTE DE CONTREVALEUR POSITION HB"
"978000102","XOF COMPTE DE CONTREVALEUR POSITION HB"
"978000103","DKK COMPTE DE CONTREVALEUR POSITION HB"
"978000104","NOK COMPTE DE CONTREVALEUR POSITION HB"
"978000105","SAR COMPTE DE CONTREVALEUR POSITION HB"
"978000106","GBP COMPTE DE CONTREVALEUR POSITION HB"
"978000107","AED COMPTE DE CONTREVALEUR POSITION HB"
"978000108","AON  COMPTE DE CONTREVALEUR POSITION HB"
"978000109","AUD COMPTE DE CONTREVALEUR POSITION HB"
"978000110","BIF COMPTE DE CONTREVALEUR POSITION HB"
"978000111","BND COMPTE DE CONTREVALEUR POSITION HB"
"978000112","BWP COMPTE DE CONTREVALEUR POSITION HB"
"978000113","CDF COMPTE DE CONTREVALEUR POSITION HB"
"978000114","CVE COMPTE DE CONTREVALEUR POSITION HB"
"978000115","DJF COMPTE DE CONTREVALEUR POSITION HB"
"978000116","CHF COMPTE DE CONTREVALEUR POSITION HB"
"978000117","ERN COMPTE DE CONTREVALEUR POSITION HB"
"978000118","GHC COMPTE DE CONTREVALEUR POSITION HB"
"978000119","GMD COMPTE DE CONTREVALEUR POSITION HB"
"978000120","GNF COMPTE DE CONTREVALEUR POSITION HB"
"978000121","INR COMPTE DE CONTREVALEUR POSITION HB"
"978000122","KES COMPTE DE CONTREVALEUR POSITION HB"
"978000123","KMF COMPTE DE CONTREVALEUR POSITION HB"
"978000124","CAD COMPTE DE CONTREVALEUR POSITION HB"
"978000125","LRD COMPTE DE CONTREVALEUR POSITION HB"
"978000126","LSL COMPTE DE CONTREVALEUR POSITION HB"
"978000127","MAD COMPTE DE CONTREVALEUR POSITION HB"
"978000128","MGA COMPTE DE CONTREVALEUR POSITION HB"
"978000129","MRO COMPTE DE CONTREVALEUR POSITION HB"
"978000130","MWK COMPTE DE CONTREVALEUR POSITION HB"
"978000131","MZN COMPTE DE CONTREVALEUR POSITION HB"
"978000132","NAD COMPTE DE CONTREVALEUR POSITION HB"
"978000133","RWF COMPTE DE CONTREVALEUR POSITION HB"
"978000134","SDD COMPTE DE CONTREVALEUR POSITION HB"
"978000135","SEK COMPTE DE CONTREVALEUR POSITION HB"
"978000136","SLL COMPTE DE CONTREVALEUR POSITION HB"
"978000137","SOS COMPTE DE CONTREVALEUR POSITION HB"
"978000138","STD COMPTE DE CONTREVALEUR POSITION HB"
"978000139","SZL COMPTE DE CONTREVALEUR POSITION HB"
"978000140","TZS COMPTE DE CONTREVALEUR POSITION HB"
"978000141","UCA COMPTE DE CONTREVALEUR POSITION HB"
"978000142","JPY COMPTE DE CONTREVALEUR POSITION HB"
"978000143","UGX COMPTE DE CONTREVALEUR POSITION HB"
"978000145","ZMK COMPTE DE CONTREVALEUR POSITION HB"
"111111111","CAPITAUX PERMANENTS"
"1710000A3","OBLIGATIONS ÉMISES"
"728300167","COMMISSIONS SUR TRANSFERT EMIS EN LOCAL ACCESS MORE"
"381000176","COMPTE D ATTENTE VISA ETUDIANTS CLIENTELISE"
"245000101","AVANCES ET ACOMPTES IMMOBILISATIONS CLIENTELISE"
"245000103","GIMAC PROJECT AVANCES ET ACOMPTES IMMOBILISATIONS"
"643800200","AUTRES SERVICES CONSOMMES-OUTSOURCED STAFF"
"471200100","PRODUITS A RECEVOIR"
"466000156","WESTERN UNION WAFACASH  RECEIVABLE ACCOUNT"
"728300169","COMMISSIONS ON BILL PAYMENTS PRIMUS PLUS"
"294500100","PROV MATERIEL ET MOBILIER D EXPLOITATION"
"308000105","CREANCES RATTACHEES CREDITS LONG TERME DOUTEUX"
"369000101","DETTES RATTACHES - MANUELLE"
"625000106","COMMISSIONS PAYES SUR OPERATIONS AGENCY BANKING"
"245000105","SCB MIGRATION PROJECT AVANCES ET ACOMPTES IMMOBILISATIONS"
"245000106","MARCHE CENTRALE BRANCH PROJECT AVANCES ET ACOMPTES IMMOBILISATIONS"
"728300171","COMMISSIONS CASH EXPRESS WAFACASH"
"225000113","TERMINAL DE PAIEMENT ELECTRONIQUE (TPE)"
"728300170","PRIMUS+ SUBSCRIPTION FEES"
"728300172","COMMISSIONS WORLDREMIT  WAFACASH"
"386000131","CASH EXPRESS WAFACASH RECEIVABLE ACCOUNT"
"381000165","CASH EXPRESS WAFACASH PAYABLE ACCOUNT"
"560400101","SECURITIES REPO OUT"
"561400101","SECURITIES REPO IN"
"475000004","POSITION DE CHANGE-A"
"475000160","COMPTE POSITION DE CHANGE CALYPSO"
"476000160","CPTE DE CONT VAL POS CHGE CALYPSO"
"728400107","COMMISSIONS HOST TO HOST"
"658000105","INDEMNITE DE LOGEMENT"
"658000106","INDEMNITE DE CONSOMATION ELECTRICITE EAU ET AUTRES FOURNITURES"
"658000107","INDEMNITE DE DIVERTISSEMENT"
"658000108","AUTRES INDEMNITE DU PERSONNEL"
"658000109","INDEMNITE DE LICENCIEMENT"
"658000110","INDEMNITE DE DECES"
"645500101","FORMATION DU PERSONNEL A L ETRANGER"
"381000168","MANAGER CHECK CLIENTELISE"
"651100199","PROVISION 13TH MONTH SALARY"
"659000199","PROVISION STAFF LEAVE ALLOWANCES"
"643100199","PROVISION STAFF TELEPHONE ALLOWANCE"
"651109199","PROVISION BONUS ET AUTRES"
"656100199","PROVISION OTHER STAFF BENEFIT"
"656000199","PROVISION STAFF XMAS GIFTS"
"642000199","PROVISION FOREIGN TRAVELS-LODGING & PASSAGES"
"466000200","SYNDICATED LOAN SETTLEMENT SUSPENSE ACCOUNT"
"728300168","COMMISSIONS ON BILL PAYMENTS ACCESS MORE"
"379000101","DETTES RATTACHEES SUR COMPTES COURANT"
"658000111","INDEMNITE DE TRANSPORT"
"642000129","TRANSPORT ET DEMENAGEMENT STAFF"
"643800109","FRAIS LGA ET AUTRES"
"643600113","ENTRETIEN ET REPARATION SIGNAGES"
"643300113","PUBLICITE CHANNELS PARTNERSHIPS"
"643300114","PROMOTIONS ET CUSTOMER SERVICE WEEK"
"643300115","RELATION AVEC LES MEDIA"
"643300116","CADEAUX DE FIN D ANNEE A LA CLIENTELE"
"643300117","RECHERCHES ET ETUDES DE MARCHE"
"643500107","HONORAIRE CONSEILS ET STRATEGIE"
"643700116","SCHEME COSTS"
"643700117","3RD PARTY PROCESSING FEES"
"643700108","ATM Accessories fees"
"643700118","MOBILE BANKING FEES"
"645500100","FORMATION LOCALE DU PERSONNEL"
"729300101","PACKAGE FEES ALDO"
"729300102","PACKAGE FEES SALAIRE 1"
"729300103","PACKAGE FEES SALAIRE 2"
"729300104","PACKAGE FEES SALAIRE 3"
"729300105","PACKAGE FEES FONCTIONNAIRE 1"
"729300106","PACKAGE FEES FONCTIONNAIRE 2"
"729300107","PACKAGE FEES VETERAN"
"729300108","PACKAGE FEES W START UP"
"728300164","USSD COMMISSIONS"
"644100199","PROVISION SYSTEM SUPPORT EXPENSES"
"643600199","PROVISION SOFTWARE MAINTENANCE - CONTRACT EXPENSES"
"643300199","CSR, CHARITIES & DONATIONS"
"643309999","PROVISION CORPORATE GIFTS"
"643309199","PROVISION MKTING, PROMOTIONS & EXHIBITIONS"
"643500199","PROVISION LEGAL FEES & CHARGES"
"643509999","PROVISION AUDIT FEES"
"381000172","COMPTE DE PASSAGE PRIMUS PLUS"
"381000173","COMPTE DE PASSAGE ACCESS MORE INVOICES"
"381000174","COMPTE DE PASSAGE ACCESS MORE SABC   "
"463000100","MANQUANT DE CAISSE"
"381000175","DAP POUR OPERATION INTERNATIONAL CLIENTELISE"
"467000161","WAFACASH SETTLEMENT  ACCOUNT CR"
"724200138","DIGITAL COMMISSION PVI & NPVI"
"724200139","MANUAL COMMISSION PVI & NPVI"
"225000114","POWER SUPPLY EQUIPMENT"
"282500113","AMORT TERMINAL DE PAIEMENT ELECTRONIQUE (TPE)"
"282500114","AMORT GROUPE ELECTROGENE"
"682500113","DOTATION AUX AMORT TERMINAL DE PAIEMENT ELECTRONIQUE (TPE)"
"682500114","DOTATION AUX AMORT GROUPE ELECTROGENE"
"641300108","CHARGE SUR IMPRESSION DE RAPPORT ANNUEL"
"852000101","RESULTAT INTERMEDIAIRE STANDARD CHARTERED BANK CAMEROON"
"643800110","AUTRES FRAIS DE RECRUTEMENT"
"729300109","PACKAGE FEES WSME"
"729300110","PACKAGE FEES BOSS"
"729300111","PACKAGE FEES DIASPO CURRENT"
"729300112","PACKAGE FEES DIASPO SAVINGS"
"729300113","PACKAGE FEES FLEXI"
"729300114","PACKAGE FEES PRESTIGE"
"378000102","CREANCES RATTACHEES COT"
"454000107","CONVERSION GL OVERDRAFT"
"454000105","COMPTE DE CONVERSION COMPTE NOSTRO"
"454000106","COMPTE DE CONVERSION OBLIGATION DU TRESOR"
"1810000A3","EMPRUNT PARTICIPATIFS"
"2651000A4","TITRES D’INVESTISSEMENT PRIVÉS"
"2821000A4","IMMEUBLE D EXPLOITATION"
"2825000A4","MATÉRIEL ET MOBILIER D EXPLOITATION"
"2901300A5","FRAIS AQUISITION IMMOBILISATION"
"2902400A5","ETUDES ET RECHERCHES IMMOBILISABLES"
"2949000A4","AUTRES IMMOBILISATIONS CORPORELLES"
"2964000A4","TITRES DE L’ACTIVITÉ DE PORTEFEUILL"
"3026000A4","CREDITS MORATORIES OU CONSOLIDES SUR L'ETAT LT"
"3110000A3","CRÉDITS À MOYEN TERME SAINS"
"3116000A4","CREDITS MORATORIES OU CONSOLIDES SUR L'ETAT MT"
"2012000A4","FRAIS D EMISSION DES EMPRUNT"
"2023000A4","BREVETS, LOGICIELS, LICENCES"
"2130000A3","TERR AFFCT CRD-BAIL, LOC AV OPT ACH"
"5700000A2","CAISSE"
"5750000A3","MOUVEMENT DE FONDS"
"5830000A3","CREANCES DOUTEUSES"
"5914000A4","PROV DEPRECIATION DES OBLIGATIONS ET BONS ASSIMILES"
"6153000A4","DOT AUX PROVS POUR PERTES LATENTES"
"6190000A3","INT. SUR AUTRES CPTE  CLIENTELE"
"6232000A4","COMM ET FRAIS SUR OPS CHANG À TERM"
"6438000A4","AUTRES SERVICES"
"6451000A4","CONSEIL D ADM JETON DE PRESENCE"
"6510000A3","REMUN DIRECTES  CADRES PERMANENTS"
"6560000A3","INDEMNITES SOCIALES"
"6790000A3","PERTES EXCEPTIONNELLES"
"6796000A4","DEFICITE DE CAISSE NON RECUPERES"
"6801000A4","DOTATION AUX AMORT DES FRAIS IMMOB"
"9213000A4","AUTRES OUVERTURES DE CREDITS CONFIRMES"
"9223000A4","AUTRES OUVERTURES DE CREDITS CONFIRMES"
"9722000A4","DEVISES ACHET. A TERM NON ENC RECUS"
"9741000A4","EMPRUNTS EN DEVISES"
"9770000A3","POSITION DE CHANGE HORS-BILAN"
"7040000A3","INTERETS SUR PRETS  AU JOUR LE JOUR"
"7065000A4","COMMISSIONS SUR COMPTES A VUE"
"7150000A3","PROD/ OPS CREDIT BAIL ET OPS ASSIM."
"7300000A2","PRO PORTEF TITRE ET PRET SOUSCR OBL"
"7315000A4","REV. TITRES PRIVES IMMOBILISES"
"7326000A4","REVENUS DES PRETS ET TITRES IMPAYES"
"7750000A3","SUBVENTION D INVESTISSEMT REPRISES"
"7790000A3","DIVERS PRODUIT EXCEPTIONNELS"
"7800000A2","REPRISES D AMORTISSEMENTS"
"3215400A5","CREDIT CAMPAGNE CREDITS A L'EXPORTATION"
"3220000A3","CRÉDITS DE TRESORERIE"
"3222000A4","CREDITS DE TRESORERIE"
"3590000A3","DETTES RATTACHES"
"3711000A4","COMPTES COURANTS SAINS"
"3723000A4","AUTRES COMPTES DE CHEQUES"
"4160000A3","COMPTES D ENCAISSEMENT CORRESPONDEN"
"4300000A2","ETAT ET ORGANISMES INTERNATIONAUX"
"4390000A3","DIVERSES REGULARISATIONS FISCALES"
"4900000A2","PRO DEPREC DES CPTES D AUTRES TIERS"
"5100000A2","TITRES DE PLACT ET DE TRANSACTION"
"5114200A5","AUTRES OBLIGATIONS ET BONS ASSIMILES PLACEMENT"
"5252000A4","PLACEMENTS A 28 JOURS"
"5290000A3","DETTES RATTACHEES"
"5400000A2","PRETS, EMPRUNTS A TERME -CORR"
"5446000A4","ETABLISSEMENTS FINANCIERS NON ASSOC"
"5500000A2","PRETS ET EMPRUNTS AU JOUR LE JOUR"
"5516000A4","ETABLISSEMENTS FIN NON ASSOCIÉS"
"5522000A4","INSTITUTIONS FINANCIERES SPEC"
"384000109","UNCLAIMED RT TRANSACTION"
"384000116","RT SA BRANCH TELLER"
"384000161","SOM DUES AUX CCANTS SUR TRN POS- PMT NET HEBDOMADAIRE"
"386000102","AUTRES SOMMES DUES CPTES FERMES"
"394100101","PROVISIONS SUR CREANCES DOUTEUSES DEPUIS AU PLUS UN AN COUVERTES PAR DES GARANTIES ELIGIBLES"
"202300101","REEVAL BREVETS, LOGICIELS, LICENCES"
"235000100","MATERIEL ET MOBILIER D EXPLOITATION EN COURS"
"282100104","AMORT REEVAL IMMEUBLES & AGENCEMENTS "
"9990000A3","DIFFÉRÉS ORDINATEURS HORS BILAN"
"290110100","FRAIS RELATIF AU PACTE SOCIAL"
"295000100","PROV DEPOTS ET CAUTIONNEMENTS"
"466000165","POS ON-US S/A"
"466000171","MASTER PASS ACQUIRER SUSPENS ACCOUNT"
"676200100","MOINS VAL SUR CESS D AUTRES ELTS ACTIF"
"680110100","DOTATION AUX AMORT FRAIS RELATIF AU PACTE SOCIAL"
"623200101","CHARGES SUR IMPORTATION DES DEVISES A TERME"
"642000120","FRAIS HOTEL ET HEBERGEMENT MANAGEMENT"
"643400106","LOYERS ET CHARGES LOCATIVES - GAB"
"643800102","SERVICES SECURITE ET GARDIENNAGE RESIDENCES"
"651100102","PRIME CADRE SUPERIEUR LOCAUX"
"724200118","FRAIS DE DOCUMENT NON CONFORME LC EXPORT"
"728300146","COMPTE DE FRAIS SUR LIMITE EXCEDENTAIRE"
"729000117","AUTRES COMMISSIONS CLOTURE DE CPTE"
"792000100","RENTRÉES SUR CRÉANCES ABANDONNÉES"
"381000169","DAP COMPENSES MANUELLE CLIENTELISE"
"643100107","SERVICE - TRANMISSION DE DONNEES"
"660000107","DROITS D ACCISE"
"381000170","CPTE ATTENTE REGLEMENT DROITS DE DOUANE"
"511800101","CREANCES RATTACHEES - MANUELLES"
"282900100","AMORT AUTRES IMMOB CORP"
"682900100","DOTATIONS AUX AMORT AUTRES IMMOB CORP"
"433000109","CREDIT DE TVA"
"643300999","PROVISION ADVERTISEMENT EXPENSES"
"643399999","PROVISION EVENTS & SPONSORSHIP"
"641300199","PROVISION YEAR END CORPORATE GIFTS"
"645100199","PROVISION BOARD EXP. - DIRECTORS FEES"
"645100999","PROVISION OTHER BOARD EXPENSES"
"643500999","PROVISION TAX CONSULTANCY FEES"
"645400199","PROVISION PROFESSIONAL SERVICE FEES"
"511210100","BONS DE TRESOR (BTA) - PLACEMENT"
"511220100","AUTRES BONS ET ASSIMILES - PLACEMENT"
"591210100","PROV DÉPRÉCIATION  BONS DU TRÉSOR - PLACEMENT"
"645599999","PROVISION LOCAL TRAINING EXPENSES"
"654000199","SERVICE CONTRACTS - HR"
"643100999","PROVISION TELEPHONE EXPENSES - OFFICE"
"643800199","PROVISION SECURITY SUPPORT EXPENSE"
"645200199","PROVISION INSURANCE - OPERATIONAL"
"643400199","PROVISION RENTS - OFFICE PREMISES"
"643400299","PROVISION RENTS - RESIDENTIAL PREMISES"
"641100199","PROVISION VEHICLE MAINTENANCE - MOTOR FUEL & OIL"
"641109199","PROVISION UTILITIES - ELECTRICITY"
"643700199","PROVISION Cards & Accessories"
"643109199","PROVISION COMMUNICATION EXPENSES"
"591220100","PROV DÉPRÉCIATION  AUTRES BONS ET ASSIMILES - PLACEMENT"
"591410100","PROV DEPRECIATION DES OBLIGATIONS (OTA)_PLACEMENT"
"591420100","PROV DEPRECIATION DES AUTRES OBLIGATIONS ET ASSIMILES_PLACEMENT"
"728300165","COMMISSIONS SUR TRANSFERT EMIS EN LOCAL USSD"
"928000100","VALEURS DÉTENUES POUR COMPTE DE TIERS"
"728300166","COMMISSIONS SUR TRANSFERT EMIS EN LOCAL PRIMUS PLUS"
"245000102","MASTERCARD PROJECT AVANCES ET ACOMPTES IMMOBILISATIONS"
"245000104","VISA PROJECT AVANCES ET ACOMPTES IMMOBILISATIONS"
"720000104","COMM EMISSION RELEVE DE COMPTE E-Statement"
"382000102","COMPTES BLOQUES CAPITAL SOCIAL"
"161300100","FONDS AFFECT DE FIN DES ÉTUDES"
"185000100","TITRES DE CREANCES NEG EMIS"
"433000110","TVA RETENUE A LA SOURCE ATM"
"381000120","RIA WAFACASH PAYABLE  ACCOUNT"
"193500100","PROVISIONS DE PROPRES ASSUREURS"
"292800100","PROV MAT ET MOB BUR ACQUIS EN REAL GTIE"
"328000108","CREANCES RATTACHEES CREDIT CT DOUTEUX ESCPT CAMP TRESOR"
"525200100","PLACEMENTS A 28 JOURS"
"539000100","DETTES RATTACHEES AUTRE VAL DON EN PENSION OU ACHETE FERME"
"558000100","CREANCES RATTACHEES PRET EMPRUNT AU JR LE JR - ASSOCIES"
"571000137","COMPTE CAISSE ATM 11"
"403000103","SOMMES DUES AUX FOURNISSEURS - OFFICE SUPPLIERS"
"403000104","SOMMES DUES AUX FOURNISSEURS - SERVICE PROVIDERS"
"403000105","SOMMES DUES AUX FOURNISSEURS - TECHNOLOGY VENDORS"
"403000106","SOMMES DUES AUX FOURNISSEURS - PROFESSIONAL CONSULTING SERVICES"
"403000107","SOMMES DUES AUX FOURNISSEURS - MARKETING & ADVERTISING"
"403000108","SOMMES DUES AUX FOURNISSEURS - UTILITIES"
"403000109","SOMMES DUES AUX FOURNISSEURS - TRAVEL & ACCOMODATION"
"403000110","SOMMES DUES AUX FOURNISSEURS - TRAINING & DEVELOPMENT"
"403000111","SOMMES DUES AUX FOURNISSEURS - RENTS"
"454000101","COMPTE DE CONVERSION BONS DE TRESOR"
"454000102","COMPTE DE CONVERSION CREDITS"
"454000103","COMPTE DE CONVERSION DEPOTS A TERME"
"454000104","COMPTE DE CONVERSION COMPTE COURANT"
"191101100","SCB PROVS POUR RISQUES DE CREDIT"
"191201100","SCB AUTRES PROVISIONS RISQUES BANC GENERAUX"
"403001100","SCB SOMMES DUES AUX FOURNISSEURS LOCAUX"
"381001114","SCB CHEQUES CERTIFIES"
"433001100","SCB TVA DEDUCTIBLE SUR ACHATS"
"193101100","SCB PROVS POUR LITIGES"
"193701100","SCB PROVS RELATIVES AU PERSONNEL"
"202301100","SCB BREVETS, LOGICIELS, LICENCES"
"211001100","SCB TERRAIN EN EXPLOITATION"
"221001100","SCB IMMEUBLES D EXPLOITATION BANCAIRE"
"221001103","SCB AGENCEMENTS & INSTALLATIONS IMMEUBLES RESIDENTIELS"
"224001100","SCB IMMEUBLE ACQUIS PAR ADJUDIC"
"225001100","SCB MOBILIER  DE BUREAU"
"239001100","SCB AUTRES IMMOBILISATIONS CORPORELLES"
"251001100","SCB DEPOTS ET CAUTIONNEMENTS VERSÉS"
"263001100","SCB AUTRES TITRES DE PARTICIPATION ASSOCIES"
"265111100","SCB TITRES D INVESTISSEMENTS PRIVÉS ADMIS EN GARANTIE DES REFINANCEMENTS DE LA BEAC"
"265211100","SCB TITRES D INVESTISSEMENTS PUBLICS ADMIS EN GARANTIE DES REFINANCEMENTS DE LA BEAC"
"266201100","SCB TITRES DOUTEUX"
"268001100","SCB CREANCES RATTACHEES TITRES IMMOBILISES"
"276001100","SCB PRETS ET TITRES IMPAYES"
"280231100","SCB AMORT BREVETS, LOGICIELS, LICENCES"
"282101100","SCB AMORT IMMEUBLES D EXPLOITATION BANCAIRE"
"282501100","SCB AMORT MOBILIER  DE BUREAU"
"282401100","SCB AMORT IMMEUBLE ACQUIS PAR ADJUDIC"
"296301100","SCB PROV AUTRES TITRES DE PARTICIPATION"
"318001100","SCB CREANCES RATTACHEES CREDITS A MOYEN TERME SAINS"
"328001100","SCB CREANCES RATTACHEES CREDIT COUR TERME SAINS"
"359001100","SCB DETTES RATTACHES BON DE CAISSE"
"369001100","SCB DETTES RATTACHES"
"378001100","SCB CREANCES RATTACHEES SAINS"
"643800111","ACTIVITES DE L EXPERIENCE CLIENT"
"379001100","SCB DETTES RATTACHEES "
"383001100","SCB AVOIRS EN COURS DE PRESCRIPTI "
"413001100","SCB EFFET A RECOUVRER RECU CLIENTELE"
"415001100","SCB COMPTES D ENCAISSEMENT DE CLIENTELE"
"417001100","SCB VALEURS NON PAYEE A PRESENTATION COMPENSATION"
"421001100","SCB AVANCES MENSUELLES SUR TRAITEMENT SAL"
"434001106","SCB TVA COLLECTEE SUR REVENUES ACTIVITES BANCAIRES"
"435001100","SCB AUTRES SOMMES DUES A L ETAT"
"439001100","SCB DIVERSES REGULARISATIONS FISCALES DR"
"443001100","SCB ACTIONNAIRES, DIVIDENDES"
"452601001","SCB COMPTE INTER BRANCHES"
"451601199","SCB LIAISON AUTRES OPS DIVERSES"
"454001100","SCB DIFFÉRÉS ORDINATEUR"
"461001100","SCB SOCIETE D ASSURANCE ET DE CAPITALISATION"
"466001100","SCB ATTENTE A REGULARISER ACHAT DEVISES"
"467001165","SCB AUTRES CREDITEURS DIVERS"
"471101106","SCB AUTRES CHARGES PAYEES D AVANCE"
"471201100","SCB PRODUITS A RECEVOIR"
"472101136","SCB AUTRES CHARGES A PAYER"
"472201100","SCB PRODUITS PERCUS OU COMPTABILISES D AVANCE"
"475001100","SCB USD COMPTE POSITION DE CHANGE"
"476001100","SCB CPTE DE CONT VAL POS CHGE USD"
"511801100","SCB CREANCES RATTACHEES - PLACEMENT"
"548001100","SCB CREANCES RATTACHEES PRET EMPRUNT AU CORRESP - ASSOCIES"
"571001100","SCB CAISSE PRINCIPALE"
"583001100","SCB CREANCES DOUTEUSES SUR CORRESPONDANTS"
"592301100","SCB PROV DÉPRÉCIATION DES CRÉANCES DOUTEUSES SUR LES CORRESPONDANTS"
"913001100","SCB CONTR GTIE SUR CREDIT PAR CAISSE"
"915001100","SCB CONTR GTIE AUTRES ENGTS PAR SIGNATURE"
"921101100","SCB ACCEPTATIONS A PAYER SAINS"
"921201100","SCB OUVERTURES DE CREDITS DOCUMENTAIRES CONFIRMES SAINS"
"921301100","SCB AUTRES OUVERTURES DE CREDITS CONFIRMES SAINS"
"921401100","SCB CAUTIONS ET AVALS SAINS"
"921901100","SCB AUTRES GARANTIES SAINS"
"931101100","SCB HYPOTHEQUES DE 1ER ET 2ÈME RANG"
"939001100","SCB AUTRES GARANTIES RECUS"
"978001100","SCB USD COMPTE DE CONTREVALEU POSITION HB"
"979001100","SCB COMPTE D AJUSTEMENT DEVISES HORS BILAN"
"985101100","SCB INTERETS RESERVES SUR CREANCE EN SOUFFRANCE"
"990001100","SCB CPTE GL DES ENGTS DONNES DES CORRS"
"993001100","SCB CPTE GL DES ENGTS RECUS DE LA CLIENTELE"
"997101100","SCB INTERETS ET COMMISSION RESERVES"
"999001103","SCB DIFFERES ORDINATEURS HORS BILAN DE"
"301721100","SCB CREDITS NON VENTILABLES RESTRUCTURES LT SAINS"
"381001100","SCB DISPOSITION A PAYER"
"382001100","SCB COMPTES BLOQUES - CANTONNEMENT SUR DECISION JUDI"
"394101100","SCB PROVISIONS SUR CREANCES DOUTEUSES DEPUIS AU PLUS UN AN COUVERTES PAR DES GARANTIES ELIGIBLES"
"395301100","SCB PROVISIONS SUR AUTRES CREANCES DOUTEUSES DEPUIS PLUS DE 2 ANS "
"395101100","SCB PROVISIONS SUR AUTRES CREANCES DOUTEUSES DEPUIS AU PLUS UN AN "
"477001100","SCB COMPTES D AJUSTEMENT DEVISES"
"541401100","SCB PRETS A TERME BANK NON ASSOC."
"971201100","SCB DEV ACHETES CTANT NON ENCORE RECU"
"972401100","SCB DEVISE VENDU A TERM NON ENC LIVRES"
"977001100","SCB USD COMPTE DE POSITION HB"
"382000103","COMPTES BLOQUES - CANTONNEMENT SUR DECISION JUDICIARES CLIENTELISE"
"729300115","ACCESS MORE SUBSCRIPTION FEE"
"729300116","ACCESS BANK USSD SUBSCRIPTION FEE"
"729300117","ACCESS BANK DEBIT CARD SUBSCRIPTION FEE"
"235000200","MATERIEL ET MOBILIER D EXPLOITATION EN COURS DYNAMICS"
"308001100","SCB CREANCES RATTACHEES CREDITS LONG TERME SAINS"
"717300120","PROCESSING FEES IDF"
"717300130","MANAGEMENT FEES MEDIUM TERM LOANS"
"728300122","MTN Virtual Card Transaction Fees"
"717300110","MANAGEMENT FEES SHORT TERM LOANS"
"403000112","SOMMES DUES AUX FOURNISSEURS - INSURANCE"
"403000113","SOMMES DUES AUX FOURNISSEURS - HR"
"466000153","DEBITEURS DIVERS ACCESS BANK ARIQUE DU SUD "
"779900101","DIV PROFIT EXCEPT GAIN SUR INVENTAIRE DE STOCKS"
"651100105","13TH MONTH SALARY"
"643800112","EXPERIENCE CLIENT ENGAGEMENT DU PERSONNEL"
