"DESCRIPTION","TRN_REF_NO","AC_NO","AC_CCY","FCY_AMOUNT","LCY_AMOUNT","TRN_DT","DRCR_IND","USER_ID","AUTH_ID","AMOUNT_TAG","STMT_DT","AC_NATURAL_GL","PRODUCT","AC_GL_DESC","MODULE","EXTERNAL_REF_NO"
"REGULARISATION REVENUE GA2J00000218","099000f222630001","511800101","XAF",,25717808,20-SEP-22,"D","FADILAID0005","CELESID0018","TXN_AMT",20-SEP-22,"","000f","CREANCES RATTACHEES - MANUELLES","DE",""
"Accrued interest at purchase of CM2B00000103","099000c222630001","511800101","XAF",,19417808,20-SEP-22,"D","FADILAID0005","CELESID0018","TXN_AMT",20-SEP-22,"","000c","CREANCES RATTACHEES - MANUELLES","DE",""
"Accrued interest at purchase of CM2B00000103","099000c222630001","511800101","XAF",,6616438,20-SEP-22,"D","FADILAID0005","CELESID0018","TXN_AMT",20-SEP-22,"","000c","CREANCES RATTACHEES - MANUELLES","DE",""
"Interest income of XAF 143 452 055 CG2A000000197","099000g222640001","511800101","XAF",,8917808,21-SEP-22,"D","FADILAID0005","CELESID0018","TXN_AMT",21-SEP-22,"","000g","CREANCES RATTACHEES - MANUELLES","DE",""
"Accrued interest at purchase of XAF 4,142,466 CG2A000000197","099000g222640001","511800101","XAF",,4142466,21-SEP-22,"D","FADILAID0005","CELESID0018","TXN_AMT",21-SEP-22,"","000g","CREANCES RATTACHEES - MANUELLES","DE",""
"Accrued interest at purchase of XAF 206 356 164 CM2B00000020 VOLUME XAF 5 000 000 000 ","099000j222640001","511800101","XAF",,206356164,21-SEP-22,"D","FADILAID0005","CELESID0018","TXN_AMT",21-SEP-22,"","000j","CREANCES RATTACHEES - MANUELLES","DE",""
"Interest income of XAF 143 452 055 CM2B00000020 VOLUME XAF 5 000 000 000 ","099000j222640001","511800101","XAF",,143452055,21-SEP-22,"D","FADILAID0005","CELESID0018","TXN_AMT",21-SEP-22,"","000j","CREANCES RATTACHEES - MANUELLES","DE",""
"Coupon interest received of XAF 336,000,000 CM2B00000020 VOLUME XAF 5 000 000 000 ","099000j222640001","511800101","XAF",,336000000,21-SEP-22,"C","FADILAID0005","CELESID0018","TXN_AMT",21-SEP-22,"","000j","CREANCES RATTACHEES - MANUELLES","DE",""
"Accrued interest at purchase of XAF 50 016 438 CM2B00000020 VOLUME XAF 1 000 000 000","099000i222640001","511800101","XAF",,50016438,21-SEP-22,"D","FADILAID0005","CELESID0018","TXN_AMT",21-SEP-22,"","000i","CREANCES RATTACHEES - MANUELLES","DE",""
"Interest income of XAF 19 945 205 CM2B00000020 VOLUME XAF 1 000 000 000","099000i222640001","511800101","XAF",,19945205,21-SEP-22,"D","FADILAID0005","CELESID0018","TXN_AMT",21-SEP-22,"","000i","CREANCES RATTACHEES - MANUELLES","DE",""
"Accrued interest of 25,164,384 on Cameroon CM2B00000087","099000l222640001","511800101","XAF",,25164384,21-SEP-22,"D","FADILAID0005","CELESID0018","TXN_AMT",21-SEP-22,"","000l","CREANCES RATTACHEES - MANUELLES","DE",""
"Purchase of 4 Bls Gabon OTA bonds at 5.25% and a discount of 93%","099000g222710001","511800101","XAF",,136931507,28-SEP-22,"D","FADILAID0005","CELESID0018","TXN_AMT",28-SEP-22,"","000g","CREANCES RATTACHEES - MANUELLES","DE",""
"Sales of 4 Bls Gabon OTA bonds at 5.25% and a discount of 94 %_Gain of 1% // Sales of the 4 Bls Gabon OTA bonds","099000h222710001","511800101","XAF",,136931507,28-SEP-22,"C","FADILAID0005","CELESID0018","TXN_AMT",28-SEP-22,"","000h","CREANCES RATTACHEES - MANUELLES","DE",""
"Buyback of the 3.5 Bln OTA with value date June 17th 2022 (Last interest paid June 14th 2022)","099000i222710001","511800101","XAF",,1610959,28-SEP-22,"D","FADILAID0005","CELESID0018","TXN_AMT",28-SEP-22,"","000i","CREANCES RATTACHEES - MANUELLES","DE",""
"Accrued interest at purchase of XAF 25,794,521 GQ2J00000032 // 099OTAP222710002","099000o222730001","511800101","XAF",,25794521,30-SEP-22,"D","FADILAID0005","CELESID0018","TXN_AMT",30-SEP-22,"","000o","CREANCES RATTACHEES - MANUELLES","DE",""
"Accrued interest at purchase of XAF 19,286,458 GQ1300001047 // 099TBTR222690001 ","099000p222730001","511800101","XAF",,19286458,30-SEP-22,"D","FADILAID0005","CELESID0018","TXN_AMT",30-SEP-22,"","000p","CREANCES RATTACHEES - MANUELLES","DE",""
"Interest income of XAF 21,682,292 GQ1300001047 // 099TBTR222690001 ","099000p222730001","511800101","XAF",,21682292,30-SEP-22,"D","FADILAID0005","CELESID0018","TXN_AMT",30-SEP-22,"","000p","CREANCES RATTACHEES - MANUELLES","DE",""
"REVERSAL OF INTERESTS// Accrued interest at purchase of XAF 19,286,458 GQ1300001047","099000f222780001","511800101","XAF",,19286458,05-OCT-22,"C","FADILAID0005","CELESID0018","TXN_AMT",05-OCT-22,"","000f","CREANCES RATTACHEES - MANUELLES","DE",""
"RIGHT ACCOUNTING ENTRIES FOR INTERESTS // Accrued interest at purchase of XAF 19,286,458 GQ1300001047","099000f222780001","511800101","XAF",,19286458,05-OCT-22,"D","FADILAID0005","CELESID0018","TXN_AMT",05-OCT-22,"","000f","CREANCES RATTACHEES - MANUELLES","DE",""
"Interest income of XAF  GA2J00000226","099000f222930001","511800101","XAF",,10991774,20-OCT-22,"D","CHEICHEID059","CELESID0018","TXN_AMT",20-OCT-22,"","000f","CREANCES RATTACHEES - MANUELLES","DE",""
"Coupon interest received of XAF 336,000,000 GA2J00000226","099000f222930001","511800101","XAF",,37337137,20-OCT-22,"D","CHEICHEID059","CELESID0018","TXN_AMT",20-OCT-22,"","000f","CREANCES RATTACHEES - MANUELLES","DE",""
"Interest income of XAF  GA2J00000226","099000g222930001","511800101","XAF",,23905479,20-OCT-22,"D","CHEICHEID059","CELESID0018","TXN_AMT",20-OCT-22,"","000g","CREANCES RATTACHEES - MANUELLES","DE",""
"Interest income on the XAF 613 000 000 GA2J00000226","099000h222930001","511800101","XAF",,529027,20-OCT-22,"D","CHEICHEID059","CELESID0018","TXN_AMT",20-OCT-22,"","000h","CREANCES RATTACHEES - MANUELLES","DE",""
"Sales of the XAF 500 000 000 GA2J00000226","099000i222930001","511800101","XAF",,22388014,20-OCT-22,"C","CHEICHEID059","CELESID0018","TXN_AMT",20-OCT-22,"","000i","CREANCES RATTACHEES - MANUELLES","DE",""
"Interest income of XAF  GA2B00000117","099000j222930001","511800101","XAF",,4280822,20-OCT-22,"D","CHEICHEID059","CELESID0018","TXN_AMT",20-OCT-22,"","000j","CREANCES RATTACHEES - MANUELLES","DE",""
"Interest income of XAF  GA2B00000117","099000l222930001","511800101","XAF",,1369863,20-OCT-22,"D","CHEICHEID059","CELESID0018","TXN_AMT",20-OCT-22,"","000l","CREANCES RATTACHEES - MANUELLES","DE",""
"Sales of the XAF 500 000 000 GA2B00000117","099000m222930001","511800101","XAF",,3510274,20-OCT-22,"C","CHEICHEID059","CELESID0018","TXN_AMT",20-OCT-22,"","000m","CREANCES RATTACHEES - MANUELLES","DE",""
"Interest income on the XAF 5 000 000 000 GA2B00000117","099000m222930001","511800101","XAF",,3510274,20-OCT-22,"D","CHEICHEID059","CELESID0018","TXN_AMT",20-OCT-22,"","000m","CREANCES RATTACHEES - MANUELLES","DE",""
"Interest income of XAF 2,828,767 GA2B00000117","099000o222930001","511800101","XAF",,2828767,20-OCT-22,"D","CHEICHEID059","CELESID0018","TXN_AMT",20-OCT-22,"","000o","CREANCES RATTACHEES - MANUELLES","DE",""
"Purchase of the XAF 1,080,000,000 GA2B00000117","099000o222930001","511800101","XAF",,8284247,20-OCT-22,"D","CHEICHEID059","CELESID0018","TXN_AMT",20-OCT-22,"","000o","CREANCES RATTACHEES - MANUELLES","DE",""
"Sales of the XAF 1,080,000,000 GA2B00000117","099000p222930001","511800101","XAF",,11113014,20-OCT-22,"C","CHEICHEID059","CELESID0018","TXN_AMT",20-OCT-22,"","000p","CREANCES RATTACHEES - MANUELLES","DE",""
"Purchase of the XAF 1,080,000,000 GA2J00000275","099000q222930001","511800101","XAF",,18986301,20-OCT-22,"D","CHEICHEID059","CELESID0018","TXN_AMT",20-OCT-22,"","000q","CREANCES RATTACHEES - MANUELLES","DE",""
"Interest income of XAF 2,828,767 GA2J00000275","099000q222930001","511800101","XAF",,1006849,20-OCT-22,"D","CHEICHEID059","CELESID0018","TXN_AMT",20-OCT-22,"","000q","CREANCES RATTACHEES - MANUELLES","DE",""
"Sales of the XAF 1,000,000,000 GA2J00000275","099000r222930001","511800101","XAF",,18986301,20-OCT-22,"C","CHEICHEID059","CELESID0018","TXN_AMT",20-OCT-22,"","000r","CREANCES RATTACHEES - MANUELLES","DE",""
"Purchase of the XAF 1,180,000,000 GA2B00000117","099000s222930001","511800101","XAF",,12527397,20-OCT-22,"D","CHEICHEID059","CELESID0018","TXN_AMT",20-OCT-22,"","000s","CREANCES RATTACHEES - MANUELLES","DE",""
"Interest income of XAF  GA2J00000267","099000t222930001","511800101","XAF",,14671233,20-OCT-22,"D","CHEICHEID059","CELESID0018","TXN_AMT",20-OCT-22,"","000t","CREANCES RATTACHEES - MANUELLES","DE",""
"Coupon interest received of XAF 336,000,000 GA2J00000267		","099000t222930001","511800101","XAF",,3020548,20-OCT-22,"D","CHEICHEID059","CELESID0018","TXN_AMT",20-OCT-22,"","000t","CREANCES RATTACHEES - MANUELLES","DE",""
"Interest income of XAF  GA2J00000226","099000v222930001","511800101","XAF",,16856729,20-OCT-22,"D","CHEICHEID059","CELESID0018","TXN_AMT",20-OCT-22,"","000v","CREANCES RATTACHEES - MANUELLES","DE",""
"Purchase of the security GA2J00000267","099000v222930001","511800101","XAF",,17825342,20-OCT-22,"D","CHEICHEID059","CELESID0018","TXN_AMT",20-OCT-22,"","000v","CREANCES RATTACHEES - MANUELLES","DE",""
"Interest income of XAF  GA2J00000267","099000w222930001","511800101","XAF",,719178,20-OCT-22,"D","CHEICHEID059","CELESID0018","TXN_AMT",20-OCT-22,"","000w","CREANCES RATTACHEES - MANUELLES","DE",""
"Purchase of the security GA2J00000127","099000w222930001","511800101","XAF",,553638,20-OCT-22,"D","CHEICHEID059","CELESID0018","TXN_AMT",20-OCT-22,"","000w","CREANCES RATTACHEES - MANUELLES","DE",""
"Interest income of XAF  GA2J00000127","099000w222930001","511800101","XAF",,336997,20-OCT-22,"D","CHEICHEID059","CELESID0018","TXN_AMT",20-OCT-22,"","000w","CREANCES RATTACHEES - MANUELLES","DE",""
"Purchase of the security GA2K00000017","099000x222930001","511800101","XAF",,11397260,20-OCT-22,"D","CHEICHEID059","CELESID0018","TXN_AMT",20-OCT-22,"","000x","CREANCES RATTACHEES - MANUELLES","DE",""
"Interest income of XAF  GA2J00000226","099000x222930001","511800101","XAF",,1246575,20-OCT-22,"D","CHEICHEID059","CELESID0018","TXN_AMT",20-OCT-22,"","000x","CREANCES RATTACHEES - MANUELLES","DE",""
"Interest income of XAF  GA2B00000083","099000y222930001","511800101","XAF",,18544521,20-OCT-22,"D","CHEICHEID059","CELESID0018","TXN_AMT",20-OCT-22,"","000y","CREANCES RATTACHEES - MANUELLES","DE",""
"Interest income of XAF  GA2K00000017","099000z222930001","511800101","XAF",,12643836,20-OCT-22,"D","CHEICHEID059","CELESID0018","TXN_AMT",20-OCT-22,"","000z","CREANCES RATTACHEES - MANUELLES","DE",""
"Interest income of XAF  GA2J00000127","099000z222930001","511800101","XAF",,890936,20-OCT-22,"D","CHEICHEID059","CELESID0018","TXN_AMT",20-OCT-22,"","000z","CREANCES RATTACHEES - MANUELLES","DE",""
"Purchase of the security GA2J00000267","099000z222930001","511800101","XAF",,18775381,20-OCT-22,"D","CHEICHEID059","CELESID0018","TXN_AMT",20-OCT-22,"","000z","CREANCES RATTACHEES - MANUELLES","DE",""
"Interest income of XAF  GA2B00000083","099000b222940001","511800101","XAF",,18544521,21-OCT-22,"C","CHEICHEID059","CELESID0018","TXN_AMT",21-OCT-22,"","000b","CREANCES RATTACHEES - MANUELLES","DE",""
"Interest income of XAF  GA2J00000226","099000b222940001","511800101","XAF",,16856729,21-OCT-22,"C","CHEICHEID059","CELESID0018","TXN_AMT",21-OCT-22,"","000b","CREANCES RATTACHEES - MANUELLES","DE",""
"Interest income of XAF  GA2J00000226","099000b222940001","511800101","XAF",,16856729,21-OCT-22,"C","CHEICHEID059","CELESID0018","TXN_AMT",21-OCT-22,"","000b","CREANCES RATTACHEES - MANUELLES","DE",""
"Interest income of XAF  GA2B00000083","099000b222940001","511800101","XAF",,18544521,21-OCT-22,"C","CHEICHEID059","CELESID0018","TXN_AMT",21-OCT-22,"","000b","CREANCES RATTACHEES - MANUELLES","DE",""
"Interest income of XAF  GA2J00000127","099000c222940001","511800101","XAF",,890636,21-OCT-22,"C","CHEICHEID059","CELESID0018","TXN_AMT",21-OCT-22,"","000c","CREANCES RATTACHEES - MANUELLES","DE",""
"Interest income of XAF  GA2K00000017","099000c222940001","511800101","XAF",,12643836,21-OCT-22,"C","CHEICHEID059","CELESID0018","TXN_AMT",21-OCT-22,"","000c","CREANCES RATTACHEES - MANUELLES","DE",""
"Interest income of XAF  GA2K00000017","099000c222940001","511800101","XAF",,12643836,21-OCT-22,"C","CHEICHEID059","CELESID0018","TXN_AMT",21-OCT-22,"","000c","CREANCES RATTACHEES - MANUELLES","DE",""
"Interest income of XAF  GA2J00000127","099000c222940001","511800101","XAF",,890636,21-OCT-22,"C","CHEICHEID059","CELESID0018","TXN_AMT",21-OCT-22,"","000c","CREANCES RATTACHEES - MANUELLES","DE",""
"Interest income of XAF  GA2J00000226","099000g222940001","511800101","XAF",,1369863,21-OCT-22,"C","CHEICHEID059","CELESID0018","TXN_AMT",21-OCT-22,"","000g","CREANCES RATTACHEES - MANUELLES","DE",""
"Interest income of XAF  GA2J00000226","099000g222940001","511800101","XAF",,1369863,21-OCT-22,"C","CHEICHEID059","CELESID0018","TXN_AMT",21-OCT-22,"","000g","CREANCES RATTACHEES - MANUELLES","DE",""
"Interest income of XAF  GA2J00000226","099000i222940001","511800101","XAF",,23905479,21-OCT-22,"C","CHEICHEID059","CELESID0018","TXN_AMT",21-OCT-22,"","000i","CREANCES RATTACHEES - MANUELLES","DE",""
"Interest income of XAF  GA2J00000226","099000i222940001","511800101","XAF",,23905479,21-OCT-22,"C","CHEICHEID059","CELESID0018","TXN_AMT",21-OCT-22,"","000i","CREANCES RATTACHEES - MANUELLES","DE",""
"COUPON INTEREST RECIEVED OF XAF 1369863  GA2J00000267","099000f222980001","511800101","XAF",,1412121,25-OCT-22,"C","CHEICHEID059","CELESID0018","TXN_AMT",25-OCT-22,"","000f","CREANCES RATTACHEES - MANUELLES","DE",""
"PURCHASE OF THE SECURITY  COUPON INTEREST RECIEVED OF XAF 1369863  GA2J00000267","099000f222980001","511800101","XAF",,1418910,25-OCT-22,"D","CHEICHEID059","CELESID0018","TXN_AMT",25-OCT-22,"","000f","CREANCES RATTACHEES - MANUELLES","DE",""
"Interest income of XAF  GA2J00000267","099000f222980001","511800101","XAF",,577068,25-OCT-22,"D","CHEICHEID059","CELESID0018","TXN_AMT",25-OCT-22,"","000f","CREANCES RATTACHEES - MANUELLES","DE",""
"099OTAP222930007 099OTAP222930007 Principal Amount ","099000k222980001","511800101","XAF",,3289377,25-OCT-22,"D","CHEICHEID059","CELESID0018","TXN_AMT",25-OCT-22,"","000k","CREANCES RATTACHEES - MANUELLES","DE",""
"099OTAP222930008  099OTAP222930008 Principal Amount ","099000j222980001","511800101","XAF",,28642734,25-OCT-22,"D","CHEICHEID059","CELESID0018","TXN_AMT",25-OCT-22,"","000j","CREANCES RATTACHEES - MANUELLES","DE",""
"099OTAP222930004  099OTAP222930004 Principal Amount ","099000i222980001","511800101","XAF",,1639726,25-OCT-22,"D","CHEICHEID059","CELESID0018","TXN_AMT",25-OCT-22,"","000i","CREANCES RATTACHEES - MANUELLES","DE",""
"regul interest income of xaf ga2j00000127 du 20/10/2022","0990000223000001","511800101","XAF",,300,27-OCT-22,"C","CHEICHEID059","CELESID0018","TXN_AMT",27-OCT-22,"","0000","CREANCES RATTACHEES - MANUELLES","DE",""
"Coupon interest received of XAF 1,553,425 GA2J00000218","099000n223000001","511800101","XAF",,1553425,27-OCT-22,"C","CHEICHEID059","CELESID0018","TXN_AMT",27-OCT-22,"","000n","CREANCES RATTACHEES - MANUELLES","DE",""
"Coupon interest received of XAF 31 500 000 GA2J00000218","099000n223000001","511800101","XAF",,31500000,27-OCT-22,"C","CHEICHEID059","CELESID0018","TXN_AMT",27-OCT-22,"","000n","CREANCES RATTACHEES - MANUELLES","DE",""
"Interest income of XAF  GA2J000000218","099000n223000001","511800101","XAF",,7335616,27-OCT-22,"D","CHEICHEID059","CELESID0018","TXN_AMT",27-OCT-22,"","000n","CREANCES RATTACHEES - MANUELLES","DE",""
"Coupon interest received of XAF 3,280,315 GA2J00000226		","099000m223000001","511800101","XAF",,3280315,27-OCT-22,"C","CHEICHEID059","CELESID0018","TXN_AMT",27-OCT-22,"","000m","CREANCES RATTACHEES - MANUELLES","DE",""
"Interest income of XAF 715 870 GA2J000000226","099000m223000001","511800101","XAF",,715870,27-OCT-22,"D","CHEICHEID059","CELESID0018","TXN_AMT",27-OCT-22,"","000m","CREANCES RATTACHEES - MANUELLES","DE",""
"Coupon interest received of XAF 3 307 500 GA2J00000226","099000m223000001","511800101","XAF",,3307500,27-OCT-22,"C","CHEICHEID059","CELESID0018","TXN_AMT",27-OCT-22,"","000m","CREANCES RATTACHEES - MANUELLES","DE",""
"Coupon interest received of XAF 1,369,863 GA2J00000267","099000q223000001","511800101","XAF",,28505688,27-OCT-22,"C","CHEICHEID059","CELESID0018","TXN_AMT",27-OCT-22,"","000q","CREANCES RATTACHEES - MANUELLES","DE",""
"Interest income of XAF 9 730 307 GA2J000000267","099000q223000001","511800101","XAF",,9730307,27-OCT-22,"D","CHEICHEID059","CELESID0018","TXN_AMT",27-OCT-22,"","000q","CREANCES RATTACHEES - MANUELLES","DE",""
"Interest income of XAF 11 046 575 CG2A000000197","099000s223000001","511800101","XAF",,11046575,27-OCT-22,"D","CHEICHEID059","CELESID0018","TXN_AMT",27-OCT-22,"","000s","CREANCES RATTACHEES - MANUELLES","DE",""
"Coupon interest received of XAF 15,189,041 CG2A000000197","099000s223000001","511800101","XAF",,15189041,27-OCT-22,"C","CHEICHEID059","CELESID0018","TXN_AMT",27-OCT-22,"","000s","CREANCES RATTACHEES - MANUELLES","DE",""
"Sales of the XAF 700,000,000 GQ2J00000032","099000t223000001","511800101","XAF",,28479452,27-OCT-22,"C","CHEICHEID059","CELESID0018","TXN_AMT",27-OCT-22,"","000t","CREANCES RATTACHEES - MANUELLES","DE",""
"Purchase of the XAF 700,000,000 GA2J00000218","099000t223000001","511800101","XAF",,2315753,27-OCT-22,"D","CHEICHEID059","CELESID0018","TXN_AMT",27-OCT-22,"","000t","CREANCES RATTACHEES - MANUELLES","DE",""
"Purchase of the XAF 1,000,000,000 CM2B00000095","099000v223000001","511800101","XAF",,33904110,27-OCT-22,"D","CHEICHEID059","CELESID0018","TXN_AMT",27-OCT-22,"","000v","CREANCES RATTACHEES - MANUELLES","DE",""
"Sales of the XAF 1,080,000,000 GA2B00000117","099000v223000001","511800101","XAF",,15356164,27-OCT-22,"C","CHEICHEID059","CELESID0018","TXN_AMT",27-OCT-22,"","000v","CREANCES RATTACHEES - MANUELLES","DE",""
"Interest income of XAF 1,657,534 CM2B00000095","099000v223000001","511800101","XAF",,1657534,27-OCT-22,"D","CHEICHEID059","CELESID0018","TXN_AMT",27-OCT-22,"","000v","CREANCES RATTACHEES - MANUELLES","DE",""
"Interest income of XAF 704,795 GA2J00000218","099000u223000001","511800101","XAF",,704795,27-OCT-22,"D","CHEICHEID059","CELESID0018","TXN_AMT",27-OCT-22,"","000u","CREANCES RATTACHEES - MANUELLES","DE",""
"Sales of the XAF 700,000,000 GA2J00000218","099000u223000001","511800101","XAF",,2315753,27-OCT-22,"C","CHEICHEID059","CELESID0018","TXN_AMT",27-OCT-22,"","000u","CREANCES RATTACHEES - MANUELLES","DE",""
"Purchase of the XAF 700,000,000 GQ2J00000032","099000u223000001","511800101","XAF",,28575342,27-OCT-22,"D","CHEICHEID059","CELESID0018","TXN_AMT",27-OCT-22,"","000u","CREANCES RATTACHEES - MANUELLES","DE",""
"Interest income of XAF 1,414,384 GQ2J00000032","099000u223000001","511800101","XAF",,575342,27-OCT-22,"D","CHEICHEID059","CELESID0018","TXN_AMT",27-OCT-22,"","000u","CREANCES RATTACHEES - MANUELLES","DE",""
"Sales of the XAF 1,000,000,000 CM2B00000095		","099000x223000001","511800101","XAF",,33904110,27-OCT-22,"C","CHEICHEID059","CELESID0018","TXN_AMT",27-OCT-22,"","000x","CREANCES RATTACHEES - MANUELLES","DE",""
"Purchase of the XAF 1,180,000,000 GA2B00000117","099000x223000001","511800101","XAF",,16164384,27-OCT-22,"D","CHEICHEID059","CELESID0018","TXN_AMT",27-OCT-22,"","000x","CREANCES RATTACHEES - MANUELLES","DE",""
"Interest income of XAF 1,414,384 GA2B00000117		","099000x223000001","511800101","XAF",,1414384,27-OCT-22,"D","CHEICHEID059","CELESID0018","TXN_AMT",27-OCT-22,"","000x","CREANCES RATTACHEES - MANUELLES","DE",""
"COUPON INTEREST RECIEVED OF XAF 27500000 CM2B00000087/S202R1555526/202//55472381001","099000b223040001","511800101","XAF",,27500000,31-OCT-22,"C","CHEICHEID059","CELESID0018","TXN_AMT",31-OCT-22,"","000b","CREANCES RATTACHEES - MANUELLES","DE",""
"interest income of XAF CG2A0000254","0990007223050001","511800101","XAF",,647260,01-NOV-22,"D","CHEICHEID059","CELESID0018","TXN_AMT",01-NOV-22,"","0007","CREANCES RATTACHEES - MANUELLES","DE",""
"Accrued interest of the XAF 300 000 000 CG2A00000254","0990008223140001","511800101","XAF",,819863,10-NOV-22,"D","CHEICHEID059","CELESID0018","TXN_AMT",10-NOV-22,"","0008","CREANCES RATTACHEES - MANUELLES","DE",""
"Interest income of XAF 322 000 000 92.05% CG2B00000097","0990009223290001","511800101","XAF",,1204192,25-NOV-22,"D","CHEICHEID059","CELESID0018","TXN_AMT",25-NOV-22,"","0009","CREANCES RATTACHEES - MANUELLES","DE",""
"ACRUDE INTEREST OF XAF 1 050 000 000 CG2J0000222","099000o223320001","511800101","XAF",,47810959,28-NOV-22,"D","CHEICHEID059","CELESID0018","TXN_AMT",28-NOV-22,"","000o","CREANCES RATTACHEES - MANUELLES","DE",""
"INTEREST INCOME FOR XAF 800 000 000 OF GA2B00000125 /S202R1582812/202//56129758103","099000b223330001","511800101","XAF",,27397,29-NOV-22,"C","CHEICHEID059","CELESID0018","TXN_AMT",29-NOV-22,"","000b","CREANCES RATTACHEES - MANUELLES","DE",""
"INTEREST INCOME FOR XAF 250 000 000 FOR CM2L00000044 /S202R1582809/202//56129748103","099000b223330001","511800101","XAF",,368151,29-NOV-22,"C","CHEICHEID059","CELESID0018","TXN_AMT",29-NOV-22,"","000b","CREANCES RATTACHEES - MANUELLES","DE",""
"INTEREST INCOME FOR XAF 322 000 000 OF CG2B00000097 /S202R1582935/202//56132718516","099000b223330001","511800101","XAF",,1433562,29-NOV-22,"C","CHEICHEID059","CELESID0018","TXN_AMT",29-NOV-22,"","000b","CREANCES RATTACHEES - MANUELLES","DE",""
"INTEREST INCOME FOR XAF 450 000 000 AND 300 000 000 CG2A00000254/S202R1582932/202//56132628516","099000b223330001","511800101","XAF",,3991438,29-NOV-22,"C","CHEICHEID059","CELESID0018","TXN_AMT",29-NOV-22,"","000b","CREANCES RATTACHEES - MANUELLES","DE",""
"reversal INTEREST FOR XAF 450 000 000 AND 300 000 000 CG2A00000254/S202R1582932/202//56132628516","099000k223330001","511800101","XAF",,3991438,29-NOV-22,"D","CHEICHEID059","CELESID0018","TXN_AMT",29-NOV-22,"","000k","CREANCES RATTACHEES - MANUELLES","DE",""
"reversal INTEREST INCOME FOR XAF 322 000 000 OF CG2B00000097 /S202R1582935/202//56132718516","099000k223330001","511800101","XAF",,1433562,29-NOV-22,"D","CHEICHEID059","CELESID0018","TXN_AMT",29-NOV-22,"","000k","CREANCES RATTACHEES - MANUELLES","DE",""
"reversal INTEREST INCOME FOR XAF 250 000 000 FOR CM2L00000044 /S202R1582809/202//56129748103","099000k223330001","511800101","XAF",,368151,29-NOV-22,"D","CHEICHEID059","CELESID0018","TXN_AMT",29-NOV-22,"","000k","CREANCES RATTACHEES - MANUELLES","DE",""
"reversal INTEREST INCOME FOR XAF 800 000 000 OF GA2B00000125 /S202R1582812/202//56129758103","099000k223330001","511800101","XAF",,27397,29-NOV-22,"D","CHEICHEID059","CELESID0018","TXN_AMT",29-NOV-22,"","000k","CREANCES RATTACHEES - MANUELLES","DE",""
"INTEREST INCOME OF XAF GA2B00000125","099000m223330001","511800101","XAF",,427397,29-NOV-22,"D","CHEICHEID059","CELESID0018","TXN_AMT",29-NOV-22,"","000m","CREANCES RATTACHEES - MANUELLES","DE",""
"REVERSAL INTEREST INCOME OF XAF GA2B00000125","099000w223330001","511800101","XAF",,427397,29-NOV-22,"C","CHEICHEID059","CELESID0018","TXN_AMT",29-NOV-22,"","000w","CREANCES RATTACHEES - MANUELLES","DE",""
" INTEREST INCOME OF XAF GA2B00000125","099000w223330001","511800101","XAF",,427397,29-NOV-22,"C","CHEICHEID059","CELESID0018","TXN_AMT",29-NOV-22,"","000w","CREANCES RATTACHEES - MANUELLES","DE",""
"INTEREST INCOME OF XAF CM2100000044","099000x223330001","511800101","XAF",,493151,29-NOV-22,"C","CHEICHEID059","CELESID0018","TXN_AMT",29-NOV-22,"","000x","CREANCES RATTACHEES - MANUELLES","DE",""
"REVERSAL INTEREST INCOME OF XAF CM2100000044","099000x223330001","511800101","XAF",,493151,29-NOV-22,"C","CHEICHEID059","CELESID0018","TXN_AMT",29-NOV-22,"","000x","CREANCES RATTACHEES - MANUELLES","DE",""
"INTEREST INCOME OF XAF CG2B00000097","099000o223330001","511800101","XAF",,3991438,29-NOV-22,"C","CHEICHEID059","CELESID0018","TXN_AMT",29-NOV-22,"","000o","CREANCES RATTACHEES - MANUELLES","DE",""
"INTEREST INCOME OF XAF 322 000 000 CG2B0000097","099000l223330001","511800101","XAF",,1433562,29-NOV-22,"C","CHEICHEID059","CELESID0018","TXN_AMT",29-NOV-22,"","000l","CREANCES RATTACHEES - MANUELLES","DE",""
"reversal INTEREST INCOME OF XAF CM21L00000044","0990002223340001","511800101","XAF",,493151,30-NOV-22,"D","CHEICHEID059","CELESID0018","TXN_AMT",30-NOV-22,"","0002","CREANCES RATTACHEES - MANUELLES","DE",""
"INTEREST INCOME OF XAF CG2J00000222","0990008223340001","511800101","XAF",,48156164,30-NOV-22,"C","CHEICHEID059","CELESID0018","TXN_AMT",30-NOV-22,"","0008","CREANCES RATTACHEES - MANUELLES","DE",""
"INTEREST INCOME OF XAF GA2B00000125","099000a223340001","511800101","XAF",,712329,30-NOV-22,"D","CHEICHEID059","CELESID0018","TXN_AMT",30-NOV-22,"","000a","CREANCES RATTACHEES - MANUELLES","DE",""
"INTEREST INCOME OF XAF CM2L00000044","099000b223340001","511800101","XAF",,575342,30-NOV-22,"D","CHEICHEID059","CELESID0018","TXN_AMT",30-NOV-22,"","000b","CREANCES RATTACHEES - MANUELLES","DE",""
"INTEREST INCOME OF XAF CG2B0000097","0990002223350001","511800101","XAF",,1605589,01-DEC-22,"D","CHEICHEID059","CELESID0018","TXN_AMT",01-DEC-22,"","0002","CREANCES RATTACHEES - MANUELLES","DE",""
"interest income of XAF CG2A0000254","0990003223350001","511800101","XAF",,4315068,01-DEC-22,"D","CHEICHEID059","CELESID0018","TXN_AMT",01-DEC-22,"","0003","CREANCES RATTACHEES - MANUELLES","DE",""
"Coupon interest received of XAF 600 000 000 GA2Y00000218","099000a223410001","511800101","XAF",,5782192,07-DEC-22,"C","CHEICHEID059","CELESID0018","TXN_AMT",07-DEC-22,"","000a","CREANCES RATTACHEES - MANUELLES","DE",""
"Purchase T BOND GA2J00000218 INTEREST ACCRUED  600 000 000 5.25%","099000a223550001","511800101","XAF",,6990411,21-DEC-22,"D","CHEICHEID059","CELESID0018","TXN_AMT",21-DEC-22,"","000a","CREANCES RATTACHEES - MANUELLES","DE",""
"interest income on GA2K00000058 5.75% 1 000 000 000","099000d223570001","511800101","XAF",,2205479,23-DEC-22,"D","CHEICHEID059","RENGID000024","TXN_AMT",23-DEC-22,"","000d","CREANCES RATTACHEES - MANUELLES","DE",""
"interest income on GA2K00000058 5.75% 500 000 000","099000e223570001","511800101","XAF",,1102740,23-DEC-22,"D","CHEICHEID059","RENGID000024","TXN_AMT",23-DEC-22,"","000e","CREANCES RATTACHEES - MANUELLES","DE",""
"ACCRUED INTEREST   of XAF GA2K00000058 1 000 000 000 5.7%","0990012223610001","511800101","XAF",,2205479,27-DEC-22,"C","CHEICHEID059","RENGID000024","TXN_AMT",27-DEC-22,"","0012","CREANCES RATTACHEES - MANUELLES","DE",""
"interest income on CG2A000000353  5.50% 400 000 000","099000u223620001","511800101","XAF",,60274,28-DEC-22,"D","CHEICHEID059","CELESID0018","TXN_AMT",28-DEC-22,"","000u","CREANCES RATTACHEES - MANUELLES","DE",""
"interest income on GA2K00000058  5.75% 500 000 000","0990017223620001","511800101","XAF",,1417808,28-DEC-22,"D","CHEICHEID059","CELESID0018","TXN_AMT",28-DEC-22,"","0017","CREANCES RATTACHEES - MANUELLES","DE",""
"INTEREST AT SALES of the XAF 500 000 000 GA2K00000058 5.75","099001f223620001","511800101","XAF",,1102704,28-DEC-22,"C","CHEICHEID059","CELESID0018","TXN_AMT",28-DEC-22,"","001f","CREANCES RATTACHEES - MANUELLES","DE",""
"Interest income of XAF  GA2A00000126 4.50%","099001g223620001","511800101","XAF",,61952055,28-DEC-22,"D","CHEICHEID059","CELESID0018","TXN_AMT",28-DEC-22,"","001g","CREANCES RATTACHEES - MANUELLES","DE",""
"total interest income on Sales of the XAF 1 500 000 000 GA2A00000126  4.50%","099001k223620001","511800101","XAF",,61952055,28-DEC-22,"C","CHEICHEID059","CELESID0018","TXN_AMT",28-DEC-22,"","001k","CREANCES RATTACHEES - MANUELLES","DE",""
"interest income on CG2Y00000222  6% 400 000 000","099001n223620001","511800101","XAF",,19857534,28-DEC-22,"D","CHEICHEID059","CELESID0018","TXN_AMT",28-DEC-22,"","001n","CREANCES RATTACHEES - MANUELLES","DE",""
"Total interest income on Sales of the XAF 400 000 000 CG2Y00000222  6%","099001o223620001","511800101","XAF",,19857534,28-DEC-22,"C","CHEICHEID059","CELESID0018","TXN_AMT",28-DEC-22,"","001o","CREANCES RATTACHEES - MANUELLES","DE",""
"interest income on GA2K00000058 5.75% 1 000 000 000","099001p223620001","511800101","XAF",,2835616,28-DEC-22,"D","CHEICHEID059","CELESID0018","TXN_AMT",28-DEC-22,"","001p","CREANCES RATTACHEES - MANUELLES","DE",""
"interest income on CGA2A00000353  400 000 000 5.50%		","099001r223620001","511800101","XAF",,301370,28-DEC-22,"D","CHEICHEID059","CELESID0018","TXN_AMT",28-DEC-22,"","001r","CREANCES RATTACHEES - MANUELLES","DE",""
"interest income on CG2A000000353  5.50% 400 000 000 099000u223620001","099000i223630001","511800101","XAF",,60274,29-DEC-22,"C","CHEICHEID059","CELESID0018","TXN_AMT",29-DEC-22,"","000i","CREANCES RATTACHEES - MANUELLES","DE",""
"regul interest income on CG2A000000353  5.50% 400 000 000 099000u223620001","099000i223630001","511800101","XAF",,60274,29-DEC-22,"C","CHEICHEID059","CELESID0018","TXN_AMT",29-DEC-22,"","000i","CREANCES RATTACHEES - MANUELLES","DE",""
" sales of xaf 500 000 000 ga2k00000058 5.75%","099000j223630001","511800101","XAF",,1120740,29-DEC-22,"C","CHEICHEID059","CELESID0018","TXN_AMT",29-DEC-22,"","000j","CREANCES RATTACHEES - MANUELLES","DE",""
"reversal sales of xaf 500 000 000 ga2k00000058 5.75%","099000j223630001","511800101","XAF",,1102704,29-DEC-22,"D","CHEICHEID059","CELESID0018","TXN_AMT",29-DEC-22,"","000j","CREANCES RATTACHEES - MANUELLES","DE",""
"SALES interest income on GA2K00000058 5.75% 500 000 000","099000s223640001","511800101","XAF",,1120740,30-DEC-22,"D","CHEICHEID059","CELESID0018","TXN_AMT",30-DEC-22,"","000s","CREANCES RATTACHEES - MANUELLES","DE",""
"SALES interest income on GA2K00000058 5.75% 500 000 000","099000s223640001","511800101","XAF",,1102740,30-DEC-22,"C","CHEICHEID059","CELESID0018","TXN_AMT",30-DEC-22,"","000s","CREANCES RATTACHEES - MANUELLES","DE",""
"ANNUAL INTEREST RECIEVED  GQ2J00000032 XAF 700,000,000 AT 5%","0990001230030001","511800101","XAF",,35000000,03-JAN-23,"C","CHEICHEID059","CELESID0018","TXN_AMT",03-JAN-23,"","0001","CREANCES RATTACHEES - MANUELLES","DE",""
"INTEREST ON PARTIAL SALES OF XAF 200 000 000 CG2A0000353 AT 5.50% ","0990007230100001","511800101","XAF",,542466,10-JAN-23,"C","CHEICHEID059","CELESID0018","TXN_AMT",10-JAN-23,"","0007","CREANCES RATTACHEES - MANUELLES","DE",""
"INTEREST ON PARTIAL SALES OF XAF 800 000 000 CM2B00000020 AT 5.60% ","0990009230100001","511800101","XAF",,25652603,10-JAN-23,"C","CHEICHEID059","CELESID0018","TXN_AMT",10-JAN-23,"","0009","CREANCES RATTACHEES - MANUELLES","DE",""
"interest income on CM2B00000020 5.60 % 800 000 000","099000f230160001","511800101","XAF",,26511781,16-JAN-23,"D","CHEICHEID059","CELESID0018","TXN_AMT",16-JAN-23,"","000f","CREANCES RATTACHEES - MANUELLES","DE",""
"interest income on  CG2A00000353 5.5% 200 000 000","099000g230160001","511800101","XAF",,753425,16-JAN-23,"D","CHEICHEID059","CELESID0018","TXN_AMT",16-JAN-23,"","000g","CREANCES RATTACHEES - MANUELLES","DE",""
"interest income on CG2J00000321 AT 5.75% 250 000 000","0990009230300001","511800101","XAF",,275685,30-JAN-23,"D","CHEICHEID059","CELESID0018","TXN_AMT",30-JAN-23,"","0009","CREANCES RATTACHEES - MANUELLES","DE",""
"interest income on GA2B00000091 AT 92.5% 450 000 000		","099000a230300001","511800101","XAF",,26660959,30-JAN-23,"D","CHEICHEID059","CELESID0018","TXN_AMT",30-JAN-23,"","000a","CREANCES RATTACHEES - MANUELLES","DE",""
"DISCOUNT AT SALE GA2B00000091 450 000 000 AT 6.25%","099000e230310001","511800101","XAF",,26660959,31-JAN-23,"C","CHEICHEID059","CELESID0018","TXN_AMT",31-JAN-23,"","000e","CREANCES RATTACHEES - MANUELLES","DE",""
"DISCOUNT SALES OF CG2J00000321 250 000 000 AT 5.75%","099000g230310001","511800101","XAF",,157534,31-JAN-23,"C","CHEICHEID059","CELESID0018","TXN_AMT",31-JAN-23,"","000g","CREANCES RATTACHEES - MANUELLES","DE",""
"interest income on purcahse GA2B00000091 6.25% 450 000 000","099000z230310001","511800101","XAF",,26738014,31-JAN-23,"D","CHEICHEID059","CELESID0018","TXN_AMT",31-JAN-23,"","000z","CREANCES RATTACHEES - MANUELLES","DE",""
"interest income purchase  CG2J00000321 AT 5.75% 250 000 000","0990012230310001","511800101","XAF",,472603,31-JAN-23,"D","CHEICHEID059","CELESID0018","TXN_AMT",31-JAN-23,"","0012","CREANCES RATTACHEES - MANUELLES","DE",""
" Interest income of XAF 143 452 055 CG2A000000197","0990009230370001","511800101","XAF",,8917808,06-FEB-23,"C","CHEICHEID059","CELESID0018","TXN_AMT",06-FEB-23,"","0009","CREANCES RATTACHEES - MANUELLES","DE",""
"interest income on purchase  GQ2k00000039  AT 7 % 1 000 000 000","0990009230450001","511800101","XAF",,32602740,14-FEB-23,"D","CHEICHEID059","CELESID0018","TXN_AMT",14-FEB-23,"","0009","CREANCES RATTACHEES - MANUELLES","DE",""
"interest income on  sales GA2K00000058 5.75% 1 000 000 000","0990008230460001","511800101","XAF",,2835616,15-FEB-23,"C","CHEICHEID059","CELESID0018","TXN_AMT",15-FEB-23,"","0008","CREANCES RATTACHEES - MANUELLES","DE",""
"interest income on  sales GA2K00000058 5.75% 500 000 000","0990008230460001","511800101","XAF",,1417808,15-FEB-23,"C","CHEICHEID059","CELESID0018","TXN_AMT",15-FEB-23,"","0008","CREANCES RATTACHEES - MANUELLES","DE",""
"Accrued interest at purchase of GA2K00000058 AT 5.75%","099000m230520001","511800101","XAF",,17486301,21-FEB-23,"D","CHEICHEID059","CELESID0018","TXN_AMT",21-FEB-23,"","000m","CREANCES RATTACHEES - MANUELLES","DE",""
"interest income on  6.25% GA2B00000117 1 000 000 000 of 1,180,000,000 ","099000d230530001","511800101","XAF",,16164384,22-FEB-23,"C","CHEICHEID059","CELESID0018","TXN_AMT",22-FEB-23,"","000d","CREANCES RATTACHEES - MANUELLES","DE",""
"Accrued interest at purchase of GA2B00000117 AT 6.25%","099000g230580001","511800101","XAF",,34760274,27-FEB-23,"D","CHEICHEID059","CELESID0018","TXN_AMT",27-FEB-23,"","000g","CREANCES RATTACHEES - MANUELLES","DE",""
"interest income on purcahse GA2B00000091 6.25% 450 000 000","099000b230590001","511800101","XAF",,28125000,28-FEB-23,"C","CHEICHEID059","CELESID0018","TXN_AMT",28-FEB-23,"","000b","CREANCES RATTACHEES - MANUELLES","DE",""
"Interest income of XAF 21,682,292 GQ1300001047 // 099TBTR222690001 ","099000m230590001","511800101","XAF",,40968750,28-FEB-23,"C","CHEICHEID059","CELESID0018","TXN_AMT",28-FEB-23,"","000m","CREANCES RATTACHEES - MANUELLES","DE",""
"interest income on purchase GQ2K00000039 AT 7% 500 000 000","0990005230620001","511800101","XAF",,17835616,03-MAR-23,"D","CHEICHEID059","CELESID0018","TXN_AMT",03-MAR-23,"","0005","CREANCES RATTACHEES - MANUELLES","DE",""
" INTEREST PURCHASE  OF THE SECURITY GA2J00000226 53.5M","099000k230760001","511800101","XAF",,1100414,17-MAR-23,"D","CHEICHEID059","CELESID0018","TXN_AMT",17-MAR-23,"","000k","CREANCES RATTACHEES - MANUELLES","DE",""
"iINTEREST RECIEVED purchase of CM2B00000103","099000o230760001","511800101","XAF",,52500000,17-MAR-23,"C","CHEICHEID059","CELESID0018","TXN_AMT",17-MAR-23,"","000o","CREANCES RATTACHEES - MANUELLES","DE",""
" INTEREST PURCHASE  OF THE SECURITY GA2J00000226 53.5M","099000j230790001","511800101","XAF",,1100414,20-MAR-23,"C","CHEICHEID059","CELESID0018","TXN_AMT",20-MAR-23,"","000j","CREANCES RATTACHEES - MANUELLES","DE",""
"ACCRUED INTEREST FOR THE PURCHASE OF GA2J00000226 9.5M","099000j230790001","511800101","XAF",,195401,20-MAR-23,"C","CHEICHEID059","CELESID0018","TXN_AMT",20-MAR-23,"","000j","CREANCES RATTACHEES - MANUELLES","DE",""
"INTEREST ON PURCHASE EOG 6% NET 2023-2027  1 000 000 000","0990004230880001","511800101","XAF",,10191781,29-MAR-23,"D","CHEICHEID059","RENGID000024","TXN_AMT",29-MAR-23,"","0004","CREANCES RATTACHEES - MANUELLES","DE",""
"INTEREST ON PURCHASE EOG 6% NET 2023-2027  1 000 000 000","0990005230880001","511800101","XAF",,11342466,29-MAR-23,"D","CHEICHEID059","RENGID000024","TXN_AMT",29-MAR-23,"","0005","CREANCES RATTACHEES - MANUELLES","DE",""
"interest income on  sales CG2A00000254 AT 5.25%","099000f230940001","511800101","XAF",,17044521,04-APR-23,"C","CHEICHEID059","RENGID000024","TXN_AMT",04-APR-23,"","000f","CREANCES RATTACHEES - MANUELLES","DE",""
"interest income on  sales CGJ00000321 AT 5.75%","099000g230940001","511800101","XAF",,2717466,04-APR-23,"C","CHEICHEID059","RENGID000024","TXN_AMT",04-APR-23,"","000g","CREANCES RATTACHEES - MANUELLES","DE",""
"INTEREST PURCHASE  CG2J00000065 6.3 % 400 000 000","0990000230950001","511800101","XAF",,9872877,05-APR-23,"D","CHEICHEID059","RENGID000024","TXN_AMT",05-APR-23,"","0000","CREANCES RATTACHEES - MANUELLES","DE",""
"interest income on purchase GA2J00000142 AT 4.75% 1 150 000 000		","0990009230950001","511800101","XAF",,27985959,05-APR-23,"D","CHEICHEID059","RENGID000024","TXN_AMT",05-APR-23,"","0009","CREANCES RATTACHEES - MANUELLES","DE",""
"interest income on purchase  GA2J00000143 AT 5.75% 150 000 000		","099000a230950001","511800101","XAF",,2575685,05-APR-23,"D","CHEICHEID059","RENGID000024","TXN_AMT",05-APR-23,"","000a","CREANCES RATTACHEES - MANUELLES","DE",""
"interest income on SALES  CG2A00000353 AT 5.50% 400 000 000		","099000d230950001","511800101","XAF",,5846575,05-APR-23,"C","CHEICHEID059","RENGID000024","TXN_AMT",05-APR-23,"","000d","CREANCES RATTACHEES - MANUELLES","DE",""
"INTEREST PURCHASE CG2B00000014 AT 6.5%","0990007230960001","511800101","XAF",,25643836,06-APR-23,"D","CHEICHEID059","RENGID000024","TXN_AMT",06-APR-23,"","0007","CREANCES RATTACHEES - MANUELLES","DE",""
"interest income on  sales CG2J00000065  6.30 % AT 400 000 000","099000e231000001","511800101","XAF",,10218082,10-APR-23,"C","CHEICHEID059","RENGID000024","TXN_AMT",10-APR-23,"","000e","CREANCES RATTACHEES - MANUELLES","DE",""
"interest income on PURCHASE CG2A00000353 AT 5.50%","099000f231000001","511800101","XAF",,6147945,10-APR-23,"D","CHEICHEID059","RENGID000024","TXN_AMT",10-APR-23,"","000f","CREANCES RATTACHEES - MANUELLES","DE",""
"interest income on PURCHASE CG2A00000254 AT 5.25%","099000g231000001","511800101","XAF",,17583904,10-APR-23,"D","CHEICHEID059","RENGID000024","TXN_AMT",10-APR-23,"","000g","CREANCES RATTACHEES - MANUELLES","DE",""
"interest income on  PURCHASE  CG2J00000321 AT 5.75 % 250 000 000","099000p231010001","511800101","XAF",,2914384,11-APR-23,"D","CHEICHEID059","RENGID000024","TXN_AMT",11-APR-23,"","000p","CREANCES RATTACHEES - MANUELLES","DE",""
"interest income on  sales CG2B0000014 AT 6.50% 1 000 000 000 ","099000q231010001","511800101","XAF",,26534247,11-APR-23,"C","CHEICHEID059","RENGID000024","TXN_AMT",11-APR-23,"","000q","CREANCES RATTACHEES - MANUELLES","DE",""
"Purchase  CG2A00000254  100M INTEL HR CONSULTING ACCRUED INTEREST		","0990005231070001","511800101","XAF",,2502740,17-APR-23,"C","CHEICHEID059","RENGID000024","TXN_AMT",17-APR-23,"","0005","CREANCES RATTACHEES - MANUELLES","DE",""
"Accrued interest at purchase of EOG620232027 AT 6%","099000v231170001","511800101","XAF",,44186301,27-APR-23,"D","CHEICHEID059","CELESID0018","TXN_AMT",27-APR-23,"","000v","CREANCES RATTACHEES - MANUELLES","DE",""
"   ACCRUED INTEREST Purchase OTA  CG2A00000254 		","099000q231280001","511800101","XAF",,142397,08-MAY-23,"C","CHEICHEID059","CELESID0018","TXN_AMT",08-MAY-23,"","000q","CREANCES RATTACHEES - MANUELLES","DE",""
"ACCRUED INTEREST Purchase OTA  CG2A00000254 		","0990004231360001","511800101","XAF",,117039,16-MAY-23,"C","CHEICHEID059","CELESID0018","TXN_AMT",16-MAY-23,"","0004","CREANCES RATTACHEES - MANUELLES","DE",""
"INTEREST RECIEVED AT SALES OF GA2J00000267		","099000i231460001","511800101","XAF",,8486301,26-MAY-23,"C","CHEICHEID059","CELESID0018","TXN_AMT",26-MAY-23,"","000i","CREANCES RATTACHEES - MANUELLES","DE",""
"INTEREST AT SALE OF 500 000 000 GA2J00000218 AT 5.25% ","0990005231490001","511800101","XAF",,16828767,29-MAY-23,"C","CHEICHEID059","CELESID0018","TXN_AMT",29-MAY-23,"","0005","CREANCES RATTACHEES - MANUELLES","DE",""
"T BILL 1000 000 000 CM1200001244 INTEREST AT 5.5% FV SCB	","0990002231490001","511800101","XAF",,4430556,29-MAY-23,"D","CHEICHEID059","CELESID0018","TXN_AMT",29-MAY-23,"","0002","CREANCES RATTACHEES - MANUELLES","DE",""
"INTEREST INCOME on GA2A0000142 AT 4.75 %  1 150 000 000  AT 1.74% DISCOUNT 		","099000d231490001","511800101","XAF",,36217123,29-MAY-23,"C","CHEICHEID059","CELESID0018","TXN_AMT",29-MAY-23,"","000d","CREANCES RATTACHEES - MANUELLES","DE",""
"Accrued interest at purchase of EOG620232027 AT 6%		","099000h231510001","511800101","XAF",,21698630,31-MAY-23,"D","CHEICHEID059","CELESID0018","TXN_AMT",31-MAY-23,"","000h","CREANCES RATTACHEES - MANUELLES","DE",""
" CM1200001244 XAF 500,000,000 at 4% Being losses due to sale at 5.5%","099000p231510001","511800101","XAF",,624306,31-MAY-23,"C","CHEICHEID059","CELESID0018","TXN_AMT",31-MAY-23,"","000p","CREANCES RATTACHEES - MANUELLES","DE",""
"CM1200001244 XAF 500 000 000 AT 3.95% Being forfieted interest 23 May 21 June 2023","099000p231510001","511800101","XAF",,1661111,31-MAY-23,"C","CHEICHEID059","CELESID0018","TXN_AMT",31-MAY-23,"","000p","CREANCES RATTACHEES - MANUELLES","DE",""
"CM1200001244 XAF 500 000 000 AT 3.95% Being losses due to sale at 5.5%","099000p231510001","511800101","XAF",,604167,31-MAY-23,"C","CHEICHEID059","CELESID0018","TXN_AMT",31-MAY-23,"","000p","CREANCES RATTACHEES - MANUELLES","DE",""
" CM1200001244 XAF 500,000,000 at 4% Being forfieted interest 23 May 21 June 2023","099000p231510001","511800101","XAF",,1590972,31-MAY-23,"C","CHEICHEID059","CELESID0018","TXN_AMT",31-MAY-23,"","000p","CREANCES RATTACHEES - MANUELLES","DE",""
"CM1200001244 XAF 500 000 000 AT 3.95% Being forfieted interest 23 May 21 June 2023","0990000231520001","511800101","XAF",,1611111,01-JUN-23,"C","CHEICHEID059","CELESID0018","TXN_AMT",01-JUN-23,"","0000","CREANCES RATTACHEES - MANUELLES","DE",""
"CM1200001244 XAF 500 000 000 AT 3.95% Being forfieted interest 23 May 21 June 2023","0990000231520001","511800101","XAF",,1661111,01-JUN-23,"D","CHEICHEID059","CELESID0018","TXN_AMT",01-JUN-23,"","0000","CREANCES RATTACHEES - MANUELLES","DE",""
"ACCRUED INTEREST AT PURCHASE OF GA2J00000218 AT 5.25% 500 000 000","099000o231570001","511800101","XAF",,17835616,06-JUN-23,"D","CHEICHEID059","CELESID0018","TXN_AMT",06-JUN-23,"","000o","CREANCES RATTACHEES - MANUELLES","DE",""
"ACCRUED INTEREST AT PURCHASE OF GA2J00000267 AT 5.25%  1 000 000 000","099000p231570001","511800101","XAF",,10500000,06-JUN-23,"D","CHEICHEID059","CELESID0018","TXN_AMT",06-JUN-23,"","000p","CREANCES RATTACHEES - MANUELLES","DE",""
" ACCRUED INTEREST Purchase OTA  CG2A00000254 AT 5.25%","0990001231580001","511800101","XAF",,2814863,07-JUN-23,"C","CHEICHEID059","CELESID0018","TXN_AMT",07-JUN-23,"","0001","CREANCES RATTACHEES - MANUELLES","DE",""
"ACCRUED INTEREST Purchase OTA  CG2A00000254 AT 5.25%","0990002231580001","511800101","XAF",,592603,07-JUN-23,"C","CHEICHEID059","CELESID0018","TXN_AMT",07-JUN-23,"","0002","CREANCES RATTACHEES - MANUELLES","DE",""
"REGULARIZATION BUYBACK OF 3.5BLN OTA WITH VD 17/06/2023","099000g231600001","511800101","XAF",,1610959,09-JUN-23,"C","CHEICHEID059","CELESID0018","TXN_AMT",09-JUN-23,"","000g","CREANCES RATTACHEES - MANUELLES","DE",""
"ZERORISING THE IGL","099i099231610102","511800101","XAF",,-268801541,10-JUN-23,"D","ADMINUSER1","ADMINUSER2","TXN_AMT",10-JUN-23,"","i099","CREANCES RATTACHEES - MANUELLES","DE",""
"REUPLOAD THE GL","099z099231610106","511800101","XAF",,268801541,10-JUN-23,"D","ADMINUSER1","ADMINUSER2","TXN_AMT",10-JUN-23,"","z099","CREANCES RATTACHEES - MANUELLES","DE",""
"interest income on purchase GA2A00000142  AT 4.75% 1 150 000 000","099000l231630001","511800101","XAF",,38312329,12-JUN-23,"D","CHEICHEID059","CELESID0018","TXN_AMT",12-JUN-23,"","000l","CREANCES RATTACHEES - MANUELLES","DE",""
"   ACCRUED INTEREST Purchase OTA GA2J00000143 AT 100 000 000  AT 5.75%		","099000g231650001","511800101","XAF",,2914384,14-JUN-23,"C","CHEICHEID059","CELESID0018","TXN_AMT",14-JUN-23,"","000g","CREANCES RATTACHEES - MANUELLES","DE",""
"interest income on  sales GA2K00000058 5.75% 1 500 000 000","099000k231720001","511800101","XAF",,45842466,21-JUN-23,"C","CHEICHEID059","CELESID0018","TXN_AMT",21-JUN-23,"","000k","CREANCES RATTACHEES - MANUELLES","DE",""
"ANNUAL INTEREST FOR T BOND CM2B00000020  6BN","099000e231730001","511800101","XAF",,336000000,22-JUN-23,"C","CHEICHEID059","RENGID000024","TXN_AMT",22-JUN-23,"","000e","CREANCES RATTACHEES - MANUELLES","DE",""
"REVERSAL  ANNUAL INTEREST FOR T BOND CM2B00000020 6BN","099000g231730001","511800101","XAF",,336000000,22-JUN-23,"D","CHEICHEID059","CELESID0018","TXN_AMT",22-JUN-23,"","000g","CREANCES RATTACHEES - MANUELLES","DE",""
"ACCRUED INTEREST AT SALES CM2B0000020 5BN","099000t231770001","511800101","XAF",,9205479,26-JUN-23,"C","CHEICHEID059","CELESID0018","TXN_AMT",26-JUN-23,"","000t","CREANCES RATTACHEES - MANUELLES","DE",""
"ACCRUED INTEREST AT SALES CM2B0000020 200M","099000t231770001","511800101","XAF",,368219,26-JUN-23,"C","CHEICHEID059","CELESID0018","TXN_AMT",26-JUN-23,"","000t","CREANCES RATTACHEES - MANUELLES","DE",""
"ACCRUED INTEREST AT SALES CM2B0000020 800M","099000t231770001","511800101","XAF",,1472887,26-JUN-23,"C","CHEICHEID059","CELESID0018","TXN_AMT",26-JUN-23,"","000t","CREANCES RATTACHEES - MANUELLES","DE",""
"REGUL Purchase of the security GA2J00000127 DUE TO DECIMAL ROWN UP","099000u231770001","511800101","XAF",,1,26-JUN-23,"C","CHEICHEID059","CELESID0018","TXN_AMT",26-JUN-23,"","000u","CREANCES RATTACHEES - MANUELLES","DE",""
"REGUL Purchase of the security GA2J00000127 DUE TO DECIMAL ROWN UP","099000c231780001","511800101","XAF",,2,27-JUN-23,"D","CHEICHEID059","CELESID0018","TXN_AMT",27-JUN-23,"","000c","CREANCES RATTACHEES - MANUELLES","DE",""
" ACCRUED INTEREST AT SALES CM2B0000020 800M","0990005231800001","511800101","XAF",,1472877,29-JUN-23,"C","CHEICHEID059","RENGID000024","TXN_AMT",29-JUN-23,"","0005","CREANCES RATTACHEES - MANUELLES","DE",""
"REVERSAL ACCRUED INTEREST AT SALES CM2B0000020 800M","0990005231800001","511800101","XAF",,1472887,29-JUN-23,"D","CHEICHEID059","RENGID000024","TXN_AMT",29-JUN-23,"","0005","CREANCES RATTACHEES - MANUELLES","DE",""
" ACCRUED INTEREST AT PRUCHASE 4% CM2J00000055  2BN","099000f231800001","511800101","XAF",,61808219,29-JUN-23,"D","CHEICHEID059","RENGID000024","TXN_AMT",29-JUN-23,"","000f","CREANCES RATTACHEES - MANUELLES","DE",""
" ACCRUED INTEREST AT PRUCHASE 6% EOG20232027 ","099000q231800001","511800101","XAF",,52273973,29-JUN-23,"D","CHEICHEID059","RENGID000024","TXN_AMT",29-JUN-23,"","000q","CREANCES RATTACHEES - MANUELLES","DE",""
"Reclassification of accrued interests on securities","0990005231810001","511800101","XAF",,23390537,30-JUN-23,"D","CHEICHEID059","RENGID000024","TXN_AMT",30-JUN-23,"","0005","CREANCES RATTACHEES - MANUELLES","DE",""
"interest income on  PURCHASE  CG2K00000062 AT 6%   1 400 000 000","099000d231810001","511800101","XAF",,20196721,30-JUN-23,"D","CHEICHEID059","RENGID000024","TXN_AMT",30-JUN-23,"","000d","CREANCES RATTACHEES - MANUELLES","DE",""
"interest income on SALES CG2K00000062 AT 6% 1 400 000 000","099000t231840001","511800101","XAF",,20885246,03-JUL-23,"C","CHEICHEID059","RENGID000024","TXN_AMT",03-JUL-23,"","000t","CREANCES RATTACHEES - MANUELLES","DE",""
"interest income on  PURCHASE  GA2K00000058 AT 6%   1 500 000 000","099000e231850001","511800101","XAF",,48914384,04-JUL-23,"D","CHEICHEID059","RENGID000024","TXN_AMT",04-JUL-23,"","000e","CREANCES RATTACHEES - MANUELLES","DE",""
" ACCRUED INTEREST Purchase OTA GA2J00000143 AT 50 000 000  AT 5.75%","099000m231870001","511800101","XAF",,1630479,06-JUL-23,"C","CHEICHEID059","CELESID0018","TXN_AMT",06-JUL-23,"","000m","CREANCES RATTACHEES - MANUELLES","DE",""
"interest income on  PURCHASE  6 %  AT 1 400 000 000","0990002231910001","511800101","XAF",,22491803,10-JUL-23,"D","CHEICHEID059","CELESID0018","TXN_AMT",10-JUL-23,"","0002","CREANCES RATTACHEES - MANUELLES","DE",""
"interest income on  PURCHASE  CM2B00000020  AT5.6%   6BN","099000b231910001","511800101","XAF",,21172603,10-JUL-23,"D","CHEICHEID059","CELESID0018","TXN_AMT",10-JUL-23,"","000b","CREANCES RATTACHEES - MANUELLES","DE",""
"interest income AT SALES  CM2B00000020AT 5.6%   5 000 000 000","099000g231980001","511800101","XAF",,23013699,17-JUL-23,"C","CHEICHEID059","CELESID0018","TXN_AMT",17-JUL-23,"","000g","CREANCES RATTACHEES - MANUELLES","DE",""
"   ACCRUED INTEREST Purchase OTA  CG2A00000254 AT 5.25%","0990001232020001","511800101","XAF",,3869178,21-JUL-23,"C","CHEICHEID059","CELESID0018","TXN_AMT",21-JUL-23,"","0001","CREANCES RATTACHEES - MANUELLES","DE",""
"interest income on  PURCHASE    CM2B00000020 AT 5.6%    5 000 000 000","099000o232020001","511800101","XAF",,28383562,21-JUL-23,"D","CHEICHEID059","CELESID0018","TXN_AMT",21-JUL-23,"","000o","CREANCES RATTACHEES - MANUELLES","DE",""
"   ACCRUED INTEREST Purchase OTA EOG620232027 AT 100 000 000  AT 6%		","099000u232080001","511800101","XAF",,27049180,27-JUL-23,"C","CHEICHEID059","CELESID0018","TXN_AMT",27-JUL-23,"","000u","CREANCES RATTACHEES - MANUELLES","DE",""
"interest income on  SALES  CM2B00000087 AT 5.5%    5 000 000 000","099000o232130001","511800101","XAF",,22904110,01-AUG-23,"C","CHEICHEID059","CELESID0018","TXN_AMT",01-AUG-23,"","000o","CREANCES RATTACHEES - MANUELLES","DE",""
"interest income on  SALES  CG2B00000097 AT 6.5%   322 000 000","099000q232130001","511800101","XAF",,15539808,01-AUG-23,"C","CHEICHEID059","CELESID0018","TXN_AMT",01-AUG-23,"","000q","CREANCES RATTACHEES - MANUELLES","DE",""
"interest income on  SALES  CM2L00000044 AT 6.%   250 000 000","099000r232130001","511800101","XAF",,10602740,01-AUG-23,"C","CHEICHEID059","CELESID0018","TXN_AMT",01-AUG-23,"","000r","CREANCES RATTACHEES - MANUELLES","DE",""
"interest income on  PURCHASE    CM2B00000087 AT 5.5%    500 000 000","0990006232150001","511800101","XAF",,22979452,03-AUG-23,"D","CHEICHEID059","CELESID0018","TXN_AMT",03-AUG-23,"","0006","CREANCES RATTACHEES - MANUELLES","DE",""
"interest income on  PURCHASE   CM2L000000044 AT 6%    250 000 000","0990008232150001","511800101","XAF",,10643836,03-AUG-23,"D","CHEICHEID059","CELESID0018","TXN_AMT",03-AUG-23,"","0008","CREANCES RATTACHEES - MANUELLES","DE",""
"interest income on  PURCHASE   CG2B00000097AT 6%   322  000 000","099000b232150001","511800101","XAF",,15597151,03-AUG-23,"D","CHEICHEID059","CELESID0018","TXN_AMT",03-AUG-23,"","000b","CREANCES RATTACHEES - MANUELLES","DE",""
"interest income on  PURCHASE CM2B00000087 AT 5.5%    3 500 000 000","099000k232160001","511800101","XAF",,158219178,04-AUG-23,"D","CHEICHEID059","CELESID0018","TXN_AMT",04-AUG-23,"","000k","CREANCES RATTACHEES - MANUELLES","DE",""
"ANNUAL INTEREST FOR T BOND GA2B00000117","099000n232190001","511800101","XAF",,73750000,07-AUG-23,"C","BINEID00087","CELESID0018","TXN_AMT",07-AUG-23,"","000n","CREANCES RATTACHEES - MANUELLES","DE",""
"interest income on PURCHASE CG2J00000099 AT 6.1% 1 000 000 000","099000b232210001","511800101","XAF",,31920548,09-AUG-23,"D","BINEID00087","CELESID0018","TXN_AMT",09-AUG-23,"","000b","CREANCES RATTACHEES - MANUELLES","DE",""
"interest income on  PURCHASE  GQ2K00000039  AT 7%    400 000 000","099000q232220001","511800101","XAF",,25698630,10-AUG-23,"D","CHEICHEID059","CELESID0018","TXN_AMT",10-AUG-23,"","000q","CREANCES RATTACHEES - MANUELLES","DE",""
"interest income on   SALES  CM2B00000087 AT 5.5%  3 500 000 000","099000j232290001","511800101","XAF",,165602740,17-AUG-23,"C","CHEICHEID059","CELESID0018","TXN_AMT",17-AUG-23,"","000j","CREANCES RATTACHEES - MANUELLES","DE",""
"interest income on  PURCHASE   CM2B00000087 AT 5.5%  3 500 000 000","099000l232290001","511800101","XAF",,165602740,17-AUG-23,"D","CHEICHEID059","CELESID0018","TXN_AMT",17-AUG-23,"","000l","CREANCES RATTACHEES - MANUELLES","DE",""
"   ACCRUED INTEREST Purchase OTA CG2J00000099 AT 50 000 000  AT 6.1%","099000i232330001","511800101","XAF",,1704658,21-AUG-23,"C","CHEICHEID059","CELESID0018","TXN_AMT",21-AUG-23,"","000i","CREANCES RATTACHEES - MANUELLES","DE",""
"interest income on   PURCHASE  GQ2K00000039 AT 7% 200 000 000","099000k232340001","511800101","XAF",,12849315,22-AUG-23,"D","CHEICHEID059","CELESID0018","TXN_AMT",22-AUG-23,"","000k","CREANCES RATTACHEES - MANUELLES","DE",""
"interest income on    PURCHASE  CM2B00000095 AT 5.5% 1 000 000 000","099000l232340001","511800101","XAF",,23292350,22-AUG-23,"D","BINEID00087","CELESID0018","TXN_AMT",22-AUG-23,"","000l","CREANCES RATTACHEES - MANUELLES","DE",""
"interest income on    CG2J00000099  AT 0.5% 3 000 000 0000","099000j232350001","511800101","XAF",,102279452,23-AUG-23,"D","BINEID00087","CELESID0018","TXN_AMT",23-AUG-23,"","000j","CREANCES RATTACHEES - MANUELLES","DE",""
"interest income on purchase  CG2J00000099 AT 6.1%","099000o232350001","511800101","XAF",,102279452,23-AUG-23,"D","CHEICHEID059","CELESID0018","TXN_AMT",23-AUG-23,"","000o","CREANCES RATTACHEES - MANUELLES","DE",""
"interest income on purchase CG2J00000099 AT 6.1%","099000c232360001","511800101","XAF",,102279452,24-AUG-23,"C","CHEICHEID059","CELESID0018","TXN_AMT",24-AUG-23,"","000c","CREANCES RATTACHEES - MANUELLES","DE",""
"interest income on sales CG2J00000099 AT 6.1%","099000c232360001","511800101","XAF",,102279452,24-AUG-23,"C","CHEICHEID059","CELESID0018","TXN_AMT",24-AUG-23,"","000c","CREANCES RATTACHEES - MANUELLES","DE",""
"interest income on   SALES  CM2B00000087 AT 5.5%  3 500 000 000","0990002232400001","511800101","XAF",,172986301,28-AUG-23,"C","CHEICHEID059","CELESID0018","TXN_AMT",28-AUG-23,"","0002","CREANCES RATTACHEES - MANUELLES","DE",""
"interest income on    PURCHASE  CM2B00000087 AT 5.5%  2 000 000 000","0990003232400001","511800101","XAF",,98849315,28-AUG-23,"D","CHEICHEID059","CELESID0018","TXN_AMT",28-AUG-23,"","0003","CREANCES RATTACHEES - MANUELLES","DE",""
"Purchase of the security CG2J00000099 AT 50 000 000 AT 6.1%/00101300143/ SOCIETE SOMA GROUP CM SAS	","099000w232410001","511800101","XAF",,1771507,29-AUG-23,"C","CHEICHEID059","CELESID0018","TXN_AMT",29-AUG-23,"","000w","CREANCES RATTACHEES - MANUELLES","DE",""
"INTEREST GQ2K00000039 DU 27/AOUT 2023","099000x232410001","511800101","XAF",,147000000,29-AUG-23,"C","BINEID00087","CELESID0018","TXN_AMT",29-AUG-23,"","000x","CREANCES RATTACHEES - MANUELLES","DE",""
"interest income on  PURCHASE  CM2B00000087 AT 5.5%  1 500 000 000","099000h232470001","511800101","XAF",,75719178,04-SEP-23,"D","CHEICHEID059","CELESID0018","TXN_AMT",04-SEP-23,"","000h","CREANCES RATTACHEES - MANUELLES","DE",""
"interest income on  PURCHASE  CM2L00000028 AT 5.6 %  500 000 000		","099000i232470001","511800101","XAF",,6164384,04-SEP-23,"D","CHEICHEID059","CELESID0018","TXN_AMT",04-SEP-23,"","000i","CREANCES RATTACHEES - MANUELLES","DE",""
"interest income on  PURCHASE  CM2B00000020 AT 5.6 %  200 000 000","099000j232470001","511800101","XAF",,2424110,04-SEP-23,"D","CHEICHEID059","CELESID0018","TXN_AMT",04-SEP-23,"","000j","CREANCES RATTACHEES - MANUELLES","DE",""
"interets income on CM2B00000020 AT 100% 60000000		","099000f232490001","511800101","XAF",,764055,06-SEP-23,"D","BINEID00087","CELESID0018","TXN_AMT",06-SEP-23,"","000f","CREANCES RATTACHEES - MANUELLES","DE",""
"Iinteret  income on CM2L00000028  AT 6% 700000000","099000d232490001","511800101","XAF",,8975342,06-SEP-23,"D","BINEID00087","CELESID0018","TXN_AMT",06-SEP-23,"","000d","CREANCES RATTACHEES - MANUELLES","DE",""
"ACCRUED INTEREST Purchase OTA CG2J00000099 97 500 000 AT 6.1%","099000t232490001","511800101","XAF",,3566411,06-SEP-23,"C","BINEID00087","CELESID0018","TXN_AMT",06-SEP-23,"","000t","CREANCES RATTACHEES - MANUELLES","DE",""
"ACCRUED INTEREST Purchase OTA CM2B0000002 60 000 000 AT 5.6%","099000d232540001","511800101","XAF",,80563,11-SEP-23,"C","BINEID00087","CELESID0018","TXN_AMT",11-SEP-23,"","000d","CREANCES RATTACHEES - MANUELLES","DE",""
"interest income on   SALES  CM2B00000087 AT 5.5%  2 000 000 000		","099000h232560001","511800101","XAF",,103068493,13-SEP-23,"C","CHEICHEID059","CELESID0018","TXN_AMT",13-SEP-23,"","000h","CREANCES RATTACHEES - MANUELLES","DE",""
"interest income on    PURCHASE  CM2B00000087 AT 5.5%  2 000 000 000","099000i232560001","511800101","XAF",,103068493,13-SEP-23,"D","CHEICHEID059","CELESID0018","TXN_AMT",13-SEP-23,"","000i","CREANCES RATTACHEES - MANUELLES","DE",""
"interest income on   SALES  CM2B00000095 AT 5.5%  1 000 000 000		","099000o232560001","511800101","XAF",,27950820,13-SEP-23,"C","CHEICHEID059","CELESID0018","TXN_AMT",13-SEP-23,"","000o","CREANCES RATTACHEES - MANUELLES","DE",""
"interest income on    PURCHASE  CG2J00000222  AT 6 %  800 000 000		","099000r232560001","511800101","XAF",,26301370,13-SEP-23,"D","CHEICHEID059","CELESID0018","TXN_AMT",13-SEP-23,"","000r","CREANCES RATTACHEES - MANUELLES","DE",""
"interest income on   SALES  CG2J00000222  AT 6 %  800 000 000		","099000t232560001","511800101","XAF",,26432877,13-SEP-23,"C","CHEICHEID059","CELESID0018","TXN_AMT",13-SEP-23,"","000t","CREANCES RATTACHEES - MANUELLES","DE",""
"interest income on   SALES  CG2J00000420  AT 6 %  700 000 000","099000x232560001","511800101","XAF",,573770,13-SEP-23,"C","CHEICHEID059","CELESID0018","TXN_AMT",13-SEP-23,"","000x","CREANCES RATTACHEES - MANUELLES","DE",""
"interest income on   PURCHASE  CG2J00000240  AT 6 %  700 000 000","099000y232560001","511800101","XAF",,688525,13-SEP-23,"D","CHEICHEID059","CELESID0018","TXN_AMT",13-SEP-23,"","000y","CREANCES RATTACHEES - MANUELLES","DE",""
"interest income on   PURCHASE  CG2A00000247  AT 5.5 %  2 000 000 000","0990010232560001","511800101","XAF",,104273973,13-SEP-23,"D","CHEICHEID059","CELESID0018","TXN_AMT",13-SEP-23,"","0010","CREANCES RATTACHEES - MANUELLES","DE",""
"interest income on   SALES  CG2A00000247  AT 5.5 %  2 000 000 000","0990011232560001","511800101","XAF",,104575342,13-SEP-23,"C","CHEICHEID059","CELESID0018","TXN_AMT",13-SEP-23,"","0011","CREANCES RATTACHEES - MANUELLES","DE",""
"interest income on   PURCHASE  CM2L00000028  AT 6 %  350 000 000","0990012232560001","511800101","XAF",,4934426,13-SEP-23,"D","CHEICHEID059","CELESID0018","TXN_AMT",13-SEP-23,"","0012","CREANCES RATTACHEES - MANUELLES","DE",""
"   ACCRUED INTEREST Purchase OTA CG2J00000099 AT 20 000 000  AT 6.1%","0990016232560001","511800101","XAF",,758740,13-SEP-23,"C","CHEICHEID059","CELESID0018","TXN_AMT",13-SEP-23,"","0016","CREANCES RATTACHEES - MANUELLES","DE",""
"interest income on   SALES  CM2L00000028 AT 5.6 % 500 000 000","099000f232570001","511800101","XAF",,7131147,14-SEP-23,"C","CHEICHEID059","CELESID0018","TXN_AMT",14-SEP-23,"","000f","CREANCES RATTACHEES - MANUELLES","DE",""
"interest income on   SALES  CM2L00000028 AT 6% 700000000 		","099000f232570001","511800101","XAF",,9983607,14-SEP-23,"C","CHEICHEID059","CELESID0018","TXN_AMT",14-SEP-23,"","000f","CREANCES RATTACHEES - MANUELLES","DE",""
"interest income on    PURCHASE  CM2L00000028 AT 6 % 1 2000 000 000","099000i232570001","511800101","XAF",,17311475,14-SEP-23,"D","CHEICHEID059","CELESID0018","TXN_AMT",14-SEP-23,"","000i","CREANCES RATTACHEES - MANUELLES","DE",""
"interest income on    PURCHASE  CM2J00000222  AT 6 % 453 000 000","099000l232570001","511800101","XAF",,14967616,14-SEP-23,"D","CHEICHEID059","CELESID0018","TXN_AMT",14-SEP-23,"","000l","CREANCES RATTACHEES - MANUELLES","DE",""
"interest income on    SALES  CG2J00000222 AT 6 %  453 000 000		","099000m232570001","511800101","XAF",,15042082,14-SEP-23,"C","CHEICHEID059","CELESID0018","TXN_AMT",14-SEP-23,"","000m","CREANCES RATTACHEES - MANUELLES","DE",""
"COUPON  RECEIVED ON SALE OF THE SECURITY  DISCOUNT INTEREST LEFT ON SALE OF THE SECURITY GQK00000039 500 000 000 AT 7%","099000h232570001","511800101","XAF",,1530055,14-SEP-23,"C","BINEID00087","CELESID0018","TXN_AMT",14-SEP-23,"","000h","CREANCES RATTACHEES - MANUELLES","DE",""
"COUPON RECEIVED ON SALE OF THE SECURITY SALE OF SECURITY CGK0000000 400 000 000 AND 200 000 000 AT 7%","099000h232570001","511800101","XAF",,1836066,14-SEP-23,"C","BINEID00087","CELESID0018","TXN_AMT",14-SEP-23,"","000h","CREANCES RATTACHEES - MANUELLES","DE",""
"COUPON RECEIVED ON SALE OF THE SECURITY DISCOUNT INTEREST LEFT ON SALE OF THE SECURITY GQK00000039 1000000000 AT 7%","099000h232570001","511800101","XAF",,3060109,14-SEP-23,"C","BINEID00087","CELESID0018","TXN_AMT",14-SEP-23,"","000h","CREANCES RATTACHEES - MANUELLES","DE",""
"interest income on   PURCHASE  CG2A00000270  AT 5 % 1 000 000 000","099000n232570001","511800101","XAF",,29452055,14-SEP-23,"D","CHEICHEID059","CELESID0018","TXN_AMT",14-SEP-23,"","000n","CREANCES RATTACHEES - MANUELLES","DE",""
"interest income on  CG2A00000270  AT 5 % 1 000 000 000		","099000o232570001","511800101","XAF",,29589041,14-SEP-23,"C","CHEICHEID059","CELESID0018","TXN_AMT",14-SEP-23,"","000o","CREANCES RATTACHEES - MANUELLES","DE",""
"interest income on   PURCHASE  CG2A000000247  AT 5.5 % 2 000 000 000","099000p232570001","511800101","XAF",,104575342,14-SEP-23,"D","CHEICHEID059","CELESID0018","TXN_AMT",14-SEP-23,"","000p","CREANCES RATTACHEES - MANUELLES","DE",""
"interest income on  SALES  CG2A000000247  AT 5.5 % 2 000 000 000","099000r232570001","511800101","XAF",,104876712,14-SEP-23,"C","CHEICHEID059","CELESID0018","TXN_AMT",14-SEP-23,"","000r","CREANCES RATTACHEES - MANUELLES","DE",""
"interest income on   SALES GA2B00000091 AT 6.25 % 450 000 000","099000t232570001","511800101","XAF",,15950342,14-SEP-23,"C","CHEICHEID059","CELESID0018","TXN_AMT",14-SEP-23,"","000t","CREANCES RATTACHEES - MANUELLES","DE",""
"interest income on  GA2B00000091 AT 6.25 % 450 000 000","099000x232570001","511800101","XAF",,16027397,14-SEP-23,"D","CHEICHEID059","CELESID0018","TXN_AMT",14-SEP-23,"","000x","CREANCES RATTACHEES - MANUELLES","DE",""
"interest income on  SALES CM2B00000103 AT 5.25% 1 000 000 000","0990010232570001","511800101","XAF",,25963115,14-SEP-23,"C","CHEICHEID059","CELESID0018","TXN_AMT",14-SEP-23,"","0010","CREANCES RATTACHEES - MANUELLES","DE",""
"interest income on PURCHASE  CM2B00000103 AT 5.25% 1 000 000 000","0990011232570001","511800101","XAF",,26106557,14-SEP-23,"D","CHEICHEID059","CELESID0018","TXN_AMT",14-SEP-23,"","0011","CREANCES RATTACHEES - MANUELLES","DE",""
"   ACCRUED INTEREST Purchase OTA CG2J00000099 AT 20 000 000  AT 6.1%","099000i232580001","511800101","XAF",,758740,15-SEP-23,"D","CHEICHEID059","CELESID0018","TXN_AMT",15-SEP-23,"","000i","CREANCES RATTACHEES - MANUELLES","DE",""
"interest income on   SALES  CG2J00000099 AT 6.10 % 803 000 000","099000l232580001","511800101","XAF",,30463400,15-SEP-23,"C","CHEICHEID059","CELESID0018","TXN_AMT",15-SEP-23,"","000l","CREANCES RATTACHEES - MANUELLES","DE",""
" PURCHASE CG2J00000099 AT 6.10 % 803 000 000","099000m232580001","511800101","XAF",,30597600,15-SEP-23,"D","CHEICHEID059","CELESID0018","TXN_AMT",15-SEP-23,"","000m","CREANCES RATTACHEES - MANUELLES","DE",""
"   ACCRUED INTEREST Purchase OTA CG2J00000099 AT 20 000 000  AT 6.1%		","099000s232580001","511800101","XAF",,762082,15-SEP-23,"C","CHEICHEID059","CELESID0018","TXN_AMT",15-SEP-23,"","000s","CREANCES RATTACHEES - MANUELLES","DE",""
"   ACCRUED INTEREST Purchase OTA CG2J00000099 AT 5 000 000  AT 6.1%		","099000t232580001","511800101","XAF",,189685,15-SEP-23,"C","CHEICHEID059","CELESID0018","TXN_AMT",15-SEP-23,"","000t","CREANCES RATTACHEES - MANUELLES","DE",""
"   ACCRUED INTEREST Purchase OTA CG2J00000099 AT 5 000 000  AT 6.1%","0990016232580001","511800101","XAF",,189685,15-SEP-23,"D","CHEICHEID059","CELESID0018","TXN_AMT",15-SEP-23,"","0016","CREANCES RATTACHEES - MANUELLES","DE",""
"   ACCRUED INTEREST Purchase OTA CG2J00000099 AT 5 000 000  AT 6.1%","0990016232580001","511800101","XAF",,190521,15-SEP-23,"C","CHEICHEID059","CELESID0018","TXN_AMT",15-SEP-23,"","0016","CREANCES RATTACHEES - MANUELLES","DE",""
"interest income on SALES OF CM2B0000087 AT 5.5%   1 500 000 000		","0990015232580001","511800101","XAF",,78883562,15-SEP-23,"C","BINEID00087","CELESID0018","TXN_AMT",15-SEP-23,"","0015","CREANCES RATTACHEES - MANUELLES","DE",""
"interest income on PURCHASES OF CM2B0000087 AT 5%   1 500 000 000","0990018232580001","511800101","XAF",,44383562,15-SEP-23,"D","BINEID00087","CELESID0018","TXN_AMT",15-SEP-23,"","0018","CREANCES RATTACHEES - MANUELLES","DE",""
"INTERETS SALES on CG2A00000270  AT 5% 1500000000","0990019232580001","511800101","XAF",,44589041,15-SEP-23,"C","BINEID00087","CELESID0018","TXN_AMT",15-SEP-23,"","0019","CREANCES RATTACHEES - MANUELLES","DE",""
"interest income on   PURCHASE  CM2B00000020  AT 5.60% 3 500 000 000","099000l232610001","511800101","XAF",,49803279,18-SEP-23,"D","CHEICHEID059","CELESID0018","TXN_AMT",18-SEP-23,"","000l","CREANCES RATTACHEES - MANUELLES","DE",""
"interest income on   SALES  CM2B00000020  AT 5.6% 3 500 000 000		","099000k232610001","511800101","XAF",,49267760,18-SEP-23,"C","CHEICHEID059","CELESID0018","TXN_AMT",18-SEP-23,"","000k","CREANCES RATTACHEES - MANUELLES","DE",""
"interest income on   SALES  CM2B00000020  AT 5.60% 1 500 000 000 and 1 000 000 000","099000m232610001","511800101","XAF",,35573770,18-SEP-23,"C","CHEICHEID059","CELESID0018","TXN_AMT",18-SEP-23,"","000m","CREANCES RATTACHEES - MANUELLES","DE",""
"INTEREST   RECEIVED CM2J00000055 OTA-3ANS 5.60 18-09-2023","099000t232610001","511800101","XAF",,80000000,18-SEP-23,"C","BINEID00087","CELESID0018","TXN_AMT",18-SEP-23,"","000t","CREANCES RATTACHEES - MANUELLES","DE",""
"interest income on  CG2A00000247 AT 5.5% 2 000 000 000","0990000232620001","511800101","XAF",,104876712,19-SEP-23,"D","CHEICHEID059","CELESID0018","TXN_AMT",19-SEP-23,"","0000","CREANCES RATTACHEES - MANUELLES","DE",""
"interest income on   SALES  CG2A00000247 AT 5.5% 2 000 000 000","0990001232620001","511800101","XAF",,105178082,19-SEP-23,"C","CHEICHEID059","CELESID0018","TXN_AMT",19-SEP-23,"","0001","CREANCES RATTACHEES - MANUELLES","DE",""
"interest income on  PURCHASE    CQ2K00000039 AT 100%  ","0990003232630001","511800101","XAF",,6827869,20-SEP-23,"D","BINEID00087","CELESID0018","TXN_AMT",20-SEP-23,"","0003","CREANCES RATTACHEES - MANUELLES","DE",""
"interest income on  SALE CM2B00000087 AT 5.5%    2 000 000 000","099000b232650001","511800101","XAF",,107287671,22-SEP-23,"C","BINEID00087","CELESID0018","TXN_AMT",22-SEP-23,"","000b","CREANCES RATTACHEES - MANUELLES","DE",""
"NTEREST RECEIVED GA2J00000142 OTA 4.75% 24 SEPT 2023","099000g232680001","511800101","XAF",,54625000,25-SEP-23,"C","BINEID00087","CELESID0018","TXN_AMT",25-SEP-23,"","000g","CREANCES RATTACHEES - MANUELLES","DE",""
"interest income on PURCHASE EOG232028625 AT 6.25 % 2 800 000 000","0990003232690001","511800101","XAF",,31079235,26-SEP-23,"D","CHEICHEID059","CELESID0018","TXN_AMT",26-SEP-23,"","0003","CREANCES RATTACHEES - MANUELLES","DE",""
"099OTAP232760001 INTEREST AT  PURCHASE  CM2B00000020 AT 5.6% 2 500 000 000","0990003232760001","511800101","XAF",,42076503,03-OCT-23,"D","CHEICHEID059","RENGID000024","TXN_AMT",03-OCT-23,"","0003","CREANCES RATTACHEES - MANUELLES","DE",""
"Interest   income on GQ2J00000024 AT 7 %  3 000 000 000 AT 0.5% DISCOUNT 099OTAP232820001","099000o232820001","511800101","XAF",,45452055,09-OCT-23,"D","BINEID00087","CELESID0018","TXN_AMT",09-OCT-23,"","000o","CREANCES RATTACHEES - MANUELLES","DE",""
"Interest   income on GQ2J00000024 AT 7 %  3 000 000 000 AT 0.5% DISCOUNT 099OTAP232820001","099000p232820001","511800101","XAF",,45452055,09-OCT-23,"D","BINEID00087","CELESID0018","TXN_AMT",09-OCT-23,"","000p","CREANCES RATTACHEES - MANUELLES","DE",""
"REVERSAL INTEREST CINCOME ON GQ2J00000024 AT 7% 3 000 000 000 AT 0.5%DISCOUNT 099OTAP232820001","099000a232830001","511800101","XAF",,45452055,10-OCT-23,"C","BINEID00087","CELESID0018","TXN_AMT",10-OCT-23,"","000a","CREANCES RATTACHEES - MANUELLES","DE",""
"INTEREST INCOME ON GQ2J00000024 AT 7% 3000000000 AT 0.5% DISCOUNT  099OTAO232820001","099000d232830001","511800101","XAF",,45452055,10-OCT-23,"C","BINEID00087","CELESID0018","TXN_AMT",10-OCT-23,"","000d","CREANCES RATTACHEES - MANUELLES","DE",""
"Regul interest GA2K00000058 5.75% 1 500 000 000 099OTAP230520001","0990011232850001","511800101","XAF",,28356165,12-OCT-23,"D","CHEICHEID059","CELESID0018","TXN_AMT",12-OCT-23,"","0011","CREANCES RATTACHEES - MANUELLES","DE",""
"REGUL INTEREST ISIN CM2B00000087  3 500 000 000 AT 5.5% 099OTAP232290001","0990012232850001","511800101","XAF",,7383561,12-OCT-23,"D","BINEID00087","CELESID0018","TXN_AMT",12-OCT-23,"","0012","CREANCES RATTACHEES - MANUELLES","DE",""
"Regul interest  ISIN GA2J0000142 4.75% 1 150 000 000 -099OTAP230950005","0990013232850001","511800101","XAF",,8231164,12-OCT-23,"D","CHEICHEID059","CELESID0018","TXN_AMT",12-OCT-23,"","0013","CREANCES RATTACHEES - MANUELLES","DE",""
"REGUL INTEREST ISIN CM2B00000087  3 500 000 000 AT 5.5% 099OTAP232160003","0990015232850001","511800101","XAF",,7383562,12-OCT-23,"D","BINEID00087","CELESID0018","TXN_AMT",12-OCT-23,"","0015","CREANCES RATTACHEES - MANUELLES","DE",""
"Regul interest  ISIN GA2A0000142 4.75% 1 150 000 000 -099OTAP23163001","0990014232850001","511800101","XAF",,16312671,12-OCT-23,"D","CHEICHEID059","CELESID0018","TXN_AMT",12-OCT-23,"","0014","CREANCES RATTACHEES - MANUELLES","DE",""
"REGUL INTEREST ISIN CG2B00000097  322 000 000  AT 6.50 % 099OTAP223290002","0990017232850001","511800101","XAF",,229370,12-OCT-23,"D","BINEID00087","CELESID0018","TXN_AMT",12-OCT-23,"","0017","CREANCES RATTACHEES - MANUELLES","DE",""
"Regul interest  ISIN CM2J0000055 4% 2 000 000 000 099OTAP231800004","0990018232850001","511800101","XAF",,18191781,12-OCT-23,"D","CHEICHEID059","CELESID0018","TXN_AMT",12-OCT-23,"","0018","CREANCES RATTACHEES - MANUELLES","DE",""
"Regul interest CG2A00000270 4% 1 500 000 000 099OTAP232580008","0990019232850001","511800101","XAF",,205479,12-OCT-23,"D","BINEID00087","CELESID0018","TXN_AMT",12-OCT-23,"","0019","CREANCES RATTACHEES - MANUELLES","DE",""
"Regul interest  CG2A00000270 4% 1 000 000 000 099OTAP232570005","099001a232850001","511800101","XAF",,136986,12-OCT-23,"D","BINEID00087","CELESID0018","TXN_AMT",12-OCT-23,"","001a","CREANCES RATTACHEES - MANUELLES","DE",""
"REGUL INTEREST ISIN CM2B00000087  1 500 000 000 AT 5.5% 099OTAP232470006","099001b232850001","511800101","XAF",,3164384,12-OCT-23,"D","BINEID00087","CELESID0018","TXN_AMT",12-OCT-23,"","001b","CREANCES RATTACHEES - MANUELLES","DE",""
"REGUL INTEREST ISIN CG2A00000254 300 000 000 AND 450 000 000   AT 5.25 % 099OTAP223140001 099OTAP223050001","099001c232850001","511800101","XAF",,2524315,12-OCT-23,"D","CHEICHEID059","CELESID0018","TXN_AMT",12-OCT-23,"","001c","CREANCES RATTACHEES - MANUELLES","DE",""
"REGUL INTEREST ISIN CM2B00000087  2 000 000 000 AT 5.5% 099OTAP232400002-","099001e232850001","511800101","XAF",,4219178,12-OCT-23,"D","CHEICHEID059","CELESID0018","TXN_AMT",12-OCT-23,"","001e","CREANCES RATTACHEES - MANUELLES","DE",""
"REGUL INTEREST ISIN CG2J00000222  453 000 000 AT 6% 099OTAP232570003","099001h232850001","511800101","XAF",,74466,12-OCT-23,"D","CHEICHEID059","CELESID0018","TXN_AMT",12-OCT-23,"","001h","CREANCES RATTACHEES - MANUELLES","DE",""
"Regul interest CM2L00000028 6%  500 000 000 099OTAP232470002","099001m232850001","511800101","XAF",,966764,12-OCT-23,"D","BINEID00087","CELESID0018","TXN_AMT",12-OCT-23,"","001m","CREANCES RATTACHEES - MANUELLES","DE",""
"Regul interest CM2L00000028 6%  700 000 000 099OTAP232490004","099001n232850001","511800101","XAF",,1008265,12-OCT-23,"D","BINEID00087","CELESID0018","TXN_AMT",12-OCT-23,"","001n","CREANCES RATTACHEES - MANUELLES","DE",""
"REGUL INTEREST ISIN CG2J00000222  800 000 000 AT 6% 099OTAP232560003","099001o232850001","511800101","XAF",,131507,12-OCT-23,"D","CHEICHEID059","CELESID0018","TXN_AMT",12-OCT-23,"","001o","CREANCES RATTACHEES - MANUELLES","DE",""
"REGUL INTEREST ISIN CG2K00000062  1 400 000 000  AT 6% 099OTAP231810001","099001q232850001","511800101","XAF",,688525,12-OCT-23,"D","BINEID00087","CELESID0018","TXN_AMT",12-OCT-23,"","001q","CREANCES RATTACHEES - MANUELLES","DE",""
"REGUL INTEREST ISIN CG2J00000222  1 050 000 000 AT 6% 099OTAP223320001","099001p232850001","511800101","XAF",,345205,12-OCT-23,"D","CHEICHEID059","CELESID0018","TXN_AMT",12-OCT-23,"","001p","CREANCES RATTACHEES - MANUELLES","DE",""
"ACCRUED INTEREST PURCHASE OTAP CG2J00000099 AT 50 000 000 AT 6.1% 099OTAP232580007","099001r232850001","511800101","XAF",,2122466,12-OCT-23,"C","BINEID00087","CELESID0018","TXN_AMT",12-OCT-23,"","001r","CREANCES RATTACHEES - MANUELLES","DE",""
"REGUL INTEREST ISIN CG2A00000247  2 000 000 000 AT 5,50% 099OTAP232560005","099001s232850001","511800101","XAF",,301369,12-OCT-23,"D","CHEICHEID059","CELESID0018","TXN_AMT",12-OCT-23,"","001s","CREANCES RATTACHEES - MANUELLES","DE",""
"REGUL INTEREST ISIN CG2A00000247  2 000 000 000 AT 5,50% 099OTAP232570007		","099001u232850001","511800101","XAF",,301370,12-OCT-23,"D","CHEICHEID059","CELESID0018","TXN_AMT",12-OCT-23,"","001u","CREANCES RATTACHEES - MANUELLES","DE",""
"Regul interest  CG2B0000014 6.5% 1 000 000 000 099OTAP230960001","099001v232850001","511800101","XAF",,890411,12-OCT-23,"D","CHEICHEID059","CELESID0018","TXN_AMT",12-OCT-23,"","001v","CREANCES RATTACHEES - MANUELLES","DE",""
"REGUL INTEREST ISIN CG2A00000247  2 000 000 000 AT 5,50% 099OTAP232620002","099001w232850001","511800101","XAF",,301370,12-OCT-23,"D","CHEICHEID059","CELESID0018","TXN_AMT",12-OCT-23,"","001w","CREANCES RATTACHEES - MANUELLES","DE",""
"INTEREST AT ANNIVERSARY 01 OCT 2023 ISIN CM2B00000087 500 000 000 AT 5.5% 099OTAP232150003","099001y232850001","511800101","XAF",,27500000,12-OCT-23,"C","CHEICHEID059","CELESID0018","TXN_AMT",12-OCT-23,"","001y","CREANCES RATTACHEES - MANUELLES","DE",""
"INTEREST AT ANNIVERSARY 01 OCT 2023 ISIN CM2B00000087 500 000 000 AT 5.5% 099OTAP232150003","099001y232850001","511800101","XAF",,4520548,12-OCT-23,"D","CHEICHEID059","CELESID0018","TXN_AMT",12-OCT-23,"","001y","CREANCES RATTACHEES - MANUELLES","DE",""
"REGUL INTEREST ISIN GA2Y00000218 600 000 000   AT 5.25 % 099OTAP222930004		","099001z232850001","511800101","XAF",,4142466,12-OCT-23,"D","CHEICHEID059","CELESID0018","TXN_AMT",12-OCT-23,"","001z","CREANCES RATTACHEES - MANUELLES","DE",""
"REGUL INTEREST ISIN GA2B00000125 800 000 000   AT 6.5 % 099OTAP223290003","0990020232850001","511800101","XAF",,427397,12-OCT-23,"D","CHEICHEID059","CELESID0018","TXN_AMT",12-OCT-23,"","0020","CREANCES RATTACHEES - MANUELLES","DE",""
"REGUL INTEREST ISIN CM2B00000095 1 000 000 000   AT 5.5 % 099OTAP232340006","0990021232850001","511800101","XAF",,4658470,12-OCT-23,"D","CHEICHEID059","CELESID0018","TXN_AMT",12-OCT-23,"","0021","CREANCES RATTACHEES - MANUELLES","DE",""
"REGUL INTEREST ISIN CG2J00000321 250 000 000   AT 5.75 % 099OTAP230310003		","0990022232850001","511800101","XAF",,2244863,12-OCT-23,"D","CHEICHEID059","CELESID0018","TXN_AMT",12-OCT-23,"","0022","CREANCES RATTACHEES - MANUELLES","DE",""
"REGUL INTEREST ISIN CG2J00000420 700 000 000   AT 6 % 099OTAP232510001REGUL INTEREST ISIN CG2J00000420 700 000 000   AT 6 % 099OTAP232510001","0990023232850001","511800101","XAF",,573770,12-OCT-23,"D","CHEICHEID059","CELESID0018","TXN_AMT",12-OCT-23,"","0023","CREANCES RATTACHEES - MANUELLES","DE",""
"REGUL INTEREST ISIN CG2A00000254 750 000 000   AT 5.25 % 099OTAP223350003 		","0990024232850001","511800101","XAF",,12729453,12-OCT-23,"D","CHEICHEID059","CELESID0018","TXN_AMT",12-OCT-23,"","0024","CREANCES RATTACHEES - MANUELLES","DE",""
"REGUL INTEREST ISIN GA2Y00000218 600 000 000   AT 5.25 % O99OTAP222280001","0990025232850001","511800101","XAF",,1553425,12-OCT-23,"D","CHEICHEID059","CELESID0018","TXN_AMT",12-OCT-23,"","0025","CREANCES RATTACHEES - MANUELLES","DE",""
"REGUL INTEREST ISIN GA2Y00000218 600 000 000   AT 5.25 % O99OTAP222280001","0990025232850001","511800101","XAF",,5782192,12-OCT-23,"D","CHEICHEID059","CELESID0018","TXN_AMT",12-OCT-23,"","0025","CREANCES RATTACHEES - MANUELLES","DE",""
"REGUL INTEREST ISIN GQ2K00000039  500 000 000 AT 7% 099OTAP230620001--		","0990026232850001","511800101","XAF",,17164384,12-OCT-23,"D","CHEICHEID059","CELESID0018","TXN_AMT",12-OCT-23,"","0026","CREANCES RATTACHEES - MANUELLES","DE",""
"REGUL INTEREST ISIN GQ2K00000039  400 000 000 AT 7% 099OTAP232220002--		","0990026232850001","511800101","XAF",,2301370,12-OCT-23,"D","CHEICHEID059","CELESID0018","TXN_AMT",12-OCT-23,"","0026","CREANCES RATTACHEES - MANUELLES","DE",""
"REGUL INTEREST ISIN GQ2K00000039  200 000 000 AT 7% 099OTAP232340002--		","0990026232850001","511800101","XAF",,1150685,12-OCT-23,"D","CHEICHEID059","CELESID0018","TXN_AMT",12-OCT-23,"","0026","CREANCES RATTACHEES - MANUELLES","DE",""
"REGUL INTEREST ISIN GQ2K00000039  1 000 000 000 AT 7% 099OTAP230450003--		","0990026232850001","511800101","XAF",,37397260,12-OCT-23,"D","CHEICHEID059","CELESID0018","TXN_AMT",12-OCT-23,"","0026","CREANCES RATTACHEES - MANUELLES","DE",""
"REGUL INTEREST ISIN CM2B00000087  2 000 000 000 AT 5.5% 099OTAP232560002-","099000b232860001","511800101","XAF",,4219178,13-OCT-23,"D","CHEICHEID059","CELESID0018","TXN_AMT",13-OCT-23,"","000b","CREANCES RATTACHEES - MANUELLES","DE",""
"REGUL INTEREST CM2L00000028 6% 500 000 000 099OTAP232470002","099000i232860001","511800101","XAF",,1,13-OCT-23,"C","BINEID00087","CELESID0018","TXN_AMT",13-OCT-23,"","000i","CREANCES RATTACHEES - MANUELLES","DE",""
"REGUL INTEREST ISIN GQ2K00000039 400 000 000 /200 000 000  AT 7% 099OTAP232220002 099OTAP232340002		","099000t232860001","511800101","XAF",,1836066,13-OCT-23,"D","CHEICHEID059","CELESID0018","TXN_AMT",13-OCT-23,"","000t","CREANCES RATTACHEES - MANUELLES","DE",""
"REGUL INTEREST ISIN GQ2K00000039 1 000 000 000 AT 7% 099OTAP230450003		","099000w232860001","511800101","XAF",,3060109,13-OCT-23,"D","CHEICHEID059","CELESID0018","TXN_AMT",13-OCT-23,"","000w","CREANCES RATTACHEES - MANUELLES","DE",""
"interest income on   PURCHASE GA2J00000291 AT 5.75 % 100 000 000		","099000k232890001","511800101","XAF",,2969262,16-OCT-23,"D","CHEICHEID059","CELESID0018","TXN_AMT",16-OCT-23,"","000k","CREANCES RATTACHEES - MANUELLES","DE",""
"REGUL INTEREST ISIN CM2B00000087 500 000 000  AT 5.5%099OTAP222450009","099000u232890001","511800101","XAF",,22904110,16-OCT-23,"D","CHEICHEID059","CELESID0018","TXN_AMT",16-OCT-23,"","000u","CREANCES RATTACHEES - MANUELLES","DE",""
"REGUL INTEREST ISIN CM2B00000087 500 000 000  AT 5.5%099OTAP222450009","099000u232890001","511800101","XAF",,2335616,16-OCT-23,"D","CHEICHEID059","CELESID0018","TXN_AMT",16-OCT-23,"","000u","CREANCES RATTACHEES - MANUELLES","DE",""
"REGUL INTEREST ISIN CM2L00000044 /250 000 000 AT 6% 099OTAP223340001","099000w232890001","511800101","XAF",,10027398,16-OCT-23,"D","CHEICHEID059","CELESID0018","TXN_AMT",16-OCT-23,"","000w","CREANCES RATTACHEES - MANUELLES","DE",""
"   ACCRUED INTEREST Purchase OTA GA2J00000291 AT 100 000 000  AT 5.75 % 099OTAP232890001","0990001232910001","511800101","XAF",,2969262,18-OCT-23,"C","CHEICHEID059","CELESID0018","TXN_AMT",18-OCT-23,"","0001","CREANCES RATTACHEES - MANUELLES","DE",""
"REGUL INTEREST ISIN GQ2J00000032 AT 5% 700 000 000 099OTAP222710002","099000e232910001","511800101","XAF",,2684931,18-OCT-23,"D","CHEICHEID059","CELESID0018","TXN_AMT",18-OCT-23,"","000e","CREANCES RATTACHEES - MANUELLES","DE",""
"REGUL INTEREST ISIN GQ2J00000032 AT 5% 700 000 000 099OTAP222980004","099000h232910001","511800101","XAF",,6424658,18-OCT-23,"D","CHEICHEID059","CELESID0018","TXN_AMT",18-OCT-23,"","000h","CREANCES RATTACHEES - MANUELLES","DE",""
"REGUL INTEREST ISIN GA2J0000218 BOOKING 100 MN 099OTAP231490003","099000t232910001","511800101","XAF",,16828768,18-OCT-23,"D","BINEID00087","CELESID0018","TXN_AMT",18-OCT-23,"","000t","CREANCES RATTACHEES - MANUELLES","DE",""
"COUPON COURU ISIN GA2J0000218 BOOKING 600MN 5.25%","099000t232910001","511800101","XAF",,17835616,18-OCT-23,"C","BINEID00087","CELESID0018","TXN_AMT",18-OCT-23,"","000t","CREANCES RATTACHEES - MANUELLES","DE",""
"COUPON COURU ISIN GA2J0000218 BOOKING 600MN 5.25%","099000t232910001","511800101","XAF",,3365753,18-OCT-23,"C","BINEID00087","CELESID0018","TXN_AMT",18-OCT-23,"","000t","CREANCES RATTACHEES - MANUELLES","DE",""
"REGUL INTEREST ISIN GA2J0000218 BOOKING 100MN 099OTAP231490003","099000t232910001","511800101","XAF",,3365753,18-OCT-23,"D","BINEID00087","CELESID0018","TXN_AMT",18-OCT-23,"","000t","CREANCES RATTACHEES - MANUELLES","DE",""
"REGUL INTEREST ISIN GA2J0000218 LIQUIDATION 099OTAP223550001 600MN","099000t232910001","511800101","XAF",,6990411,18-OCT-23,"C","BINEID00087","CELESID0018","TXN_AMT",18-OCT-23,"","000t","CREANCES RATTACHEES - MANUELLES","DE",""
"REGUL INTEREST ISIN CG2A000000353 400 000 000 AT 5.50% 099OTAP223560001 ","099000w232910001","511800101","XAF",,60274,18-OCT-23,"D","BINEID00087","CELESID0018","TXN_AMT",18-OCT-23,"","000w","CREANCES RATTACHEES - MANUELLES","DE",""
"REGUL INTERET ISIN GA2J0000218 BOOKING 200 MN 099OTAP231490003","0990005232920001","511800101","XAF",,542466,19-OCT-23,"D","BINEID00087","CELESID0018","TXN_AMT",19-OCT-23,"","0005","CREANCES RATTACHEES - MANUELLES","DE",""
"REGUL INTERET ISIN CG2A00000353 LIQUIDATION 099OTAP223620011 400MN","0990005232920001","511800101","XAF",,301370,19-OCT-23,"C","BINEID00087","CELESID0018","TXN_AMT",19-OCT-23,"","0005","CREANCES RATTACHEES - MANUELLES","DE",""
"REGUL INTERET ISIN GA2J0000218 BOOKING 200 MN 099OTAP231490003","0990005232920001","511800101","XAF",,542466,19-OCT-23,"D","BINEID00087","CELESID0018","TXN_AMT",19-OCT-23,"","0005","CREANCES RATTACHEES - MANUELLES","DE",""
"REGUL INTEREST ISIN CG2B00000097  322 000 000  AT 6.50 % 099OTAP223350001","099000c232920001","511800101","XAF",,13934219,19-OCT-23,"D","CHEICHEID059","CELESID0018","TXN_AMT",19-OCT-23,"","000c","CREANCES RATTACHEES - MANUELLES","DE",""
"REGUL ISIN CG2A000000353 LIQUIDATION 099OTAP230160002","099000d232920001","511800101","XAF",,2169863,19-OCT-23,"D","BINEID00087","CELESID0018","TXN_AMT",19-OCT-23,"","000d","CREANCES RATTACHEES - MANUELLES","DE",""
"REGUL ISIN CG2A000000353 LIQUIDATION 099OTAP230160002","099000d232920001","511800101","XAF",,2380821,19-OCT-23,"D","BINEID00087","CELESID0018","TXN_AMT",19-OCT-23,"","000d","CREANCES RATTACHEES - MANUELLES","DE",""
"ACCRUED INTEREST Purchase OTA GA2J00000099 AT 708000000  AT 6.10 % 099OTAP232920002","099000h232920001","511800101","XAF",,1050871,19-OCT-23,"C","BINEID00087","CELESID0018","TXN_AMT",19-OCT-23,"","000h","CREANCES RATTACHEES - MANUELLES","DE",""
"REGUL INTEREST ISIN CQ2K00000039 500 000 000 AT 7% 099OTAP230620001","099000t232920001","511800101","XAF",,1530055,19-OCT-23,"D","BINEID00087","CELESID0018","TXN_AMT",19-OCT-23,"","000t","CREANCES RATTACHEES - MANUELLES","DE",""
"REGUL INTEREST ISIN CM2B00000020 6BN SALE OF 5BN 099OTAP231910003","0990017232920001","511800101","XAF",,21172603,19-OCT-23,"C","BINEID00087","CELESID0018","TXN_AMT",19-OCT-23,"","0017","CREANCES RATTACHEES - MANUELLES","DE",""
"REGUL INTEREST ISIN CM2B00000020 1BN  099OTAP231980001","0990017232920001","511800101","XAF",,4602740,19-OCT-23,"D","BINEID00087","CELESID0018","TXN_AMT",19-OCT-23,"","0017","CREANCES RATTACHEES - MANUELLES","DE",""
"REGUL INTEREST ISIN CM2B00000020 6BN SALE OF 5BN 099OTAP231910003","0990017232920001","511800101","XAF",,23013699,19-OCT-23,"D","BINEID00087","CELESID0018","TXN_AMT",19-OCT-23,"","0017","CREANCES RATTACHEES - MANUELLES","DE",""
"REGUL INTEREST ISIN CM2B00000103  1 000 000 000  AT 5.25 % 099OTAP222450006","0990018232920001","511800101","XAF",,25963115,19-OCT-23,"D","CHEICHEID059","CELESID0018","TXN_AMT",19-OCT-23,"","0018","CREANCES RATTACHEES - MANUELLES","DE",""
"REGUL INTEREST ISIN CM2B00000103  1 000 000 000  AT 5.25 % 099OTAP222450006","0990018232920001","511800101","XAF",,33082192,19-OCT-23,"D","CHEICHEID059","CELESID0018","TXN_AMT",19-OCT-23,"","0018","CREANCES RATTACHEES - MANUELLES","DE",""
"REGUL INTEREST ISIN GA2B00000091  450 000 000  AT 6.25 % 099OTAP2230310001","0990019232920001","511800101","XAF",,15950342,19-OCT-23,"D","CHEICHEID059","CELESID0018","TXN_AMT",19-OCT-23,"","0019","CREANCES RATTACHEES - MANUELLES","DE",""
"REGUL INTEREST ISIN GA2B00000091  450 000 000  AT 6.25 % 099OTAP2230310001","0990019232920001","511800101","XAF",,1386986,19-OCT-23,"D","CHEICHEID059","CELESID0018","TXN_AMT",19-OCT-23,"","0019","CREANCES RATTACHEES - MANUELLES","DE",""
"REGUL INTEREST ISIN CM2B00000020 BOOKING 099OTAP231490003  ","099000f232930001","511800101","XAF",,49267760,20-OCT-23,"D","BINEID00087","CELESID0018","TXN_AMT",20-OCT-23,"","000f","CREANCES RATTACHEES - MANUELLES","DE",""
"REGUL INTEREST ISIN CM2B00000020 BOOKING 099OTAP232610001  1.5BN","099000f232930001","511800101","XAF",,21114754,20-OCT-23,"D","BINEID00087","CELESID0018","TXN_AMT",20-OCT-23,"","000f","CREANCES RATTACHEES - MANUELLES","DE",""
"REGUL INTEREST IIN CM2B00000020 LIQUIDATION 099OTAP232020002 5BN","099000f232930001","511800101","XAF",,28383562,20-OCT-23,"C","BINEID00087","CELESID0018","TXN_AMT",20-OCT-23,"","000f","CREANCES RATTACHEES - MANUELLES","DE",""
"REGUL  INTEREST ISIN CM2300000020 WITH  58 478 DIFF DUE TO LEAP YEAR  099OTAP232610001 1.5BN","099000t232930001","511800101","XAF",,21344262,20-OCT-23,"D","CHEICHEID059","CELESID0018","TXN_AMT",20-OCT-23,"","000t","CREANCES RATTACHEES - MANUELLES","DE",""
"REGUL  INTEREST ISIN CM2300000020 1 500 000 000 099OTAP232610001","099000t232930001","511800101","XAF",,21172603,20-OCT-23,"C","CHEICHEID059","CELESID0018","TXN_AMT",20-OCT-23,"","000t","CREANCES RATTACHEES - MANUELLES","DE",""
"REGUL INTERESTISIN CM2B00000020 099OTAP232610001 1.5 BN ","099000u232930001","511800101","XAF",,21172603,20-OCT-23,"D","CHEICHEID059","CELESID0018","TXN_AMT",20-OCT-23,"","000u","CREANCES RATTACHEES - MANUELLES","DE",""
"REGUL INTEREST ISIN CM2B00000020 099OTAP231980001 1.BN WITH 38 985 DIFF DUE TO LEAP YEAR","099000w232930001","511800101","XAF",,14229508,20-OCT-23,"D","CHEICHEID059","CELESID0018","TXN_AMT",20-OCT-23,"","000w","CREANCES RATTACHEES - MANUELLES","DE",""
"REGUL INTEREST ISIN CM2B00000020 099OTAP231980001 1.BN","099000w232930001","511800101","XAF",,4602740,20-OCT-23,"C","CHEICHEID059","CELESID0018","TXN_AMT",20-OCT-23,"","000w","CREANCES RATTACHEES - MANUELLES","DE",""
"INTEREST AT SALE OF 500 000 000 GA2J00000218 AT 5.25% DU 29/05/2029 099OTAP233550001","099000y232930001","511800101","XAF",,1,20-OCT-23,"C","BINEID00087","CELESID0018","TXN_AMT",20-OCT-23,"","000y","CREANCES RATTACHEES - MANUELLES","DE",""
"ACCRUED  INTEREST OF XAF CG2J00000099 099OTAP232580002 803MN","0990011232930001","511800101","XAF",,30463400,20-OCT-23,"D","BINEID00087","CELESID0018","TXN_AMT",20-OCT-23,"","0011","CREANCES RATTACHEES - MANUELLES","DE",""
"ACCRUED  INTEREST OF XAF CG2J00000099 099OTAP232580002 803MN","0990011232930001","511800101","XAF",,29524000,20-OCT-23,"C","BINEID00087","CELESID0018","TXN_AMT",20-OCT-23,"","0011","CREANCES RATTACHEES - MANUELLES","DE",""
"ACCRUED INTEREST OF XAF CG2J00000099 099OTAP232580002 803MN","0990011232930001","511800101","XAF",,29524000,20-OCT-23,"D","BINEID00087","CELESID0018","TXN_AMT",20-OCT-23,"","0011","CREANCES RATTACHEES - MANUELLES","DE",""
"REGUL INTEREST ISIN CG2500000099 BOOKING 950 MN   099OTAP232330003 ","099000g232960001","511800101","XAF",,32388493,23-OCT-23,"D","BINEID00087","CELESID0018","TXN_AMT",23-OCT-23,"","000g","CREANCES RATTACHEES - MANUELLES","DE",""
"REGUL INTEREST ISIN CG2500000099 LIQUIDATION  099OTAP232210003 1BN","099000g232960001","511800101","XAF",,31920548,23-OCT-23,"C","BINEID00087","CELESID0018","TXN_AMT",23-OCT-23,"","000g","CREANCES RATTACHEES - MANUELLES","DE",""
"REGUL INTEREST ISIN CG2500000099 BOOKING 950 MN   099OTAP232330003 ","099000g232960001","511800101","XAF",,1704658,23-OCT-23,"D","BINEID00087","CELESID0018","TXN_AMT",23-OCT-23,"","000g","CREANCES RATTACHEES - MANUELLES","DE",""
"REGUL INTEREST ISIN CG2500000099 BOOKING 900MN  099OTAP23240001 ","099000h232960001","511800101","XAF",,31887123,23-OCT-23,"D","BINEID00087","CELESID0018","TXN_AMT",23-OCT-23,"","000h","CREANCES RATTACHEES - MANUELLES","DE",""
"REGUL INTEREST ISIN CG2500000099 LIQUIDATION  099OTAP232210003950MN","099000h232960001","511800101","XAF",,32388493,23-OCT-23,"C","BINEID00087","CELESID0018","TXN_AMT",23-OCT-23,"","000h","CREANCES RATTACHEES - MANUELLES","DE",""
"REGUL INTEREST ISIN CG2500000099 BOOKING 900MN  099OTAP23240001 ","099000h232960001","511800101","XAF",,1771507,23-OCT-23,"D","BINEID00087","CELESID0018","TXN_AMT",23-OCT-23,"","000h","CREANCES RATTACHEES - MANUELLES","DE",""
"REGUL INTEREST ISIN CG2J00000065  AT 6.3% 400 000 000 099OTAP230950002","0990010232960001","511800101","XAF",,345205,23-OCT-23,"D","CHEICHEID059","CELESID0018","TXN_AMT",23-OCT-23,"","0010","CREANCES RATTACHEES - MANUELLES","DE",""
"REGUL INTEREST ISIN G2A00000254 099OTAP231000002","099001b232960001","511800101","XAF",,17583904,23-OCT-23,"C","BINEID00087","CELESID0018","TXN_AMT",23-OCT-23,"","001b","CREANCES RATTACHEES - MANUELLES","DE",""
"REGUL  INTEREST ISIN CG2J00000099 099OTAP23107000 650MN","099001b232960001","511800101","XAF",,16267808,23-OCT-23,"D","BINEID00087","CELESID0018","TXN_AMT",23-OCT-23,"","001b","CREANCES RATTACHEES - MANUELLES","DE",""
"REGUL  INTEREST ISIN CG2J00000099 099OTAP23107000 650MN","099001b232960001","511800101","XAF",,2505740,23-OCT-23,"D","BINEID00087","CELESID0018","TXN_AMT",23-OCT-23,"","001b","CREANCES RATTACHEES - MANUELLES","DE",""
"REGUL INTEREST ISIN  CG2500000099 LIQUIDATION  099OTAP232210003 950 MN","099001c232960001","511800101","XAF",,31887123,23-OCT-23,"C","BINEID00087","CELESID0018","TXN_AMT",23-OCT-23,"","001c","CREANCES RATTACHEES - MANUELLES","DE",""
"REGUL INTEREST ISIN  CG2500000099 BOOKING   803 MN 099OTAP232410001","099001c232960001","511800101","XAF",,3566411,23-OCT-23,"D","BINEID00087","CELESID0018","TXN_AMT",23-OCT-23,"","001c","CREANCES RATTACHEES - MANUELLES","DE",""
"REGUL INTEREST ISIN CG2A00000254 099OTAP231580001 526 050 000MN","099001e232960001","511800101","XAF",,592603,23-OCT-23,"D","BINEID00087","CELESID0018","TXN_AMT",23-OCT-23,"","001e","CREANCES RATTACHEES - MANUELLES","DE",""
"REGUL INTEREST ISIN CG2A00000254 099OTAP231580001 526 050 000MN","099001e232960001","511800101","XAF",,16179536,23-OCT-23,"C","BINEID00087","CELESID0018","TXN_AMT",23-OCT-23,"","001e","CREANCES RATTACHEES - MANUELLES","DE",""
"REGUL INTEREST ISIN CG2A00000254 099OTAP231580001 526 050 000MN","099001e232960001","511800101","XAF",,15586933,23-OCT-23,"D","BINEID00087","CELESID0018","TXN_AMT",23-OCT-23,"","001e","CREANCES RATTACHEES - MANUELLES","DE",""
"REGUL INTEREST ISIN CG2A00000254 099OTAP231070001 650 M","099001f232960001","511800101","XAF",,142397,23-OCT-23,"D","CHEICHEID059","CELESID0018","TXN_AMT",23-OCT-23,"","001f","CREANCES RATTACHEES - MANUELLES","DE",""
"REGUL INTEREST ISIN CG2A00000254 099OTAP231070001 650 M","099001f232960001","511800101","XAF",,18369247,23-OCT-23,"D","CHEICHEID059","CELESID0018","TXN_AMT",23-OCT-23,"","001f","CREANCES RATTACHEES - MANUELLES","DE",""
"REGUL INTEREST ISIN CG2A00000254 099OTAP231070001 650 M","099001f232960001","511800101","XAF",,16267808,23-OCT-23,"C","CHEICHEID059","CELESID0018","TXN_AMT",23-OCT-23,"","001f","CREANCES RATTACHEES - MANUELLES","DE",""
"REGUL INTEREST ISIN CG2A00000254 099OTAP231580001 526 050 000MN","099001g232960001","511800101","XAF",,3869178,23-OCT-23,"D","BINEID00087","CELESID0018","TXN_AMT",23-OCT-23,"","001g","CREANCES RATTACHEES - MANUELLES","DE",""
"REGUL INTEREST ISIN CG2A00000254 099OTAP231580001 526 050 000MN","099001g232960001","511800101","XAF",,16484633,23-OCT-23,"D","BINEID00087","CELESID0018","TXN_AMT",23-OCT-23,"","001g","CREANCES RATTACHEES - MANUELLES","DE",""
"REGUL INTEREST ISIN CG2A00000254 099OTAP231580001 526 050 000MN","099001g232960001","511800101","XAF",,15586933,23-OCT-23,"C","BINEID00087","CELESID0018","TXN_AMT",23-OCT-23,"","001g","CREANCES RATTACHEES - MANUELLES","DE",""
"REGUL INTEREST ISIN CG2A00000254 099OTAP232020001 526 050 000MN","099001i232960001","511800101","XAF",,16484633,23-OCT-23,"C","BINEID00087","CELESID0018","TXN_AMT",23-OCT-23,"","001i","CREANCES RATTACHEES - MANUELLES","DE",""
"REGUL INTEREST CG2A0000254 099OTAP231280001 641 050 000 M","099001h232960001","511800101","XAF",,18994399,23-OCT-23,"D","CHEICHEID059","CELESID0018","TXN_AMT",23-OCT-23,"","001h","CREANCES RATTACHEES - MANUELLES","DE",""
"REGUL INTEREST CG2A0000254 099OTAP231280001 641 050 000 M","099001h232960001","511800101","XAF",,117039,23-OCT-23,"D","CHEICHEID059","CELESID0018","TXN_AMT",23-OCT-23,"","001h","CREANCES RATTACHEES - MANUELLES","DE",""
"REGUL INTEREST CG2A0000254 099OTAP231280001 645 M","099001h232960001","511800101","XAF",,18369247,23-OCT-23,"C","CHEICHEID059","CELESID0018","TXN_AMT",23-OCT-23,"","001h","CREANCES RATTACHEES - MANUELLES","DE",""
"REGUL INTEREST CG2A00000254 099OTAP231360003 641 050 000 M","099001j232960001","511800101","XAF",,16179536,23-OCT-23,"D","CHEICHEID059","CELESID0018","TXN_AMT",23-OCT-23,"","001j","CREANCES RATTACHEES - MANUELLES","DE",""
"REGUL INTEREST CG2A00000254 099OTAP231360003 641 050 000 M","099001j232960001","511800101","XAF",,2814863,23-OCT-23,"D","CHEICHEID059","CELESID0018","TXN_AMT",23-OCT-23,"","001j","CREANCES RATTACHEES - MANUELLES","DE",""
"REGUL INTEREST CG2A00000254 099OTAP231360003 641 050 000 M","099001j232960001","511800101","XAF",,18994399,23-OCT-23,"C","CHEICHEID059","CELESID0018","TXN_AMT",23-OCT-23,"","001j","CREANCES RATTACHEES - MANUELLES","DE",""
"REGUL INTEREST  ISIN  CG2A00000099 099OTAP2310700 650MN","0990007232970001","511800101","XAF",,2505740,24-OCT-23,"C","BINEID00087","CELESID0018","TXN_AMT",24-OCT-23,"","0007","CREANCES RATTACHEES - MANUELLES","DE",""
"REGUL INTEREST  ISIN  CG2A00000099 099OTAP2310700 650MN","0990007232970001","511800101","XAF",,16267808,24-OCT-23,"C","BINEID00087","CELESID0018","TXN_AMT",24-OCT-23,"","0007","CREANCES RATTACHEES - MANUELLES","DE",""
"REGUL INTEREST ISIN CG2A00000254  099OTAP231000002","0990007232970001","511800101","XAF",,17583904,24-OCT-23,"D","BINEID00087","CELESID0018","TXN_AMT",24-OCT-23,"","0007","CREANCES RATTACHEES - MANUELLES","DE",""
"REGUL INTEREST  ISIN  CG2A00000099 099OTAP2310700 650MN","0990008232970001","511800101","XAF",,2502740,24-OCT-23,"D","BINEID00087","CELESID0018","TXN_AMT",24-OCT-23,"","0008","CREANCES RATTACHEES - MANUELLES","DE",""
"REGUL INTEREST  ISIN  CG2A00000254 099OTAP231000002","0990008232970001","511800101","XAF",,17583904,24-OCT-23,"C","BINEID00087","CELESID0018","TXN_AMT",24-OCT-23,"","0008","CREANCES RATTACHEES - MANUELLES","DE",""
"REGUL INTEREST  ISIN  CG2A00000099 099OTAP2310700 650MN","0990008232970001","511800101","XAF",,16267808,24-OCT-23,"D","BINEID00087","CELESID0018","TXN_AMT",24-OCT-23,"","0008","CREANCES RATTACHEES - MANUELLES","DE",""
"REGUL INTEREST ISIN CM2B00000020  099OTAP232490002 60MN","099000g232970001","511800101","XAF",,764055,24-OCT-23,"C","BINEID00087","CELESID0018","TXN_AMT",24-OCT-23,"","000g","CREANCES RATTACHEES - MANUELLES","DE",""
"REGUL INTEREST ISIN CM2B00000020  099OTAP232540001 51 100 000MN ","099000g232970001","511800101","XAF",,738724,24-OCT-23,"D","BINEID00087","CELESID0018","TXN_AMT",24-OCT-23,"","000g","CREANCES RATTACHEES - MANUELLES","DE",""
"REGUL INTEREST ISIN CM2B00000020  099OTAP232540001 51 100 000MN ","099000g232970001","511800101","XAF",,80563,24-OCT-23,"D","BINEID00087","CELESID0018","TXN_AMT",24-OCT-23,"","000g","CREANCES RATTACHEES - MANUELLES","DE",""
"REGUL INTEREST ISIN CG2J00000099 099OTAP232580004 803MN","099000i232970001","511800101","XAF",,29835518,24-OCT-23,"D","BINEID00087","CELESID0018","TXN_AMT",24-OCT-23,"","000i","CREANCES RATTACHEES - MANUELLES","DE",""
"REGUL INTEREST ISIN CG2J00000099 099OTAP232580004 803MN","099000i232970001","511800101","XAF",,30597600,24-OCT-23,"C","BINEID00087","CELESID0018","TXN_AMT",24-OCT-23,"","000i","CREANCES RATTACHEES - MANUELLES","DE",""
"REGUL INTEREST ISIN CG2J00000099 099OTAP232580004 803MN","099000i232970001","511800101","XAF",,762082,24-OCT-23,"D","BINEID00087","CELESID0018","TXN_AMT",24-OCT-23,"","000i","CREANCES RATTACHEES - MANUELLES","DE",""
"REGUL INTEREST  ISIN  CG2A00000099  783MN","099000k232970001","511800101","XAF",,29835518,24-OCT-23,"C","BINEID00087","CELESID0018","TXN_AMT",24-OCT-23,"","000k","CREANCES RATTACHEES - MANUELLES","DE",""
"REGUL INTEREST  ISIN  CG2A00000099  783MN","099000k232970001","511800101","XAF",,29073436,24-OCT-23,"D","BINEID00087","CELESID0018","TXN_AMT",24-OCT-23,"","000k","CREANCES RATTACHEES - MANUELLES","DE",""
"REGUL INTEREST  ISIN  CG2J00000099 758MN  099OTAP232850002","099000n232970001","511800101","XAF",,30054115,24-OCT-23,"D","BINEID00087","CELESID0018","TXN_AMT",24-OCT-23,"","000n","CREANCES RATTACHEES - MANUELLES","DE",""
"REGUL INTEREST  ISIN  CG2J00000099 783MN  ","099000n232970001","511800101","XAF",,28882915,24-OCT-23,"C","BINEID00087","CELESID0018","TXN_AMT",24-OCT-23,"","000n","CREANCES RATTACHEES - MANUELLES","DE",""
"REGUL INTEREST  ISIN  CG2J00000099 758MN  099OTAP232850002","099000n232970001","511800101","XAF",,2122466,24-OCT-23,"D","BINEID00087","CELESID0018","TXN_AMT",24-OCT-23,"","000n","CREANCES RATTACHEES - MANUELLES","DE",""
"REGUL INTEREST  ISIN  CG2A00000099 099OTAP232850002 758MN","099000q232970001","511800101","XAF",,29949830,24-OCT-23,"D","BINEID00087","CELESID0018","TXN_AMT",24-OCT-23,"","000q","CREANCES RATTACHEES - MANUELLES","DE",""
"REGUL INTEREST  ISIN  CG2A00000099 099OTAP232850002 708MN","099000q232970001","511800101","XAF",,30054115,24-OCT-23,"C","BINEID00087","CELESID0018","TXN_AMT",24-OCT-23,"","000q","CREANCES RATTACHEES - MANUELLES","DE",""
"REGUL INTEREST  ISIN  CG2A00000099 099OTAP232850002 758MN","099000q232970001","511800101","XAF",,1050871,24-OCT-23,"D","BINEID00087","CELESID0018","TXN_AMT",24-OCT-23,"","000q","CREANCES RATTACHEES - MANUELLES","DE",""
"REGUL INTEREST ISIN GA2J00000143  099OTAP230950006 150MN","099000r232970001","511800101","XAF",,2575685,24-OCT-23,"C","BINEID00087","CELESID0018","TXN_AMT",24-OCT-23,"","000r","CREANCES RATTACHEES - MANUELLES","DE",""
"REGUL INTEREST ISIN GA2J00000143  099OTAP231650001 50MN","099000r232970001","511800101","XAF",,1457192,24-OCT-23,"D","BINEID00087","CELESID0018","TXN_AMT",24-OCT-23,"","000r","CREANCES RATTACHEES - MANUELLES","DE",""
"REGUL INTEREST ISIN GA2J00000143  099OTAP231650001 50MN","099000r232970001","511800101","XAF",,2914384,24-OCT-23,"D","BINEID00087","CELESID0018","TXN_AMT",24-OCT-23,"","000r","CREANCES RATTACHEES - MANUELLES","DE",""
"REGUL INTEREST ISIN G2A00000143 099OTAP231650001 50MN","099000s232970001","511800101","XAF",,1630479,24-OCT-23,"D","BINEID00087","CELESID0018","TXN_AMT",24-OCT-23,"","000s","CREANCES RATTACHEES - MANUELLES","DE",""
"REGUL INTEREST ISIN G2A00000143 099OTAP230950006 150MN","099000s232970001","511800101","XAF",,1457192,24-OCT-23,"C","BINEID00087","CELESID0018","TXN_AMT",24-OCT-23,"","000s","CREANCES RATTACHEES - MANUELLES","DE",""
"REGUL INTEREST  ISIN  CG2J00000099 783MN","099000m232970001","511800101","XAF",,29073436,24-OCT-23,"C","BINEID00087","CELESID0018","TXN_AMT",24-OCT-23,"","000m","CREANCES RATTACHEES - MANUELLES","DE",""
"REGUL INTEREST  ISIN  CG2J00000099 758MN 099OTAP232580007","099000m232970001","511800101","XAF",,28882915,24-OCT-23,"D","BINEID00087","CELESID0018","TXN_AMT",24-OCT-23,"","000m","CREANCES RATTACHEES - MANUELLES","DE",""
"REGUL INTEREST  ISIN  CG2J00000099 758MN 099OTAP232580007","099000m232970001","511800101","XAF",,190521,24-OCT-23,"D","BINEID00087","CELESID0018","TXN_AMT",24-OCT-23,"","000m","CREANCES RATTACHEES - MANUELLES","DE",""
"I INCOME  NTEREST ON THE CM2B00000020 099OTAP230160001 800MN 26/06/2023 ","099000x232970001","511800101","XAF",,1472877,24-OCT-23,"D","BINEID00087","CELESID0018","TXN_AMT",24-OCT-23,"","000x","CREANCES RATTACHEES - MANUELLES","DE",""
"INTEREST INCOME  ON THE CM2B00000020 099OTAP222710004 5 BN 26/06/2023","099000x232970001","511800101","XAF",,9205479,24-OCT-23,"D","BINEID00087","CELESID0018","TXN_AMT",24-OCT-23,"","000x","CREANCES RATTACHEES - MANUELLES","DE",""
"  INTEREST  INCOME ON THE CM2B00000020 099OTAP2301000002 200MN 26/06/2023","099000x232970001","511800101","XAF",,368219,24-OCT-23,"D","BINEID00087","CELESID0018","TXN_AMT",24-OCT-23,"","000x","CREANCES RATTACHEES - MANUELLES","DE",""
"INTEREST INCOME ON THE GA2J00000267 099OTAP222930008 925 800 000 23/05/2023","0990011232970001","511800101","XAF",,8085748,24-OCT-23,"D","BINEID00087","CELESID0018","TXN_AMT",24-OCT-23,"","0011","CREANCES RATTACHEES - MANUELLES","DE",""
"INTEREST INCOME ON THE GA2J00000267 099OTAP222930005 47 200 000 23/05/2023","0990011232970001","511800101","XAF",,400553,24-OCT-23,"D","BINEID00087","CELESID0018","TXN_AMT",24-OCT-23,"","0011","CREANCES RATTACHEES - MANUELLES","DE",""
"REGUL INTEREST ISIN EOG NET 6% GABON 1 000 000 000  099OTAP230880002","0990005232980001","511800101","XAF",,15706714,25-OCT-23,"D","CHEICHEID059","CELESID0018","TXN_AMT",25-OCT-23,"","0005","CREANCES RATTACHEES - MANUELLES","DE",""
"REGUL INTEREST GA2J00000226 LIQUIDATION 099OTAP222930007 63M PURCHASE 099OTAP230760001 53.5 M","099000c232980001","511800101","XAF",,195401,25-OCT-23,"D","CHEICHEID059","CELESID0018","TXN_AMT",25-OCT-23,"","000c","CREANCES RATTACHEES - MANUELLES","DE",""
"REGUL INTEREST ISIN GA2J0000226 099OTAP230760001 53.5 M","099000c232980001","511800101","XAF",,1100414,25-OCT-23,"C","CHEICHEID059","CELESID0018","TXN_AMT",25-OCT-23,"","000c","CREANCES RATTACHEES - MANUELLES","DE",""
"REGUL INTEREST GA2J00000226 LIQUIDATION 099OTAP222930007 63M PURCHASE 099OTAP230760001 53.5 M","099000c232980001","511800101","XAF",,1100414,25-OCT-23,"D","CHEICHEID059","CELESID0018","TXN_AMT",25-OCT-23,"","000c","CREANCES RATTACHEES - MANUELLES","DE",""
"interest income on PURCHASE  from ESS EOG  AT6.25%  1.500.000.000 099OTAP232990007","0990006232990001","511800101","XAF",,25870902,26-OCT-23,"D","BINEID00087","CELESID0018","TXN_AMT",26-OCT-23,"","0006","CREANCES RATTACHEES - MANUELLES","DE",""
"interest income on PURCHASE  from ESS EOG  AT6.25%  1.500.000.000 099OTAP232990005","0990005232990001","511800101","XAF",,24590164,26-OCT-23,"D","BINEID00087","CELESID0018","TXN_AMT",26-OCT-23,"","0005","CREANCES RATTACHEES - MANUELLES","DE",""
"SALE OF TBOND ISIN GA2J00000267 1BN AT 5.25% 099OTAP231570003","099000g233000001","511800101","XAF",,30840164,27-OCT-23,"C","CHEICHEID059","CELESID0018","TXN_AMT",27-OCT-23,"","000g","CREANCES RATTACHEES - MANUELLES","DE",""
"SALE OF TBOND ISIN GA2J00000267 1BN AT 5.25% 099OTAP231570003","099000g233000001","511800101","XAF",,20340164,27-OCT-23,"D","CHEICHEID059","CELESID0018","TXN_AMT",27-OCT-23,"","000g","CREANCES RATTACHEES - MANUELLES","DE",""
"interest income on    PURCHASE GA2J00000267 AT 5.25%  1 000 000 000","099000k233000001","511800101","XAF",,30983607,27-OCT-23,"D","CHEICHEID059","CELESID0018","TXN_AMT",27-OCT-23,"","000k","CREANCES RATTACHEES - MANUELLES","DE",""
"SALE OF TBOND ISIN GA2K00000058 1.5BN AT 5.75% 099OTAP231850001","099000q233000001","511800101","XAF",,75852740,27-OCT-23,"C","CHEICHEID059","CELESID0018","TXN_AMT",27-OCT-23,"","000q","CREANCES RATTACHEES - MANUELLES","DE",""
"SALE OF TBOND ISIN GA2K00000058 1.5BN AT 5.75% 099OTAP231850001","099000q233000001","511800101","XAF",,26938356,27-OCT-23,"D","CHEICHEID059","CELESID0018","TXN_AMT",27-OCT-23,"","000q","CREANCES RATTACHEES - MANUELLES","DE",""
"interest income on    PURCHASE GA2K00000058 AT 5.75% 1 500 000 000 ","099000r233000001","511800101","XAF",,76089041,27-OCT-23,"D","CHEICHEID059","CELESID0018","TXN_AMT",27-OCT-23,"","000r","CREANCES RATTACHEES - MANUELLES","DE",""
"interest income on    PURCHASE CG2J00000438  AT 5.75 % 2 000 000 000 099OTAP233030004","0990006233030001","511800101","XAF",,6598361,30-OCT-23,"D","CHEICHEID059","CELESID0018","TXN_AMT",30-OCT-23,"","0006","CREANCES RATTACHEES - MANUELLES","DE",""
"interest income on   SALES   CG2J00000438  AT 5.75 % 2 000 000 000 099OTAP233030004","0990008233030001","511800101","XAF",,6912568,30-OCT-23,"C","CHEICHEID059","CELESID0018","TXN_AMT",30-OCT-23,"","0008","CREANCES RATTACHEES - MANUELLES","DE",""
"interest income on   SALES   CG2J00000438  AT 5.75 % 2 000 000 000 099OTAP233030004","0990008233030001","511800101","XAF",,314207,30-OCT-23,"D","CHEICHEID059","CELESID0018","TXN_AMT",30-OCT-23,"","0008","CREANCES RATTACHEES - MANUELLES","DE",""
"interest income on PURCHASE CM2B00000053  AT 5.5 % 10 000 000 000 099OTAP233030007","099000e233030001","511800101","XAF",,366164384,30-OCT-23,"D","CHEICHEID059","CELESID0018","TXN_AMT",30-OCT-23,"","000e","CREANCES RATTACHEES - MANUELLES","DE",""
" PURCHASE CM2B00000087  AT 5.5 % 5 000 000 000 099OTAP233030008","099000f233030001","511800101","XAF",,18835616,30-OCT-23,"D","CHEICHEID059","CELESID0018","TXN_AMT",30-OCT-23,"","000f","CREANCES RATTACHEES - MANUELLES","DE",""
"interest income on PURCHASE GA2J00000352  AT 5.5 % 2 500 000 000 099OTAP233030010","099000g233030001","511800101","XAF",,20662568,30-OCT-23,"D","CHEICHEID059","CELESID0018","TXN_AMT",30-OCT-23,"","000g","CREANCES RATTACHEES - MANUELLES","DE",""
"interest income on  PURCHASE GQ2J00000032  AT 5 % 700 000 000 099OTAP233030011","099000k233030001","511800101","XAF",,28767123,30-OCT-23,"D","CHEICHEID059","CELESID0018","TXN_AMT",30-OCT-23,"","000k","CREANCES RATTACHEES - MANUELLES","DE",""
"interest income on    SALES  GA2J00000325  AT 5.5 % 2 500 000 000 099OTAP233030010","099000l233030001","511800101","XAF",,21038251,30-OCT-23,"C","CHEICHEID059","CELESID0018","TXN_AMT",30-OCT-23,"","000l","CREANCES RATTACHEES - MANUELLES","DE",""
"interest income on    SALES  GA2J00000325  AT 5.5 % 2 500 000 000 099OTAP233030010","099000l233030001","511800101","XAF",,375683,30-OCT-23,"D","CHEICHEID059","CELESID0018","TXN_AMT",30-OCT-23,"","000l","CREANCES RATTACHEES - MANUELLES","DE",""
"REGUL INTEREST ISIN CM2B00000020 1.5BN+DIFFERENCE IN LEAP YEAR","099000n233030001","511800101","XAF",,21114754,30-OCT-23,"C","BINEID00087","CELESID0018","TXN_AMT",30-OCT-23,"","000n","CREANCES RATTACHEES - MANUELLES","DE",""
"ACCRUED INTEREST ISIN CG2K00000062 100 M","0990015233030001","511800101","XAF",,3426230,30-OCT-23,"D","CHEICHEID059","CELESID0018","TXN_AMT",30-OCT-23,"","0015","CREANCES RATTACHEES - MANUELLES","DE",""
"REGUL INTEREST ISIN CG2K00000062 099OTAP231910002 1 4000 000 000","0990015233030001","511800101","XAF",,22491803,30-OCT-23,"C","CHEICHEID059","CELESID0018","TXN_AMT",30-OCT-23,"","0015","CREANCES RATTACHEES - MANUELLES","DE",""
"REGUL INTEREST ISIN CG2K00000062 100M","0990015233030001","511800101","XAF",,44540984,30-OCT-23,"D","CHEICHEID059","CELESID0018","TXN_AMT",30-OCT-23,"","0015","CREANCES RATTACHEES - MANUELLES","DE",""
"Accrued interest Purchase of the security CG2J00000099 584 000 000","0990002233040001","511800101","XAF",,26352000,31-OCT-23,"D","CHEICHEID059","CELESID0018","TXN_AMT",31-OCT-23,"","0002","CREANCES RATTACHEES - MANUELLES","DE",""
"Liquidation of the Accrued interest of  CG2J00000099 684 000 000 099OTAP232920002","0990002233040001","511800101","XAF",,29949830,31-OCT-23,"C","CHEICHEID059","CELESID0018","TXN_AMT",31-OCT-23,"","0002","CREANCES RATTACHEES - MANUELLES","DE",""
"Accrued interest Purchase of the security CG2J00000099 584 000 000		","0990003233040001","511800101","XAF",,24998301,31-OCT-23,"D","CHEICHEID059","CELESID0018","TXN_AMT",31-OCT-23,"","0003","CREANCES RATTACHEES - MANUELLES","DE",""
"Liquidation of the Accrued interest of  CG2J00000099 584 000 000 		","0990003233040001","511800101","XAF",,26352000,31-OCT-23,"C","CHEICHEID059","CELESID0018","TXN_AMT",31-OCT-23,"","0003","CREANCES RATTACHEES - MANUELLES","DE",""
"Liquidation of the Accrued interest of  CG2J00000099 554 000 000 099OTAP233040001","0990007233040001","511800101","XAF",,24998301,31-OCT-23,"C","CHEICHEID059","CELESID0018","TXN_AMT",31-OCT-23,"","0007","CREANCES RATTACHEES - MANUELLES","DE",""
"Accrued interest Purchase of the security CG2J00000099 550 000 000","0990007233040001","511800101","XAF",,24909726,31-OCT-23,"D","CHEICHEID059","CELESID0018","TXN_AMT",31-OCT-23,"","0007","CREANCES RATTACHEES - MANUELLES","DE",""
"Liquidation of the Accrued interest of  CG2J00000099 550 000 000 ","0990008233040001","511800101","XAF",,24909726,31-OCT-23,"C","CHEICHEID059","CELESID0018","TXN_AMT",31-OCT-23,"","0008","CREANCES RATTACHEES - MANUELLES","DE",""
"Accrued interest Purchase of the security CG2J00000099 544 000 000		","0990008233040001","511800101","XAF",,24637984,31-OCT-23,"D","CHEICHEID059","CELESID0018","TXN_AMT",31-OCT-23,"","0008","CREANCES RATTACHEES - MANUELLES","DE",""
"interest income on  PURCHASE  EOG AT 6.25%  1,600,000,000XAF 099OTAP233040003","099000e233040001","511800101","XAF",,28415301,31-OCT-23,"D","BINEID00087","CELESID0018","TXN_AMT",31-OCT-23,"","000e","CREANCES RATTACHEES - MANUELLES","DE",""
" ACCRUED INTEREST AT PURCHASE  ISIN CG2K00000062  100M","099000v233040001","511800101","XAF",,3426230,31-OCT-23,"D","CHEICHEID059","CELESID0018","TXN_AMT",31-OCT-23,"","000v","CREANCES RATTACHEES - MANUELLES","DE",""
"REVERSAL REGUL INTEREST ISIN CG2K00000062 100M","099000v233040001","511800101","XAF",,44540984,31-OCT-23,"C","CHEICHEID059","CELESID0018","TXN_AMT",31-OCT-23,"","000v","CREANCES RATTACHEES - MANUELLES","DE",""
"REVERSAL ACCRUED INTEREST ISIN CG2K00000062  100M","099000v233040001","511800101","XAF",,3426230,31-OCT-23,"C","CHEICHEID059","CELESID0018","TXN_AMT",31-OCT-23,"","000v","CREANCES RATTACHEES - MANUELLES","DE",""
" ACCRUED INTEREST AT PURCHASE ISIN CG2K00000062  1 300 000 000 M","099000v233040001","511800101","XAF",,44540984,31-OCT-23,"D","CHEICHEID059","CELESID0018","TXN_AMT",31-OCT-23,"","000v","CREANCES RATTACHEES - MANUELLES","DE",""
"REGUL INTEREST ISIN SECURITY GA2J00000226 613,000 000 AT NEW PURCHASE","0990012233040001","511800101","XAF",,24423432,31-OCT-23,"D","BINEID00087","CELESID0018","TXN_AMT",31-OCT-23,"","0012","CREANCES RATTACHEES - MANUELLES","DE",""
"REGUL INTEREST ISIN SECURITY GA2J00000226 1,213 000 000","0990012233040001","511800101","XAF",,10991774,31-OCT-23,"C","BINEID00087","CELESID0018","TXN_AMT",31-OCT-23,"","0012","CREANCES RATTACHEES - MANUELLES","DE",""
"REGUL INTEREST ISIN SECURITY GA2J00000226 1,213 000 000","0990012233040001","511800101","XAF",,37337137,31-OCT-23,"C","BINEID00087","CELESID0018","TXN_AMT",31-OCT-23,"","0012","CREANCES RATTACHEES - MANUELLES","DE",""
"REGUL INTERESTREVEIVED COUPON COURU SALE 600MN GA2J00000226","0990012233040001","511800101","XAF",,23905479,31-OCT-23,"D","BINEID00087","CELESID0018","TXN_AMT",31-OCT-23,"","0012","CREANCES RATTACHEES - MANUELLES","DE",""
"REGUL INTEREST ISIN SECURITY  GA2J00000226 613 000 000","0990013233040001","511800101","XAF",,529027,31-OCT-23,"C","BINEID00087","CELESID0018","TXN_AMT",31-OCT-23,"","0013","CREANCES RATTACHEES - MANUELLES","DE",""
"REGUL INTEREST ISIN SECURITY  GA2J00000226 613 000 000","0990013233040001","511800101","XAF",,24423432,31-OCT-23,"C","BINEID00087","CELESID0018","TXN_AMT",31-OCT-23,"","0013","CREANCES RATTACHEES - MANUELLES","DE",""
"REGUL INTEREST RECEIVED COUPON COURU SALE 550 MN GA2J000000226","0990013233040001","511800101","XAF",,22388014,31-OCT-23,"D","BINEID00087","CELESID0018","TXN_AMT",31-OCT-23,"","0013","CREANCES RATTACHEES - MANUELLES","DE",""
"REGUL INTEREST ISIN SECURITY  GA2J00000226 63 000 000 AT NEW PURCHASE","0990013233040001","511800101","XAF",,2564445,31-OCT-23,"D","BINEID00087","CELESID0018","TXN_AMT",31-OCT-23,"","0013","CREANCES RATTACHEES - MANUELLES","DE",""
"REGUL INTEREST ISIN SECURITY GA2J00000226 63 000 000 AT SALE","0990014233040001","511800101","XAF",,3280315,31-OCT-23,"D","BINEID00087","CELESID0018","TXN_AMT",31-OCT-23,"","0014","CREANCES RATTACHEES - MANUELLES","DE",""
"REGUL INTEREST ISIN SECURITY GA2J00000226 63 000 000","0990014233040001","511800101","XAF",,715870,31-OCT-23,"C","BINEID00087","CELESID0018","TXN_AMT",31-OCT-23,"","0014","CREANCES RATTACHEES - MANUELLES","DE",""
"REGUL INTEREST ISIN SECURITY GA2J00000226 63 000 000","0990014233040001","511800101","XAF",,2564445,31-OCT-23,"C","BINEID00087","CELESID0018","TXN_AMT",31-OCT-23,"","0014","CREANCES RATTACHEES - MANUELLES","DE",""
"REGUL INTEREST ISIN SECURITY GA2J00000226 63 000 000 AT COUPON ANNIVERSARY ","0990016233040001","511800101","XAF",,3307500,31-OCT-23,"D","BINEID00087","CELESID0018","TXN_AMT",31-OCT-23,"","0016","CREANCES RATTACHEES - MANUELLES","DE",""
"REGUL INTEREST ISIN SECURITY GA2J00000226 63 000 000","0990016233040001","511800101","XAF",,3289377,31-OCT-23,"C","BINEID00087","CELESID0018","TXN_AMT",31-OCT-23,"","0016","CREANCES RATTACHEES - MANUELLES","DE",""
"REGUL SALE 099OTAP222870006 GA2B00000117 XAF 1 180 000 000 ","099000q233050001","511800101","XAF",,2828767,01-NOV-23,"D","BINEID00087","CELESID0018","TXN_AMT",01-NOV-23,"","000q","CREANCES RATTACHEES - MANUELLES","DE",""
"REGUL COUPON COURU P&L GA2B00000117 180MN 099OTAP222970001","099000t233050001","511800101","XAF",,5116438,01-NOV-23,"D","BINEID00087","CELESID0018","TXN_AMT",01-NOV-23,"","000t","CREANCES RATTACHEES - MANUELLES","DE",""
"REGUL COUPON COURU P&L GA2B00000117 1.000.000.000 BN  099OTAP230580003","099000t233050001","511800101","XAF",,27739726,01-NOV-23,"D","BINEID00087","CELESID0018","TXN_AMT",01-NOV-23,"","000t","CREANCES RATTACHEES - MANUELLES","DE",""
"REGUL PURCHASE ISIN  GA2B00000117 1,000,000,000 MN INTEREST SALE ","099000r233050001","511800101","XAF",,34075342,01-NOV-23,"D","BINEID00087","CELESID0018","TXN_AMT",01-NOV-23,"","000r","CREANCES RATTACHEES - MANUELLES","DE",""
"REGUL INTEREST ISIN GA2B00000117 LIQUIDATION 1,180,000,000 BN","099000r233050001","511800101","XAF",,16164384,01-NOV-23,"C","BINEID00087","CELESID0018","TXN_AMT",01-NOV-23,"","000r","CREANCES RATTACHEES - MANUELLES","DE",""
"REGUL PURCHASE ISIN GA2B00000117 180,000,000 MN INTEREST","099000r233050001","511800101","XAF",,6133562,01-NOV-23,"D","BINEID00087","CELESID0018","TXN_AMT",01-NOV-23,"","000r","CREANCES RATTACHEES - MANUELLES","DE",""
"REGUL INTEREST ISIN SECURITY GA2B00000117 SALE OF 320MN ","099000u233050001","511800101","XAF",,1369863,01-NOV-23,"D","BINEID00087","CELESID0018","TXN_AMT",01-NOV-23,"","000u","CREANCES RATTACHEES - MANUELLES","DE",""
"PURCHASE OF SECURITY GA2B00000117 099OTAP222870005 680MN","099000u233050001","511800101","XAF",,2910959,01-NOV-23,"D","BINEID00087","CELESID0018","TXN_AMT",01-NOV-23,"","000u","CREANCES RATTACHEES - MANUELLES","DE",""
"REGUL INTEREST ISIN GA2B00000117 LIQUIDATION 099OTAP222450007 1BN","099000u233050001","511800101","XAF",,4280822,01-NOV-23,"C","BINEID00087","CELESID0018","TXN_AMT",01-NOV-23,"","000u","CREANCES RATTACHEES - MANUELLES","DE",""
"INTEREST ACCRUED AT PURCHASE 1.3 BN CG2K00000062 099OTAP233030013","0990004233060001","511800101","XAF",,44754098,02-NOV-23,"D","CHEICHEID059","CELESID0018","TXN_AMT",02-NOV-23,"","0004","CREANCES RATTACHEES - MANUELLES","DE",""
"INTEREST AT PARTIAL SALES 1.3 BN CG2K00000062 099OTAP231910002","0990004233060001","511800101","XAF",,44540984,02-NOV-23,"C","CHEICHEID059","CELESID0018","TXN_AMT",02-NOV-23,"","0004","CREANCES RATTACHEES - MANUELLES","DE",""
"REGUL INTEREST ISIN GA2K00000017 DUE TO DECIMAL","099000m233060001","511800101","XAF",,1,02-NOV-23,"D","BINEID00087","CELESID0018","TXN_AMT",02-NOV-23,"","000m","CREANCES RATTACHEES - MANUELLES","DE",""
"REGUL INTEREST ISIN GA2B00000083","099000n233060001","511800101","XAF",,1,02-NOV-23,"D","BINEID00087","CELESID0018","TXN_AMT",02-NOV-23,"","000n","CREANCES RATTACHEES - MANUELLES","DE",""
"REGUL INTEREST ISIN GA2J00000267 1BN","099000p233060001","511800101","XAF",,3020548,02-NOV-23,"C","BINEID00087","CELESID0018","TXN_AMT",02-NOV-23,"","000p","CREANCES RATTACHEES - MANUELLES","DE",""
"REGUL INTEREST ISIN GA2J00000267 1BN","099000p233060001","511800101","XAF",,14671233,02-NOV-23,"C","BINEID00087","CELESID0018","TXN_AMT",02-NOV-23,"","000p","CREANCES RATTACHEES - MANUELLES","DE",""
"ACCRUED INTEREST AT PURCHASE ISIN GA2J00000267 47.2MN","099000p233060001","511800101","XAF",,835052,02-NOV-23,"D","BINEID00087","CELESID0018","TXN_AMT",02-NOV-23,"","000p","CREANCES RATTACHEES - MANUELLES","DE",""
"REGUL INTEREST RECEIVED AT SALE 952.8MN GA2J00000267","099000p233060001","511800101","XAF",,16856729,02-NOV-23,"D","BINEID00087","CELESID0018","TXN_AMT",02-NOV-23,"","000p","CREANCES RATTACHEES - MANUELLES","DE",""
"REGUL ISIN GA2J00000267","099000q233060001","511800101","XAF",,18775381,02-NOV-23,"C","BINEID00087","CELESID0018","TXN_AMT",02-NOV-23,"","000q","CREANCES RATTACHEES - MANUELLES","DE",""
"REGUL ISIN GA2J00000267","099000q233060001","511800101","XAF",,9730307,02-NOV-23,"C","BINEID00087","CELESID0018","TXN_AMT",02-NOV-23,"","000q","CREANCES RATTACHEES - MANUELLES","DE",""
"REGUL ISIN GA2J00000017 DUE TO DECIMAL","099000q233060001","511800101","XAF",,28505688,02-NOV-23,"D","BINEID00087","CELESID0018","TXN_AMT",02-NOV-23,"","000q","CREANCES RATTACHEES - MANUELLES","DE",""
"REGUL INTEREST ISIN GA2J00000267 1BN","099000s233060001","511800101","XAF",,577068,02-NOV-23,"C","BINEID00087","CELESID0018","TXN_AMT",02-NOV-23,"","000s","CREANCES RATTACHEES - MANUELLES","DE",""
"ACCRUED INTEREST AT PURCHASE ISIN GA2JOOOOO267 47.2MN","099000s233060001","511800101","XAF",,1412121,02-NOV-23,"D","BINEID00087","CELESID0018","TXN_AMT",02-NOV-23,"","000s","CREANCES RATTACHEES - MANUELLES","DE",""
"REGUL INTEREST ISIN GA2J00000267 1BN","099000s233060001","511800101","XAF",,835052,02-NOV-23,"C","BINEID00087","CELESID0018","TXN_AMT",02-NOV-23,"","000s","CREANCES RATTACHEES - MANUELLES","DE",""
"Liquidation of the Accrued interest of  CG2J00000099 544 000 000 099OTAP233040002","099000k233070001","511800101","XAF",,24637984,03-NOV-23,"C","BINEID00087","CELESID0018","TXN_AMT",03-NOV-23,"","000k","CREANCES RATTACHEES - MANUELLES","DE",""
"Accrued interest Purchase of the security CG2J00000099 466 000 000 099OTAP233040002","099000k233070001","511800101","XAF",,20423134,03-NOV-23,"D","BINEID00087","CELESID0018","TXN_AMT",03-NOV-23,"","000k","CREANCES RATTACHEES - MANUELLES","DE",""
"PURCHASE CM2B00000095 AT 5.50% 099OTAP233100004","0990007233100001","511800101","XAF",,89412568,06-NOV-23,"D","BINEID00087","CELESID0018","TXN_AMT",06-NOV-23,"","0007","CREANCES RATTACHEES - MANUELLES","DE",""
"Liquidation of the Accrued interest of  CG2J00000099 446 000 000 6.1% 099OTAP233110001","099000z233110001","511800101","XAF",,20423134,07-NOV-23,"C","BINEID00087","CELESID0018","TXN_AMT",07-NOV-23,"","000z","CREANCES RATTACHEES - MANUELLES","DE",""
" COUPON COURU 296 000 000 CG2J00000099 6.1% 099OTAP233110001 296 000 000","099000z233110001","511800101","XAF",,13702773,07-NOV-23,"D","BINEID00087","CELESID0018","TXN_AMT",07-NOV-23,"","000z","CREANCES RATTACHEES - MANUELLES","DE",""
"COUPON COURU RECEIVED AT ANNIVERSARY 099OTAP232150006 322MN CG2B00000097","0990010233110001","511800101","XAF",,15597151,07-NOV-23,"C","BINEID00087","CELESID0018","TXN_AMT",07-NOV-23,"","0010","CREANCES RATTACHEES - MANUELLES","DE",""
"Liquidation of the Accrued interest of  296000000 CG2J00000099 6.1% 099OTAP233110001","0990015233110001","511800101","XAF",,13702773,07-NOV-23,"C","BINEID00087","CELESID0018","TXN_AMT",07-NOV-23,"","0015","CREANCES RATTACHEES - MANUELLES","DE",""
"Accrued interest Purchase of the security 296000000 CG2J00000099 6.1% 099OTAP233110001","0990015233110001","511800101","XAF",,11619581,07-NOV-23,"D","BINEID00087","CELESID0018","TXN_AMT",07-NOV-23,"","0015","CREANCES RATTACHEES - MANUELLES","DE",""
"REGUL INTERET COUPON RECEIVED ISIN CM2B00000020 5 BN","099000m233120001","511800101","XAF",,73643836,08-NOV-23,"D","DOUMAOS00039","CELESID0018","TXN_AMT",08-NOV-23,"","000m","CREANCES RATTACHEES - MANUELLES","DE",""
"REGUL INTERET COUPON RECEIVED ISIN CM2B00000020 1 BN","099000m233120001","511800101","XAF",,5983562,08-NOV-23,"D","DOUMAOS00039","CELESID0018","TXN_AMT",08-NOV-23,"","000m","CREANCES RATTACHEES - MANUELLES","DE",""
"interest income on   PURCHASE  CQ2J00000024AT 7%  099OTAP233140001","0990001233140001","511800101","XAF",,11698630,10-NOV-23,"D","BINEID00087","RENGID000024","TXN_AMT",10-NOV-23,"","0001","CREANCES RATTACHEES - MANUELLES","DE",""
"REGUL 099OTAP223210001  250,000 000XAF AT 6% CM2L00000044","099000y233180001","511800101","XAF",,493151,14-NOV-23,"D","BINEID00087","RENGID000024","TXN_AMT",14-NOV-23,"","000y","CREANCES RATTACHEES - MANUELLES","DE",""
"REGUL INTEREST 099OTAP230300002 5.75% CG2J00000321 ","0990013233180001","511800101","XAF",,157534,14-NOV-23,"D","BINEID00087","RENGID000024","TXN_AMT",14-NOV-23,"","0013","CREANCES RATTACHEES - MANUELLES","DE",""
"interest income on CM2B00000087 SALES AT 5.5%  099OTAP233030008 AT  5 000 000 000","099000b233260001","511800101","XAF",,29383562,22-NOV-23,"C","BINEID00087","MBOGID000083","TXN_AMT",22-NOV-23,"","000b","CREANCES RATTACHEES - MANUELLES","DE",""
"SALE CM2B00000087 AT 5.5%  099OTAP233030008   5 000 000 000","099000b233260001","511800101","XAF",,10547945,22-NOV-23,"D","BINEID00087","MBOGID000083","TXN_AMT",22-NOV-23,"","000b","CREANCES RATTACHEES - MANUELLES","DE",""
"Liquidation of the Accrued interest of CG2J00000420  099OTAP232560004","0990009233270001","511800101","XAF",,688525,23-NOV-23,"C","CHEICHEID059","MBOGID000083","TXN_AMT",23-NOV-23,"","0009","CREANCES RATTACHEES - MANUELLES","DE",""
"Accrued interest Purchase of the security CG2J00000420 500 000 000 at 6% 099OTAP232560004.","0990009233270001","511800101","XAF",,6082192,23-NOV-23,"D","CHEICHEID059","MBOGID000083","TXN_AMT",23-NOV-23,"","0009","CREANCES RATTACHEES - MANUELLES","DE",""
"interest income on PURCHASE CM2B00000129  AT 5.75  % 2 131 000 000  099OTAP233280001		","0990002233280001","511800101","XAF",,84366639,24-NOV-23,"D","CHEICHEID059","MBOGID000083","TXN_AMT",24-NOV-23,"","0002","CREANCES RATTACHEES - MANUELLES","DE",""
"interest income on  SALES  CM2B00000053  AT 5.5 % 10 000 000 000  099OTAP233030007","0990003233280001","511800101","XAF",,25616438,24-NOV-23,"D","CHEICHEID059","MBOGID000083","TXN_AMT",24-NOV-23,"","0003","CREANCES RATTACHEES - MANUELLES","DE",""
"interest income on  SALES  CM2B00000053  AT 5.5 % 10 000 000 000  099OTAP233030007","0990003233280001","511800101","XAF",,391780822,24-NOV-23,"C","CHEICHEID059","MBOGID000083","TXN_AMT",24-NOV-23,"","0003","CREANCES RATTACHEES - MANUELLES","DE",""
"interest income on  PURCHASE CM2L00000036  AT 5.9  % 5 000 000 000  099OTAP233280003","0990004233280001","511800101","XAF",,285301370,24-NOV-23,"D","CHEICHEID059","MBOGID000083","TXN_AMT",24-NOV-23,"","0004","CREANCES RATTACHEES - MANUELLES","DE",""
"interest income on  PURCHASE CM2L00000036  AT 5.9  % 5 000 000 000  099OTAP233280004","0990005233280001","511800101","XAF",,281260274,24-NOV-23,"D","CHEICHEID059","MBOGID000083","TXN_AMT",24-NOV-23,"","0005","CREANCES RATTACHEES - MANUELLES","DE",""
"Liquidation of the Accrued interest of CG2J00000099 251000000 6.1% 099OTAP233310001","099000c233310001","511800101","XAF",,11619581,27-NOV-23,"C","BINEID00087","MBOGID000083","TXN_AMT",27-NOV-23,"","000c","CREANCES RATTACHEES - MANUELLES","DE",""
"Accrued interest SALE CG2J00000099 211000000 6.1% 099OTAP233310001","099000c233310001","511800101","XAF",,10969471,27-NOV-23,"D","BINEID00087","MBOGID000083","TXN_AMT",27-NOV-23,"","000c","CREANCES RATTACHEES - MANUELLES","DE",""
"interest income on PURCHASE  CM2B0000111AT 5.5%  AT 97.75% DISCOUNT  3 000 000 000 099OTAP233310002","099000f233310001","511800101","XAF",,31106557,27-NOV-23,"C","BINEID00087","MBOGID000083","TXN_AMT",27-NOV-23,"","000f","CREANCES RATTACHEES - MANUELLES","DE",""
"REVERSAL INTEREST ICOME ON PURCHASE CM2B00000111 AT 5.5% AT 97.75% DISCOUNT 3,000,000,000 099OTAP233310002","0990007233320001","511800101","XAF",,31106557,28-NOV-23,"D","BINEID00087","MBOGID000083","TXN_AMT",28-NOV-23,"","0007","CREANCES RATTACHEES - MANUELLES","DE",""
"INTEREST ICOME ON PURCHASE CM2B00000111 AT 5.5% AT 97.75% DISCOUNT 3,000,000,000 099OTAP233310002","0990007233320001","511800101","XAF",,31106557,28-NOV-23,"D","BINEID00087","MBOGID000083","TXN_AMT",28-NOV-23,"","0007","CREANCES RATTACHEES - MANUELLES","DE",""
" ACCRUED INTEREST SALE CG2J00000099 211000000 6.1% 099OTAP233310001","0990008233320001","511800101","XAF",,10969471,28-NOV-23,"D","BINEID00087","MBOGID000083","TXN_AMT",28-NOV-23,"","0008","CREANCES RATTACHEES - MANUELLES","DE",""
"REVERSAL ACCRUED INTEREST SALE CG2J00000099 211000000 6.1% 099OTAP233310001","0990008233320001","511800101","XAF",,10969471,28-NOV-23,"C","BINEID00087","MBOGID000083","TXN_AMT",28-NOV-23,"","0008","CREANCES RATTACHEES - MANUELLES","DE",""
"Interest income on the period  SALES security CM2L00000036  5 000 000 000 5.9 % 099OTAP233280004","099000t233320001","511800101","XAF",,281260274,28-NOV-23,"C","CHEICHEID059","MBOGID000083","TXN_AMT",28-NOV-23,"","000t","CREANCES RATTACHEES - MANUELLES","DE",""
"interest income on   PURCHASE  EOGNET62589  AT 6.25  % 3 650 000 000 099OTAP233330002","0990009233330001","511800101","XAF",,81028005,29-NOV-23,"D","CHEICHEID059","MBOGID000083","TXN_AMT",29-NOV-23,"","0009","CREANCES RATTACHEES - MANUELLES","DE",""
"interest income on   PURCHASE  CM2L00000036  AT 5.9% 5 000 000 000 099OTAP233330003","099000b233330001","511800101","XAF",,292575342,29-NOV-23,"D","CHEICHEID059","RENGID000024","TXN_AMT",29-NOV-23,"","000b","CREANCES RATTACHEES - MANUELLES","DE",""
"Interest income on the period  SALES security CM2B00000111  3 000 000 000 5.5 % 099OTAP233310002","099000g233330001","511800101","XAF",,31106557,29-NOV-23,"C","CHEICHEID059","RENGID000024","TXN_AMT",29-NOV-23,"","000g","CREANCES RATTACHEES - MANUELLES","DE",""
"Ireversal  nterest income on the period  SALES security CM2B00000111  3 000 000 000 5.5 % 099OTAP233310002","099000m233330001","511800101","XAF",,31106557,29-NOV-23,"D","CHEICHEID059","MBOGID000083","TXN_AMT",29-NOV-23,"","000m","CREANCES RATTACHEES - MANUELLES","DE",""
"Interest income on the period  SALES security CM2B00000111  3 000 000 000 5.5 % 099OTAP233310002		","099000o233330001","511800101","XAF",,31106557,29-NOV-23,"C","CHEICHEID059","MBOGID000083","TXN_AMT",29-NOV-23,"","000o","CREANCES RATTACHEES - MANUELLES","DE",""
"Liquidation of the Accrued interest of CG2J00000099 221000000 6.1% 099OTAP233310001","099000s233330001","511800101","XAF",,10969471,29-NOV-23,"C","CHEICHEID059","MBOGID000083","TXN_AMT",29-NOV-23,"","000s","CREANCES RATTACHEES - MANUELLES","DE",""
"Accrued interest SALE CG2J00000099 217000000 6.1% 099OTAP233310001		","099000s233330001","511800101","XAF",,11024789,29-NOV-23,"D","CHEICHEID059","MBOGID000083","TXN_AMT",29-NOV-23,"","000s","CREANCES RATTACHEES - MANUELLES","DE",""
"Interest income on the period  SALES security CM2L00000036  5 000 000 000 5.9 % 099OTAP233280003","0990017233330001","511800101","XAF",,285301370,29-NOV-23,"C","CHEICHEID059","MBOGID000083","TXN_AMT",29-NOV-23,"","0017","CREANCES RATTACHEES - MANUELLES","DE",""
"interest income on   PURCHASE  CM2L00000036  AT 5.9% 5 000 000 000 099OTAP233330005		","099001g233330001","511800101","XAF",,1616438,29-NOV-23,"D","CHEICHEID059","MBOGID000083","TXN_AMT",29-NOV-23,"","001g","CREANCES RATTACHEES - MANUELLES","DE",""
"Accrued interest PURCHASE   security GA2J00000226  5 000 000  5.25% 099OTAP230760001","099000g233350001","511800101","XAF",,265089,01-DEC-23,"D","CHEICHEID059","MBOGID000083","TXN_AMT",01-DEC-23,"","000g","CREANCES RATTACHEES - MANUELLES","DE",""
"Interest income on the period  SALES security CM2B00000095  2 500 000 000 5.5 % 099OTAP233100004","099000i233350001","511800101","XAF",,89412568,01-DEC-23,"C","CHEICHEID059","MBOGID000083","TXN_AMT",01-DEC-23,"","000i","CREANCES RATTACHEES - MANUELLES","DE",""
"ANNUAL INTEREST RECIEVED OF XAF 15 000 000 ON CM2L00000044 AT 6% 250 000 000 099OTAP232150005","099000q233350001","511800101","XAF",,10643836,01-DEC-23,"C","CHEICHEID059","MBOGID000083","TXN_AMT",01-DEC-23,"","000q","CREANCES RATTACHEES - MANUELLES","DE",""
"interest income on  PURCHASE  PURCHASE  CG2A00000270  AT 5.%  AT 99.24483785% DISCOUNT  2 000 000 000","099000s233350001","511800101","XAF",,80000000,01-DEC-23,"D","BINEID00087","MBOGID000083","TXN_AMT",01-DEC-23,"","000s","CREANCES RATTACHEES - MANUELLES","DE",""
"ANNUAL INTEREST INCOME OF XAF GA2B00000125 RECIEVED 099OTAP223340002","0990012233350001","511800101","XAF",,712329,01-DEC-23,"C","CHEICHEID059","MBOGID000083","TXN_AMT",01-DEC-23,"","0012","CREANCES RATTACHEES - MANUELLES","DE",""
"Interest income on the period  SALES security CM2B00000129  2 131 000 000 5.75 % 099OTAP233280001","0990007233380001","511800101","XAF",,84366639,04-DEC-23,"C","CHEICHEID059","MBOGID000083","TXN_AMT",04-DEC-23,"","0007","CREANCES RATTACHEES - MANUELLES","DE",""
"interest income on  PURCHASE  CM2B00000095 AT 5.50%  1,000,000,000 AT 100%","0990005233390001","511800101","XAF",,22602740,05-DEC-23,"D","BINEID00087","MBOGID000083","TXN_AMT",05-DEC-23,"","0005","CREANCES RATTACHEES - MANUELLES","DE",""
"interest income on  PURCHASE  GA2J00000150 AT 5.50%  2 000 000 000","0990001233410001","511800101","XAF",,55150685,07-DEC-23,"D","BINEID00087","MBOGID000083","TXN_AMT",07-DEC-23,"","0001","CREANCES RATTACHEES - MANUELLES","DE",""
"Liquidation of the Accrued interest of CM2L00000036  5 000 000 000  5.90 % 099OTAP233330003","099000x233410001","511800101","XAF",,292575342,07-DEC-23,"C","BINEID00087","MBOGID000083","TXN_AMT",07-DEC-23,"","000x","CREANCES RATTACHEES - MANUELLES","DE",""
"interest income on PURCHASE  CM2L00000036 AT 5.90%  5 000 000 000 099OTAP233420001","0990000233420001","511800101","XAF",,8866120,08-DEC-23,"D","BINEID00087","MBOGID000083","TXN_AMT",08-DEC-23,"","0000","CREANCES RATTACHEES - MANUELLES","DE",""
"interest income on  PURCHASE    CM1100001062 AT 5.0%    3 000 000 000 099OTAP233410004","099000o233420001","511800101","XAF",,32541667,08-DEC-23,"D","BINEID00087","MBOGID000083","TXN_AMT",08-DEC-23,"","000o","CREANCES RATTACHEES - MANUELLES","DE",""
"ANNUAL INTEREST GA2K00000058 1 500 000 000 AT  5.75 % 099OTAP233000002","099000w233450001","511800101","XAF",,76089041,11-DEC-23,"C","CHEICHEID059","NKEID000039","TXN_AMT",11-DEC-23,"","000w","CREANCES RATTACHEES - MANUELLES","DE",""
" INTERET ISIN CM1100001062 LIQUIDATION 099OTAP233410004 3,000,000,000XAF","0990010233450001","511800101","XAF",,32541667,11-DEC-23,"C","BINEID00087","MBOGID000083","TXN_AMT",11-DEC-23,"","0010","CREANCES RATTACHEES - MANUELLES","DE",""
"REGUL INTEREST ISIN LIQUIDATION CM2B00000095 5.50% 1,000,000,000XAF 099OTAP233390002","099000y233460001","511800101","XAF",,22602740,12-DEC-23,"C","BINEID00087","MBOGID000083","TXN_AMT",12-DEC-23,"","000y","CREANCES RATTACHEES - MANUELLES","DE",""
"REGUL INTERET ISIN  LIQUIDATION  GA2J00000150 5.50% 2,000,000,000XAF 099OTAP233410001","099000x233460001","511800101","XAF",,55150685,12-DEC-23,"C","BINEID00087","MBOGID000083","TXN_AMT",12-DEC-23,"","000x","CREANCES RATTACHEES - MANUELLES","DE",""
" INTERET ISIN  LIQUIDATION  CM2l0000036 5.90% 5.000.000.000XAF 099OTAP233330005","0990019233460001","511800101","XAF",,1616438,12-DEC-23,"C","BINEID00087","MBOGID000083","TXN_AMT",12-DEC-23,"","0019","CREANCES RATTACHEES - MANUELLES","DE",""
"interest income on  PURCHASE CM2L00000036 AT 5.90%  5 000 000 000 099OTAP233470001","099000y233470001","511800101","XAF",,12896175,13-DEC-23,"D","BINEID00087","MBOGID000083","TXN_AMT",13-DEC-23,"","000y","CREANCES RATTACHEES - MANUELLES","DE",""
"interest income on  PURCHASE CM2B00000087 AT 5.5%    5 000 000 000 099OTAP233480001","0990000233480001","511800101","XAF",,54246575,14-DEC-23,"D","BINEID00087","MBOGID000083","TXN_AMT",14-DEC-23,"","0000","CREANCES RATTACHEES - MANUELLES","DE",""
"interest income on  PURCHASE  GA2K00000058 AT 5.75% 2,000,000,000XAF 099OTAP233480002","099000a233480001","511800101","XAF",,1571038,14-DEC-23,"D","BINEID00087","MBOGID000083","TXN_AMT",14-DEC-23,"","000a","CREANCES RATTACHEES - MANUELLES","DE",""
"Liquidation of the Accrued interest of CM2B00000020  3 500 000 000  5.60 % 099OTAP232610002","099000o233490001","511800101","XAF",,49803279,15-DEC-23,"C","BINEID00087","YAMKAMID0043","TXN_AMT",15-DEC-23,"","000o","CREANCES RATTACHEES - MANUELLES","DE",""
"Accrued interest AT PURCHASE CM2B00000020  3 500 000 000  5.60 % 099OTAP232610002","099000o233490001","511800101","XAF",,42115068,15-DEC-23,"D","BINEID00087","YAMKAMID0043","TXN_AMT",15-DEC-23,"","000o","CREANCES RATTACHEES - MANUELLES","DE",""
"Accrued interest of GA2B00000091 450 000 000 AT 6.25% 099OTAP232570008","0990016233530001","511800101","XAF",,16027397,19-DEC-23,"C","CHEICHEID059","YAMKAMID0043","TXN_AMT",19-DEC-23,"","0016","CREANCES RATTACHEES - MANUELLES","DE",""
"Accrued interest PURCAHSE  of the security GA2K00000058  930  000 000  AT 5.75 % 099OTAP233530001","099001c233530001","511800101","XAF",,1318562,19-DEC-23,"D","CHEICHEID059","YAMKAMID0043","TXN_AMT",19-DEC-23,"","001c","CREANCES RATTACHEES - MANUELLES","DE",""
"Accrued interest AT PURCHASE  of the security CG2J00000420  500 000 000 AT 6%099OTAP233270001","099001e233530001","511800101","XAF",,6082192,19-DEC-23,"C","CHEICHEID059","YAMKAMID0043","TXN_AMT",19-DEC-23,"","001e","CREANCES RATTACHEES - MANUELLES","DE",""
"Interest income on the period  SALES GA2K00000058  2 000 000 000 5.75 % 099OTAP233480002		","0990003233540001","511800101","XAF",,1571038,20-DEC-23,"C","CHEICHEID059","NKEID000039","TXN_AMT",20-DEC-23,"","0003","CREANCES RATTACHEES - MANUELLES","DE",""
"interest income on   PURCHASE   CM2B00000020  AT 5.6% 2 000 000 000 099OTAP233540001","0990005233540001","511800101","XAF",,56306011,20-DEC-23,"D","CHEICHEID059","MBOGID000083","TXN_AMT",20-DEC-23,"","0005","CREANCES RATTACHEES - MANUELLES","DE",""
"Accrued interest of  CG2K00000062 100 000 000  AT 6 %  099 OTAP233030012		","099000f233540001","511800101","XAF",,3426230,20-DEC-23,"C","CHEICHEID059","MBOGID000083","TXN_AMT",20-DEC-23,"","000f","CREANCES RATTACHEES - MANUELLES","DE",""
"Accrued interest of  CG2K00000062 1 300 000 000  AT 6 %  099OTAP233030013		","099000f233540001","511800101","XAF",,44754098,20-DEC-23,"C","CHEICHEID059","MBOGID000083","TXN_AMT",20-DEC-23,"","000f","CREANCES RATTACHEES - MANUELLES","DE",""
"interest income on  PURCHASE EOG NET  AT 6.25%  2 500 000 000 099OTAP233560001","099000u233560001","511800101","XAF",,67025273,22-DEC-23,"D","BINEID00087","MBOGID000083","TXN_AMT",22-DEC-23,"","000u","CREANCES RATTACHEES - MANUELLES","DE",""
"ANNUAL INTEREST INCOME OF XAF  400 000 000 CG2A00000353  RECIEVED 099OTAP231000001","0990006233600001","511800101","XAF",,6147945,26-DEC-23,"C","CHEICHEID059","NKEID000039","TXN_AMT",26-DEC-23,"","0006","CREANCES RATTACHEES - MANUELLES","DE",""
"interest income on  PURCHASE CG2J00000487AT 6%    1 500 000 000 099OTAP233600001","0990014233600001","511800101","XAF",,1721311,26-DEC-23,"D","BINEID00087","MBOGID000083","TXN_AMT",26-DEC-23,"","0014","CREANCES RATTACHEES - MANUELLES","DE",""
"interest income on  PURCHAS EGQ2J00000024AT 7%    500 000 000 099OTAP233600002","0990019233600001","511800101","XAF",,15778689,26-DEC-23,"D","BINEID00087","MBOGID000083","TXN_AMT",26-DEC-23,"","0019","CREANCES RATTACHEES - MANUELLES","DE",""
"Interest income on the period  SALES security CMCM2B00000087 5 000 000 000 5.50 % 099OTAP233480001","0990013233610001","511800101","XAF",,54246575,27-DEC-23,"C","BINEID00087","MBOGID000083","TXN_AMT",27-DEC-23,"","0013","CREANCES RATTACHEES - MANUELLES","DE",""
"Interest income on the period  SALES security CG2J00000487  1 500 000 000  6 % 099OTAP233600001		","0990014233610001","511800101","XAF",,1721311,27-DEC-23,"C","CHEICHEID059","MBOGID000083","TXN_AMT",27-DEC-23,"","0014","CREANCES RATTACHEES - MANUELLES","DE",""
"Interest income on the period  SALES security CM2L00000036 5 000 000 0005.90 % 099OTAP233420001","0990018233610001","511800101","XAF",,8866120,27-DEC-23,"C","BINEID00087","MBOGID000083","TXN_AMT",27-DEC-23,"","0018","CREANCES RATTACHEES - MANUELLES","DE",""
"interest income on  PURCHASE  CM2B00000087  AT 5.50% 5 000 000 000 099OTAP233620001","0990001233620001","511800101","XAF",,64617486,28-DEC-23,"D","BINEID00087","MBOGID000083","TXN_AMT",28-DEC-23,"","0001","CREANCES RATTACHEES - MANUELLES","DE",""
"interest income on  PURCHASE  GQ2J00000024 AT 7% 500,000,000 099OTAP233620003","099000h233620001","511800101","XAF",,16256831,28-DEC-23,"D","BINEID00087","MBOGID000083","TXN_AMT",28-DEC-23,"","000h","CREANCES RATTACHEES - MANUELLES","DE",""
"interest income on  PURCHASE  CG2J00000487 AT 6% 1 500,000,000 099OTAP233620004","099000n233620001","511800101","XAF",,3196721,28-DEC-23,"D","BINEID00087","MBOGID000083","TXN_AMT",28-DEC-23,"","000n","CREANCES RATTACHEES - MANUELLES","DE",""
"interest income on  PURCHASE  CG2J00000438 AT 5.75% 1 500,000,000 099OTAP233620005","099000o233620001","511800101","XAF",,19323770,28-DEC-23,"D","BINEID00087","MBOGID000083","TXN_AMT",28-DEC-23,"","000o","CREANCES RATTACHEES - MANUELLES","DE",""
"INTEREST INCOME ON THE PERIOD SALE CG2J00000438 1 500 000 000 AT 5.75% 099OTAP233620005","099000t233620001","511800101","XAF",,19323770,28-DEC-23,"C","BINEID00087","MBOGID000083","TXN_AMT",28-DEC-23,"","000t","CREANCES RATTACHEES - MANUELLES","DE",""
"ACCRUED INTEREST AT PURCHASE OF SECURITY GA2B00000117 1 180 000 000 AT 6.25 % 00101100284 /KADJI HOLDINGS","0990003233630001","511800101","XAF",,27202869,29-DEC-23,"C","CHEICHEID059","MBOGID000083","TXN_AMT",29-DEC-23,"","0003","CREANCES RATTACHEES - MANUELLES","DE",""
"Interest income on the period  SALES security CM2L00000036 5 000 000 000 5.90 % 099OTAP233470001","0990006233630001","511800101","XAF",,12896175,29-DEC-23,"C","BINEID00087","MBOGID000083","TXN_AMT",29-DEC-23,"","0006","CREANCES RATTACHEES - MANUELLES","DE",""
"interest income on   PURCHASE  EOG 6.25% 2023-2028  AT 6.25% 2 000 000 000 099OTAP233630002","099000e233630001","511800101","XAF",,56010929,29-DEC-23,"D","BINEID00087","MBOGID000083","TXN_AMT",29-DEC-23,"","000e","CREANCES RATTACHEES - MANUELLES","DE",""
"FINAL INTEREST RECIEVED AT SALES ON CG2J00000321  AT 5.75 % 250 000 000  099OTAP231010001","099000g233630001","511800101","XAF",,2914384,29-DEC-23,"C","CHEICHEID059","MBOGID000083","TXN_AMT",29-DEC-23,"","000g","CREANCES RATTACHEES - MANUELLES","DE",""
"interest income on PURCHASE CG2L00000487 AT 6% 1 500 000 000 099OTAP233630003","099000h233630001","511800101","XAF",,3442623,29-DEC-23,"D","BINEID00087","MBOGID000083","TXN_AMT",29-DEC-23,"","000h","CREANCES RATTACHEES - MANUELLES","DE",""
"interest income on   PURCHASE  CM2L00000044  AT 6% 250 000 000 099OTAP233630005","099000z233630001","511800101","XAF",,1762295,29-DEC-23,"D","CHEICHEID059","MBOGID000083","TXN_AMT",29-DEC-23,"","000z","CREANCES RATTACHEES - MANUELLES","DE",""
"interest income on  PURCHASE GA2J00000218 AT 5.25% 600 000 000 099OTAP233630006","099001e233630001","511800101","XAF",,7659836,29-DEC-23,"D","BINEID00087","MBOGID000083","TXN_AMT",29-DEC-23,"","001e","CREANCES RATTACHEES - MANUELLES","DE",""
"PURCHASE CG2J00000321 AT 5.75% 250 000 000 099OTAP233630008","099001f233630001","511800101","XAF",,13547945,29-DEC-23,"D","BINEID00087","MBOGID000083","TXN_AMT",29-DEC-23,"","001f","CREANCES RATTACHEES - MANUELLES","DE",""
"Interest income on PURCHASE CG2A00000353 AT 5,50 % 400 000 000 099OTAP233630007","099001h233630001","511800101","XAF",,420765,29-DEC-23,"D","DOUMAOS00039","MBOGID000083","TXN_AMT",29-DEC-23,"","001h","CREANCES RATTACHEES - MANUELLES","DE",""
"Interest income on the period  SALES security CG2L00000487 1 500 000 000 6 % 099OTAP233630003","099001l233630001","511800101","XAF",,3442623,29-DEC-23,"C","BINEID00087","MBOGID000083","TXN_AMT",29-DEC-23,"","001l","CREANCES RATTACHEES - MANUELLES","DE",""
"interest income on   PURCHASE PURCHASE  GQ2J00000032  AT 5%700 000 000 099OTAP233030011","0990007240020001","511800101","XAF",,28767123,02-JAN-24,"C","BINEID00087","MBOGID000083","TXN_AMT",02-JAN-24,"","0007","CREANCES RATTACHEES - MANUELLES","DE",""
"Interest income on the period  SALES security CM2B0000087 5 000 000 000 5.50 % 099OTAP233620001","099000n240090001","511800101","XAF",,64617486,09-JAN-24,"C","BINEID00087","MBOGID000083","TXN_AMT",09-JAN-24,"","000n","CREANCES RATTACHEES - MANUELLES","DE",""
"interest income on   PURCHASE  CM2B00000087  AT 5.50% 5 000 000 000 099OTAP240090001","099000o240090001","511800101","XAF",,75136612,09-JAN-24,"D","BINEID00087","MBOGID000083","TXN_AMT",09-JAN-24,"","000o","CREANCES RATTACHEES - MANUELLES","DE",""
"Accrued interest of CG2J00000321 250000000 5.75 % 099OTAP233630008","0990007240180001","511800101","XAF",,13547945,18-JAN-24,"C","BINEID00087","MBOGID000083","TXN_AMT",18-JAN-24,"","0007","CREANCES RATTACHEES - MANUELLES","DE",""
"Accrued interest PURCAHSE  of the security CG2J00000321 230000000 5.75 % 099OTAP240180001","0990007240180001","511800101","XAF",,13116301,18-JAN-24,"D","BINEID00087","MBOGID000083","TXN_AMT",18-JAN-24,"","0007","CREANCES RATTACHEES - MANUELLES","DE",""
"ANNUAL OF INTEREST RECEIVED  CG2J0000321 5.75% 19-JAN-2026 099OTAP240180001 230,000,000XAF","0990016240190001","511800101","XAF",,13116301,19-JAN-24,"C","BINEID00087","NKEID000039","TXN_AMT",19-JAN-24,"","0016","CREANCES RATTACHEES - MANUELLES","DE",""
"interest income on   PURCHASE CM2B00000087  AT 5.50 % 5 000 000 000 099OTAP240230001","0990005240230001","511800101","XAF",,85655738,23-JAN-24,"D","BINEID00087","YAMKAMID0043","TXN_AMT",23-JAN-24,"","0005","CREANCES RATTACHEES - MANUELLES","DE",""
"Interest income on the period  SALES security CM2B00000087 5 000 000 000 5.50 % 099OTAP240230001","099000a240230001","511800101","XAF",,85655738,23-JAN-24,"C","BINEID00087","YAMKAMID0043","TXN_AMT",23-JAN-24,"","000a","CREANCES RATTACHEES - MANUELLES","DE",""
"Interest income on the period  SALES security CG2J00000487 1 500 000 000 6 % 099OTAP233620004","099000a240240001","511800101","XAF",,3196721,24-JAN-24,"C","BINEID00087","YAMKAMID0043","TXN_AMT",24-JAN-24,"","000a","CREANCES RATTACHEES - MANUELLES","DE",""
" ACCRUED INTEREST Purchase OTA CM2B00000020 AT 200 000 000  AT 5.6% 099OTAP232470001","099000w240250001","511800101","XAF",,2424110,25-JAN-24,"C","BINEID00087","MBOGID000083","TXN_AMT",25-JAN-24,"","000w","CREANCES RATTACHEES - MANUELLES","DE",""
"Accrued interest of CG2A00000353 400,000,000  5.5% 099OTAP233630007","099000i240260001","511800101","XAF",,420765,26-JAN-24,"C","BINEID00087","MBOGID000083","TXN_AMT",26-JAN-24,"","000i","CREANCES RATTACHEES - MANUELLES","DE",""
"Interest income on the period  SALES security  GQ2K00000039 2.100.000.000XAF 7 % 099OTAP232630001","099000g240290001","511800101","XAF",,6827869,29-JAN-24,"C","BINEID00087","MBOGID000083","TXN_AMT",29-JAN-24,"","000g","CREANCES RATTACHEES - MANUELLES","DE",""
"Interest income on the period  SALES security CG2J000000099 217 000 000 6.10 % 099OTAP233310001","099000o240300001","511800101","XAF",,11024789,30-JAN-24,"C","BINEID00087","YAMKAMID0043","TXN_AMT",30-JAN-24,"","000o","CREANCES RATTACHEES - MANUELLES","DE",""
"Accrued interest of CG2J00000321 230,000,000 5.75% 099OTAP240180001","099001b240310001","511800101","XAF",,13116301,31-JAN-24,"C","BINEID00087","MBATOHID0012","TXN_AMT",31-JAN-24,"","001b","CREANCES RATTACHEES - MANUELLES","DE",""
" COUPON COURU  CG2A00000353 5.5% 099OTAP240320003 371 000 000XAF  ","099000i240320001","511800101","XAF",,2180620,01-FEB-24,"D","BINEID00087","MBATOHID0012","TXN_AMT",01-FEB-24,"","000i","CREANCES RATTACHEES - MANUELLES","DE",""
"Liquidation of the Accrued interest of  CG2A00000353 5.5% 099OTAP240260001 395 000 000XAF  ","099000i240320001","511800101","XAF",,24863,01-FEB-24,"C","BINEID00087","MBATOHID0012","TXN_AMT",01-FEB-24,"","000i","CREANCES RATTACHEES - MANUELLES","DE",""
"Interest income on the period  SALES security CM2B00000087 5 000 000 000 5.50 % 099OTAP240090001 TO CBC","099000n240320001","511800101","XAF",,75136612,01-FEB-24,"C","BINEID00087","MBATOHID0012","TXN_AMT",01-FEB-24,"","000n","CREANCES RATTACHEES - MANUELLES","DE",""
"REGUL ACCRUED INTEREST INCOME ON SALE CG2J00000321 230 000 000 5.75% 099OTAP240180001","099000y240320001","511800101","XAF",,24863,01-FEB-24,"C","BINEID00087","MBATOHID0012","TXN_AMT",01-FEB-24,"","000y","CREANCES RATTACHEES - MANUELLES","DE",""
"REGUL ACCRUED INTEREST INCOME ON SALE CG2J00000321 230 000 000 5.75% 099OTAP240180001","099000y240320001","511800101","XAF",,13658309,01-FEB-24,"D","BINEID00087","MBATOHID0012","TXN_AMT",01-FEB-24,"","000y","CREANCES RATTACHEES - MANUELLES","DE",""
"REVERSAL ACCRUED INTEREST INCOME ON SALE CG2A00000353 400 000 000 5.5% 099OTAP233630007","099000y240320001","511800101","XAF",,1983607,01-FEB-24,"D","BINEID00087","MBATOHID0012","TXN_AMT",01-FEB-24,"","000y","CREANCES RATTACHEES - MANUELLES","DE",""
"interest income on   PURCHASE  CMB00000095 AT 5.5% 1 000 000 000 099OTAP240320004","0990010240320001","511800101","XAF",,49439891,01-FEB-24,"D","BINEID00087","MBATOHID0012","TXN_AMT",01-FEB-24,"","0010","CREANCES RATTACHEES - MANUELLES","DE",""
"interest income on   PURCHASE  CM2L00000036 AT 5.90% 9 000 000 000 099OTAP240320006","0990013240320001","511800101","XAF",,97204918,01-FEB-24,"D","BINEID00087","MBATOHID0012","TXN_AMT",01-FEB-24,"","0013","CREANCES RATTACHEES - MANUELLES","DE",""
" PURCHASE  CM2B00000020  AT 5.60% 1 000 000 000 099OTAP2240330001","0990004240330001","511800101","XAF",,35497268,02-FEB-24,"D","BINEID00087","MBATOHID0012","TXN_AMT",02-FEB-24,"","0004","CREANCES RATTACHEES - MANUELLES","DE",""
"Interest income on the period  SALES security CM2B00000020 2 500 000 000  5.60 % 099OTAP2370001","0990005240330001","511800101","XAF",,42076503,02-FEB-24,"C","BINEID00087","MBATOHID0012","TXN_AMT",02-FEB-24,"","0005","CREANCES RATTACHEES - MANUELLES","DE",""
"Interest income on the period  SALES security CM2B00000020 2 1 500 000 000  5.60 % 099OTAP233490001","0990006240330001","511800101","XAF",,42115068,02-FEB-24,"C","BINEID00087","MBATOHID0012","TXN_AMT",02-FEB-24,"","0006","CREANCES RATTACHEES - MANUELLES","DE",""
"Liquidation of the Accrued interest of Purchase GA2B00000125 6.5% 800 000 000 099OTAP223340002","0990015240330001","511800101","XAF",,56000000,02-FEB-24,"C","BINEID00087","MBATOHID0012","TXN_AMT",02-FEB-24,"","0015","CREANCES RATTACHEES - MANUELLES","DE",""
"REGUL ACCRUED INTEREST INCOME ON SALE CG2J00000321 230 000 000 5.75% 099OTAP233630007","0990016240330001","511800101","XAF",,13658309,02-FEB-24,"D","BINEID00087","MBATOHID0012","TXN_AMT",02-FEB-24,"","0016","CREANCES RATTACHEES - MANUELLES","DE",""
"REVERSAL REGUL ACCRUED INTEREST INCOME ON SALE CG2J00000321 230 000 000 5.75% 099OTAP233630007","0990016240330001","511800101","XAF",,13658309,02-FEB-24,"C","BINEID00087","MBATOHID0012","TXN_AMT",02-FEB-24,"","0016","CREANCES RATTACHEES - MANUELLES","DE",""
"interest income on   PURCHASE  GA2K00000058  AT 5.75% 1.931.030.00XAF 099OTAP240400001","099000n240400001","511800101","XAF",,18202332,09-FEB-24,"D","BINEID00087","MBATOHID0012","TXN_AMT",09-FEB-24,"","000n","CREANCES RATTACHEES - MANUELLES","DE",""
"Interest income on the period  SALES security GA2K00000058  AT 5.75% 1.931.030.00XAF 099OTAP240400001","099000o240400001","511800101","XAF",,18202332,09-FEB-24,"C","BINEID00087","MBATOHID0012","TXN_AMT",09-FEB-24,"","000o","CREANCES RATTACHEES - MANUELLES","DE",""
"interest income on   PURCHASE  PURCHASE  099OTAP240430001  AT 5.9% 1,931,030,000 099OTAP240430001","0990000240430001","511800101","XAF",,2179004,12-FEB-24,"D","BINEID00087","MBATOHID0012","TXN_AMT",10-FEB-24,"","0000","CREANCES RATTACHEES - MANUELLES","DE",""
"interest income on   PURCHASE  PURCHASE  GQ2K00000021AT 7% 105 970 000 099OTAP240440001","099000j240440001","511800101","XAF",,4012962,13-FEB-24,"D","BINEID00087","MBATOHID0012","TXN_AMT",13-FEB-24,"","000j","CREANCES RATTACHEES - MANUELLES","DE",""
"Accrued interest Purchase of the security SALE of the security CGA00000353  5.5% 099OTAP240320003","0990009240450001","511800101","XAF",,501762,14-FEB-24,"D","BINEID00087","MBATOHID0012","TXN_AMT",14-FEB-24,"","0009","CREANCES RATTACHEES - MANUELLES","DE",""
"interest income on   PURCHASE  PURCHASE  CM2L00000036  AT 5.90% 9 000 000 000 099OTAP240460003","099000o240460001","511800101","XAF",,117516393,15-FEB-24,"D","BINEID00087","MBATOHID0012","TXN_AMT",15-FEB-24,"","000o","CREANCES RATTACHEES - MANUELLES","DE",""
"Interest income on the period  SALES security CM2L00000036 9 000 000 000 5.90 % 099OTAP240460003","099000s240460001","511800101","XAF",,117516393,15-FEB-24,"C","BINEID00087","MBATOHID0012","TXN_AMT",15-FEB-24,"","000s","CREANCES RATTACHEES - MANUELLES","DE",""
"Discount income of SALES  of the security CM2L00000036 9 000 000 000 5.90 % 099OTAP240460003","099000s240460001","511800101","XAF",,1215000,15-FEB-24,"C","BINEID00087","MBATOHID0012","TXN_AMT",15-FEB-24,"","000s","CREANCES RATTACHEES - MANUELLES","DE",""
"interest income on   PURCHASE CM2B00000095  AT 5.50% 1 000 000 000 099OTAP240460005","099000v240460001","511800101","XAF",,51543716,15-FEB-24,"D","BINEID00087","MBATOHID0012","TXN_AMT",15-FEB-24,"","000v","CREANCES RATTACHEES - MANUELLES","DE",""
"Interest income on the period  SALES security  CM2B00000095 1 000 000 000 5.50 % 099OTAP240460005","099000z240460001","511800101","XAF",,51543716,15-FEB-24,"C","BINEID00087","MBATOHID0012","TXN_AMT",15-FEB-24,"","000z","CREANCES RATTACHEES - MANUELLES","DE",""
"Interest income on the period  SALES security CM2L00000036 5 000 000 0005.90 % 099OTAP233420001","0990001240470001","511800101","XAF",,80000000,16-FEB-24,"C","BINEID00087","MBATOHID0012","TXN_AMT",16-FEB-24,"","0001","CREANCES RATTACHEES - MANUELLES","DE",""
"interest income on   PURCHASE  CM2B00000020  AT 5.60% 5 000 000 000 099OTAP240470002","099000b240470001","511800101","XAF",,188961749,16-FEB-24,"D","BINEID00087","MBATOHID0012","TXN_AMT",16-FEB-24,"","000b","CREANCES RATTACHEES - MANUELLES","DE",""
"Liquidation of the Accrued interest of SALE of the security GA2J00000267  5.25% 099OTAP233000001","099000k240470001","511800101","XAF",,30983607,16-FEB-24,"C","BINEID00087","MBATOHID0012","TXN_AMT",16-FEB-24,"","000k","CREANCES RATTACHEES - MANUELLES","DE",""
"Accrued interest SALE of the security GA2J00000267  5.25% 099OTAP233000001","099000k240470001","511800101","XAF",,45920574,16-FEB-24,"D","BINEID00087","MBATOHID0012","TXN_AMT",16-FEB-24,"","000k","CREANCES RATTACHEES - MANUELLES","DE",""
"REVERSAL LIQUIDATION OF ACCRUED INTEREST OF PURCHASE GA2B00000125 5.5% 800 000 000 099OTAP22334002","0990000240500001","511800101","XAF",,56000000,19-FEB-24,"D","BINEID00087","MBATOHID0012","TXN_AMT",17-FEB-24,"","0000","CREANCES RATTACHEES - MANUELLES","DE",""
"interest income on   PURCHASE CM2B00000095  AT 5.50% 2 000 000 000 099OTAP240510003","099000k240510001","511800101","XAF",,104289617,20-FEB-24,"D","BINEID00087","MBATOHID0012","TXN_AMT",20-FEB-24,"","000k","CREANCES RATTACHEES - MANUELLES","DE",""
"interest income on   PURCHASE GA2J00000333  AT 5.50% 2 500 000 000 099OTAP240510004","099000n240510001","511800101","XAF",,30430328,20-FEB-24,"D","BINEID00087","MBATOHID0012","TXN_AMT",20-FEB-24,"","000n","CREANCES RATTACHEES - MANUELLES","DE",""
"interest income on   PURCHASE GA2K00000090  AT 5.6.25% 2 500 000 000 099OTAP240510006","099000r240510001","511800101","XAF",,34579918,20-FEB-24,"D","BINEID00087","MBATOHID0012","TXN_AMT",20-FEB-24,"","000r","CREANCES RATTACHEES - MANUELLES","DE",""
"interest income on   PURCHASE CG2J00000248 AT 6% 4 000 000 000 099OTAP240510007","099000t240510001","511800101","XAF",,213114754,20-FEB-24,"D","BINEID00087","MBATOHID0012","TXN_AMT",20-FEB-24,"","000t","CREANCES RATTACHEES - MANUELLES","DE",""
"REVERSAL INTEREST ON PURCHASE CM2B00000020 AT  5.60% 1 000 000 000XAF 099OTAP2240330001","099000g240530001","511800101","XAF",,35497268,22-FEB-24,"C","BINEID00087","MBATOHID0012","TXN_AMT",22-FEB-24,"","000g","CREANCES RATTACHEES - MANUELLES","DE",""
"REVERSAL ACCRUED INTEREST OF SECURITY OF CG2A00000353 5.5% 099OTAP240260001","0990005240570001","511800101","XAF",,24863,26-FEB-24,"D","BINEID00087","MBATOHID0012","TXN_AMT",26-FEB-24,"","0005","CREANCES RATTACHEES - MANUELLES","DE",""
"Allowance on accruals income for 511800101 requested by CAC awaiting investigation","099001h240600001","511800101","XAF",,17056921,29-FEB-24,"C","YANICKID0057","IHOYID000023","TXN_AMT",29-FEB-24,"","001h","CREANCES RATTACHEES - MANUELLES","DE",""
"interest income on   PURCHASE CG2A00000478  AT 5.4% 500 000 000 099OTAP240640001","0990001240640001","511800101","XAF",,73770,04-MAR-24,"D","BINEID00087","MBATOHID0012","TXN_AMT",04-MAR-24,"","0001","CREANCES RATTACHEES - MANUELLES","DE",""
"interest income on   PURCHASE CG2A00000411  AT 5.50% 2 500 000 000 099OTAP240640002","0990004240640001","511800101","XAF",,94672131,04-MAR-24,"D","BINEID00087","MBATOHID0012","TXN_AMT",04-MAR-24,"","0004","CREANCES RATTACHEES - MANUELLES","DE",""
"interest income on   PURCHASE CM2B00000061  AT 5.50% 5 000 000 000 099OTAP240640003","0990005240640001","511800101","XAF",,255464481,04-MAR-24,"D","BINEID00087","MBATOHID0012","TXN_AMT",04-MAR-24,"","0005","CREANCES RATTACHEES - MANUELLES","DE",""
"interest income on   PURCHASE CM2L00000044 AT 6% 965 840 000 099OTAP240640004","0990007240640001","511800101","XAF",,16466780,04-MAR-24,"D","BINEID00087","MBATOHID0012","TXN_AMT",04-MAR-24,"","0007","CREANCES RATTACHEES - MANUELLES","DE",""
"interest income on   PURCHASE  CM2B00000111  AT 5.5% 1 084 160 000 099OTAP240640008","099000b240640001","511800101","XAF",,28348118,04-MAR-24,"D","ELANGUEID060","MBATOHID0012","TXN_AMT",04-MAR-24,"","000b","CREANCES RATTACHEES - MANUELLES","DE",""
"interest income on   PURCHASE  CM2100000036  AT 5.9%  9 000 000 000 099OTAP240640010		","099000k240640001","511800101","XAF",,139278689,04-MAR-24,"D","ELANGUEID060","MBATOHID0012","TXN_AMT",04-MAR-24,"","000k","CREANCES RATTACHEES - MANUELLES","DE",""
"interest income on   PURCHASE  CM2A00000112  AT 6%  5 000 000 000 099OTAP240640014","099000m240640001","511800101","XAF",,1639344,04-MAR-24,"D","ELANGUEID060","MBATOHID0012","TXN_AMT",04-MAR-24,"","000m","CREANCES RATTACHEES - MANUELLES","DE",""
"interest income on   PURCHASE  CM2B00000095  AT 5.5%  1 000 000 000 099OTAP240640016","099000p240640001","511800101","XAF",,53797814,04-MAR-24,"D","ELANGUEID060","MBATOHID0012","TXN_AMT",04-MAR-24,"","000p","CREANCES RATTACHEES - MANUELLES","DE",""
"Interest income on the period  SALES security GA2J00000333 2.500.000.000  5.5 % 099OTAP240510004","0990000240650001","511800101","XAF",,30430328,05-MAR-24,"C","BINEID00087","MBATOHID0012","TXN_AMT",05-MAR-24,"","0000","CREANCES RATTACHEES - MANUELLES","DE",""
"interest income on   PURCHASE GA2J00000333  AT 5.5% 2 500 000 000 099OTAP240650001","0990002240650001","511800101","XAF",,34187158,05-MAR-24,"D","BINEID00087","MBATOHID0012","TXN_AMT",05-MAR-24,"","0002","CREANCES RATTACHEES - MANUELLES","DE",""
"Interest income on the period  SALES security GA2K00000090 2.500.000.000  6.25 % 099OTAP240510006","0990003240650001","511800101","XAF",,34579918,05-MAR-24,"C","BINEID00087","MBATOHID0012","TXN_AMT",05-MAR-24,"","0003","CREANCES RATTACHEES - MANUELLES","DE",""
"interest income on   PURCHASE GA2K00000090  AT 6.25% 2 500 000 000 099OTAP240650002","0990004240650001","511800101","XAF",,38849044,05-MAR-24,"D","BINEID00087","MBATOHID0012","TXN_AMT",05-MAR-24,"","0004","CREANCES RATTACHEES - MANUELLES","DE",""
"Interest income on the period  SALES security CG2A00000411 2.500.000.000  5.5 % 099OTAP240640002","0990008240650001","511800101","XAF",,94672131,05-MAR-24,"C","BINEID00087","MBATOHID0012","TXN_AMT",05-MAR-24,"","0008","CREANCES RATTACHEES - MANUELLES","DE",""
"Interest income on the period  SALES security CM2B00000061 5.000.000.000  5.5 % 099OTAP240640003","0990009240650001","511800101","XAF",,255464481,05-MAR-24,"C","BINEID00087","MBATOHID0012","TXN_AMT",05-MAR-24,"","0009","CREANCES RATTACHEES - MANUELLES","DE",""
"Interest income on the period  SALES security CM2B00000095 1 000 000 000  5.5% 099OTAP240320004","099000b240650001","511800101","XAF",,49439891,05-MAR-24,"C","BINEID00087","MBATOHID0012","TXN_AMT",05-MAR-24,"","000b","CREANCES RATTACHEES - MANUELLES","DE",""
"Interest income on the period  SALES security CM2B00000087 500.000.000  5.5 % 099OTAP232150003","099000i240650001","511800101","XAF",,22979452,05-MAR-24,"C","BINEID00087","MBATOHID0012","TXN_AMT",05-MAR-24,"","000i","CREANCES RATTACHEES - MANUELLES","DE",""
"interest income on   PURCHASE CG2A00000478  AT 5.4% 2 500 000 000 099OTAP240650004","099000p240650001","511800101","XAF",,368852,05-MAR-24,"D","BINEID00087","MBATOHID0012","TXN_AMT",05-MAR-24,"","000p","CREANCES RATTACHEES - MANUELLES","DE",""
"Interest income on the period  SALES security CM2L00000036 9.000.000.000  5.9 % 099OTAP240320006","099000s240650001","511800101","XAF",,97204918,05-MAR-24,"C","BINEID00087","MBATOHID0012","TXN_AMT",05-MAR-24,"","000s","CREANCES RATTACHEES - MANUELLES","DE",""
"Interest income on the period  SALES security CM2L00000028  350 000 000 000 6 % 099OTAP232560006","0990001240660001","511800101","XAF",,4934426,06-MAR-24,"C","BINEID00087","MBATOHID0012","TXN_AMT",06-MAR-24,"","0001","CREANCES RATTACHEES - MANUELLES","DE",""
"Interest income on the period  SALES security CM2L00000028  1 200 000 000 000 6 % 099OTAP232570002","0990001240660001","511800101","XAF",,17311475,06-MAR-24,"C","BINEID00087","MBATOHID0012","TXN_AMT",06-MAR-24,"","0001","CREANCES RATTACHEES - MANUELLES","DE",""
"interest income on   PURCHASE  CM2L00000028  AT 6% 1 550 000 000 099OTAP240670001","0990000240670001","511800101","XAF",,66065574,07-MAR-24,"D","BINEID00087","MBATOHID0012","TXN_AMT",07-MAR-24,"","0000","CREANCES RATTACHEES - MANUELLES","DE",""
"interest income on   PURCHASE CM2B00000087  AT 5.5%  500 000 000 099OTAP240670002 ","0990001240670001","511800101","XAF",,11646175,07-MAR-24,"D","BINEID00087","MBATOHID0012","TXN_AMT",07-MAR-24,"","0001","CREANCES RATTACHEES - MANUELLES","DE",""
"Interest income on the period  SALES security CM2B00000095  2 000 000 000 5.5 % 099OTAP240510003","0990003240670001","511800101","XAF",,104289617,07-MAR-24,"C","BINEID00087","MBATOHID0012","TXN_AMT",07-MAR-24,"","0003","CREANCES RATTACHEES - MANUELLES","DE",""
"Interest income on the period  SALES security CG2J00000248  4 000 000 000 6 % 099OTAP240510007","0990004240670001","511800101","XAF",,213114754,07-MAR-24,"C","BINEID00087","MBATOHID0012","TXN_AMT",07-MAR-24,"","0004","CREANCES RATTACHEES - MANUELLES","DE",""
"Interest income on the period  SALES security CM2B00000111  1 084 160 000 5.5 % 099OTAP240640008","0990005240670001","511800101","XAF",,28348118,07-MAR-24,"C","BINEID00087","MBATOHID0012","TXN_AMT",07-MAR-24,"","0005","CREANCES RATTACHEES - MANUELLES","DE",""
"Interest income on the period  SALES security CM2L00000044  965.840.000 6 % 099OTAP240640004","0990006240670001","511800101","XAF",,16466780,07-MAR-24,"C","BINEID00087","MBATOHID0012","TXN_AMT",07-MAR-24,"","0006","CREANCES RATTACHEES - MANUELLES","DE",""
"Interest income on the period  SALES security CG2J00000503 1 931 030 000 5.9% 099OTAP240380001","099000g240680001","511800101","XAF",,2179004,08-MAR-24,"C","BINEID00087","MBATOHID0012","TXN_AMT",08-MAR-24,"","000g","CREANCES RATTACHEES - MANUELLES","DE",""
"REVERSAL interest income on the period  SALES security CM2L00000036 5 000 000 0005.90 % 099OTAP233420001","099000r240710001","511800101","XAF",,80000000,11-MAR-24,"D","BINEID00087","MBATOHID0012","TXN_AMT",11-MAR-24,"","000r","CREANCES RATTACHEES - MANUELLES","DE",""
"interest income on PURCHASE PURCHASE CG2A00000270 AT 5.% AT 99.24483785% DISCOUNT 2 000 000 000","099000r240710001","511800101","XAF",,80000000,11-MAR-24,"C","BINEID00087","MBATOHID0012","TXN_AMT",11-MAR-24,"","000r","CREANCES RATTACHEES - MANUELLES","DE",""
"Liquidation of the Accrued interest of SALE of the security GQ2J00000024  7%  099OTAP233140002","0990000240750001","511800101","XAF",,11698630,15-MAR-24,"C","BINEID00087","MBATOHID0012","TXN_AMT",15-MAR-24,"","0000","CREANCES RATTACHEES - MANUELLES","DE",""
"Accrued interest SALE of the security GQ2J00000024  7%  099OTAP233140002","0990000240750001","511800101","XAF",,22432667,15-MAR-24,"D","BINEID00087","MBATOHID0012","TXN_AMT",15-MAR-24,"","0000","CREANCES RATTACHEES - MANUELLES","DE",""
"Interest income on the period  SALES security CM2B00000095 1 000 000 000 5.50 % 099OTAP240640016","0990004240780001","511800101","XAF",,53797814,18-MAR-24,"C","BINEID00087","MBATOHID0012","TXN_AMT",18-MAR-24,"","0004","CREANCES RATTACHEES - MANUELLES","DE",""
"Interest income on the period  SALES security GA2K00000090 TO BICIG 2 500 000 000 6.25 % 099OTAP240650001","0990005240780001","511800101","XAF",,38849044,18-MAR-24,"C","BINEID00087","MBATOHID0012","TXN_AMT",18-MAR-24,"","0005","CREANCES RATTACHEES - MANUELLES","DE",""
"Interest income on the period  SALES security GA2J00000333  2 500 000 0005.50 % 099OTAP240650001","0990006240780001","511800101","XAF",,34187158,18-MAR-24,"C","BINEID00087","MBATOHID0012","TXN_AMT",18-MAR-24,"","0006","CREANCES RATTACHEES - MANUELLES","DE",""
"Interest income on the period  SALES security BANQUE ATLANTIQUE CM2L00000036 9 000 000 000  5.90 % 099OTAP2406400100","0990007240780001","511800101","XAF",,139278689,18-MAR-24,"C","BINEID00087","MBATOHID0012","TXN_AMT",18-MAR-24,"","0007","CREANCES RATTACHEES - MANUELLES","DE",""
"interest income on   PURCHASE  TO BACM CM2L00000036  AT 5.9% 8 000 000 000 099OTAP240790002","099000z240790001","511800101","XAF",,147016393,19-MAR-24,"D","BINEID00087","MBATOHID0012","TXN_AMT",19-MAR-24,"","000z","CREANCES RATTACHEES - MANUELLES","DE",""
"COUPON COURU  SALE of the security GA2J00000267 5.25% 099OTAP233000001 982 000 000XAF","0990008240870001","511800101","XAF",,45920574,27-MAR-24,"C","BINEID00087","MBATOHID0012","TXN_AMT",27-MAR-24,"","0008","CREANCES RATTACHEES - MANUELLES","DE",""
"INTEREST SECURITY  CM2B00000103 1.000.000XAF AT 5.25%  099OTAP232570009","099000g240870001","511800101","XAF",,26106557,27-MAR-24,"C","BINEID00087","NKEID000039","TXN_AMT",27-MAR-24,"","000g","CREANCES RATTACHEES - MANUELLES","DE",""
"Interest income on the period  SALES security CM2L00000036 8 000 000 000 5.90 % 099OTAP240790002 to BACM AT 100.0125%","099000x240880001","511800101","XAF",,147016393,28-MAR-24,"C","BINEID00087","MBATOHID0012","TXN_AMT",28-MAR-24,"","000x","CREANCES RATTACHEES - MANUELLES","DE",""
"Rename of 511800101 ref 099000u232890001 Good Contract ref 099OTAP233620001 REGUL INTEREST ISIN CM2B00000087 500 000 000  AT 55pct099OTAP222450009","099001i240880057","511800101","XAF",,2335616,28-MAR-24,"D","BINEID00087","MBATOHID0012","TXN_AMT",28-MAR-24,"","001i","CREANCES RATTACHEES - MANUELLES","DE","29"
"Rename of 511800101 ref 099000z233630001 Good Contract ref 099OTAP233630005 interest income on   PURCHASE  CM2L00000044  AT 6pct 250 000 000 099OTAP233630005","099001i240880055","511800101","XAF",,1762295,28-MAR-24,"C","BINEID00087","MBATOHID0012","TXN_AMT",28-MAR-24,"","001i","CREANCES RATTACHEES - MANUELLES","DE","28"
"Rename of 511800101 ref 099000u232890001 Good Contract ref 099OTAP233620001 REGUL INTEREST ISIN CM2B00000087 500 000 000  AT 55pct099OTAP222450009","099001i240880059","511800101","XAF",,2335616,28-MAR-24,"C","BINEID00087","MBATOHID0012","TXN_AMT",28-MAR-24,"","001i","CREANCES RATTACHEES - MANUELLES","DE","30"
"Rename of 511800101 ref 099000j232470001 Good Contract ref 099OTAP232470001 interest income on  PURCHASE  CM2B00000020 AT 56 pct  200 000 000","099001i240880061","511800101","XAF",,2424110,28-MAR-24,"D","BINEID00087","MBATOHID0012","TXN_AMT",28-MAR-24,"","001i","CREANCES RATTACHEES - MANUELLES","DE","31"
"Rename of 511800101 ref 099000j232470001 Good Contract ref 099OTAP232470001 interest income on  PURCHASE  CM2B00000020 AT 56 pct  200 000 000","099001i240880063","511800101","XAF",,2424110,28-MAR-24,"C","BINEID00087","MBATOHID0012","TXN_AMT",28-MAR-24,"","001i","CREANCES RATTACHEES - MANUELLES","DE","32"
"Rename of 511800101 ref 099000p231010001 Good Contract ref 099OTAP231010001 interest income on  PURCHASE  CG2J00000321 AT 575 pct 250 000 000","099001i240880065","511800101","XAF",,2914384,28-MAR-24,"D","BINEID00087","MBATOHID0012","TXN_AMT",28-MAR-24,"","001i","CREANCES RATTACHEES - MANUELLES","DE","33"
"Rename of 511800101 ref 099000p231010001 Good Contract ref 099OTAP231010001 interest income on  PURCHASE  CG2J00000321 AT 575 pct 250 000 000","099001i240880067","511800101","XAF",,2914384,28-MAR-24,"C","BINEID00087","MBATOHID0012","TXN_AMT",28-MAR-24,"","001i","CREANCES RATTACHEES - MANUELLES","DE","34"
"Rename of 511800101 ref 099001b232850001 Good Contract ref 099OTAP233620001 REGUL INTEREST ISIN CM2B00000087  1 500 000 000 AT 55pct 099OTAP232470006","099001i240880069","511800101","XAF",,3164384,28-MAR-24,"D","BINEID00087","MBATOHID0012","TXN_AMT",28-MAR-24,"","001i","CREANCES RATTACHEES - MANUELLES","DE","35"
"Rename of 511800101 ref 099000g232970001 Good Contract ref 099OTAP233620001 REGUL INTEREST ISIN CM2B00000020  099OTAP232540001 51 100 000MN","099001i240880001","511800101","XAF",,80563,28-MAR-24,"D","BINEID00087","MBATOHID0012","TXN_AMT",28-MAR-24,"","001i","CREANCES RATTACHEES - MANUELLES","DE","1"
"Rename of 511800101 ref 099000g232970001 Good Contract ref 099OTAP233620001 REGUL INTEREST ISIN CM2B00000020  099OTAP232540001 51 100 000MN","099001i240880003","511800101","XAF",,80563,28-MAR-24,"C","BINEID00087","MBATOHID0012","TXN_AMT",28-MAR-24,"","001i","CREANCES RATTACHEES - MANUELLES","DE","2"
"Rename of 511800101 ref 099000g233350001 Good Contract ref 099OTAP233350001 Accrued interest PURCHASE   security GA2J00000226  5 000 000  525pct 099OTAP230760001","099001i240880005","511800101","XAF",,265089,28-MAR-24,"D","BINEID00087","MBATOHID0012","TXN_AMT",28-MAR-24,"","001i","CREANCES RATTACHEES - MANUELLES","DE","3"
"Rename of 511800101 ref 099000g233350001 Good Contract ref 099OTAP233350001 Accrued interest PURCHASE   security GA2J00000226  5 000 000  525pct 099OTAP230760001","099001i240880007","511800101","XAF",,265089,28-MAR-24,"C","BINEID00087","MBATOHID0012","TXN_AMT",28-MAR-24,"","001i","CREANCES RATTACHEES - MANUELLES","DE","4"
"Rename of 511800101 ref 099000x232970001 Good Contract ref 099OTAP233620001   INTEREST  INCOME ON THE CM2B00000020 099OTAP2301000002 200MN 26/06/2023","099001i240880009","511800101","XAF",,368219,28-MAR-24,"D","BINEID00087","MBATOHID0012","TXN_AMT",28-MAR-24,"","001i","CREANCES RATTACHEES - MANUELLES","DE","5"
"Rename of 511800101 ref 099000t231770001 Good Contract ref 099OTAP233620001 ACCRUED INTEREST AT SALES CM2B0000020 200M","099001i240880010","511800101","XAF",,368219,28-MAR-24,"C","BINEID00087","MBATOHID0012","TXN_AMT",28-MAR-24,"","001i","CREANCES RATTACHEES - MANUELLES","DE","5"
"Rename of 511800101 ref 099000x232970001 Good Contract ref 099OTAP233620001   INTEREST  INCOME ON THE CM2B00000020 099OTAP2301000002 200MN 26/06/2023","099001i240880013","511800101","XAF",,368219,28-MAR-24,"C","BINEID00087","MBATOHID0012","TXN_AMT",28-MAR-24,"","001i","CREANCES RATTACHEES - MANUELLES","DE","7"
"Rename of 511800101 ref 099000t231770001 Good Contract ref 099OTAP233620001 ACCRUED INTEREST AT SALES CM2B0000020 200M","099001i240880014","511800101","XAF",,368219,28-MAR-24,"D","BINEID00087","MBATOHID0012","TXN_AMT",28-MAR-24,"","001i","CREANCES RATTACHEES - MANUELLES","DE","7"
"Rename of 511800101 ref 0990012233350001 Good Contract ref 099OTAP223340002 ANNUAL INTEREST INCOME OF XAF GA2B00000125 RECIEVED 099OTAP223340002","099001i240880017","511800101","XAF",,712329,28-MAR-24,"C","BINEID00087","MBATOHID0012","TXN_AMT",28-MAR-24,"","001i","CREANCES RATTACHEES - MANUELLES","DE","9"
"Rename of 511800101 ref 0990012233350001 Good Contract ref 099OTAP223340002 ANNUAL INTEREST INCOME OF XAF GA2B00000125 RECIEVED 099OTAP223340002","099001i240880019","511800101","XAF",,712329,28-MAR-24,"D","BINEID00087","MBATOHID0012","TXN_AMT",28-MAR-24,"","001i","CREANCES RATTACHEES - MANUELLES","DE","10"
"Rename of 511800101 ref 099000g232970001 Good Contract ref 099OTAP232540001 REGUL INTEREST ISIN CM2B00000020  099OTAP232540001 51 100 000MN","099001i240880021","511800101","XAF",,738724,28-MAR-24,"D","BINEID00087","MBATOHID0012","TXN_AMT",28-MAR-24,"","001i","CREANCES RATTACHEES - MANUELLES","DE","11"
"Rename of 511800101 ref 099000g232970001 Good Contract ref 099OTAP232540001 REGUL INTEREST ISIN CM2B00000020  099OTAP232540001 51 100 000MN","099001i240880023","511800101","XAF",,738724,28-MAR-24,"C","BINEID00087","MBATOHID0012","TXN_AMT",28-MAR-24,"","001i","CREANCES RATTACHEES - MANUELLES","DE","12"
"Rename of 511800101 ref 099000g232970001 Good Contract ref 099OTAP233620001 REGUL INTEREST ISIN CM2B00000020  099OTAP232490002 60MN","099001i240880025","511800101","XAF",,764055,28-MAR-24,"C","BINEID00087","MBATOHID0012","TXN_AMT",28-MAR-24,"","001i","CREANCES RATTACHEES - MANUELLES","DE","13"
"""Rename of 511800101 ref 099000f232490001 Good Contract ref 099OTAP233620001 interets income on CM2B00000020 AT 100pct 60000000		""","099001i240880026","511800101","XAF",,764055,28-MAR-24,"D","BINEID00087","MBATOHID0012","TXN_AMT",28-MAR-24,"","001i","CREANCES RATTACHEES - MANUELLES","DE","13"
"Rename of 511800101 ref 0990005231800001 Good Contract ref 099OTAP233620001 REVERSAL ACCRUED INTEREST AT SALES CM2B0000020 800M","099001i240880049","511800101","XAF",,1472887,28-MAR-24,"C","BINEID00087","MBATOHID0012","TXN_AMT",28-MAR-24,"","001i","CREANCES RATTACHEES - MANUELLES","DE","25"
"Rename of 511800101 ref 099000g232970001 Good Contract ref 099OTAP233620001 REGUL INTEREST ISIN CM2B00000020  099OTAP232490002 60MN","099001i240880029","511800101","XAF",,764055,28-MAR-24,"D","BINEID00087","MBATOHID0012","TXN_AMT",28-MAR-24,"","001i","CREANCES RATTACHEES - MANUELLES","DE","15"
"Rename of 511800101 ref 099000t231770001 Good Contract ref 099OTAP233620001 ACCRUED INTEREST AT SALES CM2B0000020 800M","099001i240880050","511800101","XAF",,1472887,28-MAR-24,"D","BINEID00087","MBATOHID0012","TXN_AMT",28-MAR-24,"","001i","CREANCES RATTACHEES - MANUELLES","DE","25"
"Rename of 511800101 ref 099000z233630001 Good Contract ref 099OTAP233630005 interest income on   PURCHASE  CM2L00000044  AT 6pct 250 000 000 099OTAP233630005","099001i240880053","511800101","XAF",,1762295,28-MAR-24,"D","BINEID00087","MBATOHID0012","TXN_AMT",28-MAR-24,"","001i","CREANCES RATTACHEES - MANUELLES","DE","27"
"""Rename of 511800101 ref 099000f232490001 Good Contract ref 099OTAP233620001 interets income on CM2B00000020 AT 100pct 60000000		""","099001i240880030","511800101","XAF",,764055,28-MAR-24,"C","BINEID00087","MBATOHID0012","TXN_AMT",28-MAR-24,"","001i","CREANCES RATTACHEES - MANUELLES","DE","15"
"Rename of 511800101 ref 099001c233530001 Good Contract ref 099OTAP233530001 Accrued interest PURCAHSE  of the security GA2K00000058  930  000 000  AT 575 pct 099OTAP233530001","099001i240880033","511800101","XAF",,1318562,28-MAR-24,"D","BINEID00087","MBATOHID0012","TXN_AMT",28-MAR-24,"","001i","CREANCES RATTACHEES - MANUELLES","DE","17"
"Rename of 511800101 ref 099001c233530001 Good Contract ref 099OTAP233530001 Accrued interest PURCAHSE  of the security GA2K00000058  930  000 000  AT 575 pct 099OTAP233530001","099001i240880035","511800101","XAF",,1318562,28-MAR-24,"C","BINEID00087","MBATOHID0012","TXN_AMT",28-MAR-24,"","001i","CREANCES RATTACHEES - MANUELLES","DE","18"
"Rename of 511800101 ref 099000x232970001 Good Contract ref 099OTAP233620001 I INCOME  NTEREST ON THE CM2B00000020 099OTAP230160001 800MN 26/06/2023","099001i240880037","511800101","XAF",,1472877,28-MAR-24,"D","BINEID00087","MBATOHID0012","TXN_AMT",28-MAR-24,"","001i","CREANCES RATTACHEES - MANUELLES","DE","19"
"Rename of 511800101 ref 0990005231800001 Good Contract ref 099OTAP233620001  ACCRUED INTEREST AT SALES CM2B0000020 800M","099001i240880038","511800101","XAF",,1472877,28-MAR-24,"C","BINEID00087","MBATOHID0012","TXN_AMT",28-MAR-24,"","001i","CREANCES RATTACHEES - MANUELLES","DE","19"
"Rename of 511800101 ref 099000x232970001 Good Contract ref 099OTAP233620001 I INCOME  NTEREST ON THE CM2B00000020 099OTAP230160001 800MN 26/06/2023","099001i240880041","511800101","XAF",,1472877,28-MAR-24,"C","BINEID00087","MBATOHID0012","TXN_AMT",28-MAR-24,"","001i","CREANCES RATTACHEES - MANUELLES","DE","21"
"Rename of 511800101 ref 0990005231800001 Good Contract ref 099OTAP233620001  ACCRUED INTEREST AT SALES CM2B0000020 800M","099001i240880042","511800101","XAF",,1472877,28-MAR-24,"D","BINEID00087","MBATOHID0012","TXN_AMT",28-MAR-24,"","001i","CREANCES RATTACHEES - MANUELLES","DE","21"
"Rename of 511800101 ref 0990005231800001 Good Contract ref 099OTAP233620001 REVERSAL ACCRUED INTEREST AT SALES CM2B0000020 800M","099001i240880045","511800101","XAF",,1472887,28-MAR-24,"D","BINEID00087","MBATOHID0012","TXN_AMT",28-MAR-24,"","001i","CREANCES RATTACHEES - MANUELLES","DE","23"
"Rename of 511800101 ref 099000t231770001 Good Contract ref 099OTAP233620001 ACCRUED INTEREST AT SALES CM2B0000020 800M","099001i240880046","511800101","XAF",,1472887,28-MAR-24,"C","BINEID00087","MBATOHID0012","TXN_AMT",28-MAR-24,"","001i","CREANCES RATTACHEES - MANUELLES","DE","23"
"REGUL INTEREST ISIN CM2B00000087  2 000 000 000 AT 55pct 099OTAP232560002","099001t240880003","511800101","XAF",,4219178,28-MAR-24,"D","BINEID00087","MBATOHID0012","TXN_AMT",28-MAR-24,"","001t","CREANCES RATTACHEES - MANUELLES","DE","39"
"REGUL INTEREST ISIN CM2B00000087  1 500 000 000 AT 55pct 099OTAP232470006","099001t240880001","511800101","XAF",,3164384,28-MAR-24,"C","BINEID00087","MBATOHID0012","TXN_AMT",28-MAR-24,"","001t","CREANCES RATTACHEES - MANUELLES","DE","36"
"INTEREST AT ANNIVERSARY 01 OCT 2023 ISIN CM2B00000087 500 000 000 AT 55pct 099OTAP232150003","099001t240880011","511800101","XAF",,4520548,28-MAR-24,"D","BINEID00087","MBATOHID0012","TXN_AMT",28-MAR-24,"","001t","CREANCES RATTACHEES - MANUELLES","DE","43"
"REGUL INTEREST ISIN CM2B00000087  2 000 000 000 AT 55pct 099OTAP232400002","099001t240880009","511800101","XAF",,4219178,28-MAR-24,"C","BINEID00087","MBATOHID0012","TXN_AMT",28-MAR-24,"","001t","CREANCES RATTACHEES - MANUELLES","DE","42"
"REGUL INTEREST ISIN CM2B00000087  2 000 000 000 AT 55pct 099OTAP232560002","099001t240880007","511800101","XAF",,4219178,28-MAR-24,"C","BINEID00087","MBATOHID0012","TXN_AMT",28-MAR-24,"","001t","CREANCES RATTACHEES - MANUELLES","DE","41"
"REGUL INTEREST ISIN CM2B00000087  2 000 000 000 AT 55pct 099OTAP232400002","099001t240880005","511800101","XAF",,4219178,28-MAR-24,"D","BINEID00087","MBATOHID0012","TXN_AMT",28-MAR-24,"","001t","CREANCES RATTACHEES - MANUELLES","DE","40"
"interest income on   PURCHASE  CQ2J00000024AT 7pct  099OTAP233140001 ref 099OTAP233140002","099001u240880055","511800101","XAF",,11698630,28-MAR-24,"D","BINEID00087","MBATOHID0012","TXN_AMT",28-MAR-24,"","001u","CREANCES RATTACHEES - MANUELLES","DE","71"
"interest income on   PURCHASE  CQ2J00000024AT 7pct  099OTAP233140001  ref 099OTAP233140002","099001u240880057","511800101","XAF",,11698630,28-MAR-24,"C","BINEID00087","MBATOHID0012","TXN_AMT",28-MAR-24,"","001u","CREANCES RATTACHEES - MANUELLES","DE","72"
"REGUL INTEREST ISIN CM2B00000020 099OTAP231980001 1BN WITH 38 985 DIFF DUE TO LEAP YEAR","099001u240880059","511800101","XAF",,14229508,28-MAR-24,"D","BINEID00087","MBATOHID0012","TXN_AMT",28-MAR-24,"","001u","CREANCES RATTACHEES - MANUELLES","DE","73"
"REGUL INTEREST ISIN CM2B00000020 099OTAP231980001 1BN WITH 38 985 DIFF DUE TO LEAP YEAR","099001u240880061","511800101","XAF",,14229508,28-MAR-24,"C","BINEID00087","MBATOHID0012","TXN_AMT",28-MAR-24,"","001u","CREANCES RATTACHEES - MANUELLES","DE","74"
"interest income on  PURCHAS EGQ2J00000024AT 7pct    500 000 000 099OTAP233600002 ref 099OTAP233600002","099001u240880063","511800101","XAF",,15778689,28-MAR-24,"D","BINEID00087","MBATOHID0012","TXN_AMT",28-MAR-24,"","001u","CREANCES RATTACHEES - MANUELLES","DE","75"
"INTEREST AT ANNIVERSARY 01 OCT 2023 ISIN CM2B00000087 500 000 000 AT 55pct 099OTAP232150003","099001u240880001","511800101","XAF",,4520548,28-MAR-24,"C","BINEID00087","MBATOHID0012","TXN_AMT",28-MAR-24,"","001u","CREANCES RATTACHEES - MANUELLES","DE","44"
"REGUL INTEREST ISIN CM2B00000020 099OTAP231980001 1BN","099001u240880003","511800101","XAF",,4602740,28-MAR-24,"C","BINEID00087","MBATOHID0012","TXN_AMT",28-MAR-24,"","001u","CREANCES RATTACHEES - MANUELLES","DE","45"
"REGUL INTEREST ISIN CM2B00000020 1BN  099OTAP231980001","099001u240880004","511800101","XAF",,4602740,28-MAR-24,"D","BINEID00087","MBATOHID0012","TXN_AMT",28-MAR-24,"","001u","CREANCES RATTACHEES - MANUELLES","DE","45"
"REGUL INTEREST ISIN CM2B00000020 099OTAP231980001 1BN","099001u240880007","511800101","XAF",,4602740,28-MAR-24,"D","BINEID00087","MBATOHID0012","TXN_AMT",28-MAR-24,"","001u","CREANCES RATTACHEES - MANUELLES","DE","47"
"REGUL INTEREST ISIN CM2B00000020 1BN  099OTAP231980001","099001u240880008","511800101","XAF",,4602740,28-MAR-24,"C","BINEID00087","MBATOHID0012","TXN_AMT",28-MAR-24,"","001u","CREANCES RATTACHEES - MANUELLES","DE","47"
"interest income on   PURCHASE  CM2L00000028  AT 6 pct  350 000 000","099001u240880011","511800101","XAF",,4934426,28-MAR-24,"D","BINEID00087","MBATOHID0012","TXN_AMT",28-MAR-24,"","001u","CREANCES RATTACHEES - MANUELLES","DE","49"
"interest income on   PURCHASE  CM2L00000028  AT 6 pct  350 000 000","099001u240880013","511800101","XAF",,4934426,28-MAR-24,"C","BINEID00087","MBATOHID0012","TXN_AMT",28-MAR-24,"","001u","CREANCES RATTACHEES - MANUELLES","DE","50"
"REGUL INTERET COUPON RECEIVED ISIN CM2B00000020 1 BN","099001u240880015","511800101","XAF",,5983562,28-MAR-24,"D","BINEID00087","MBATOHID0012","TXN_AMT",28-MAR-24,"","001u","CREANCES RATTACHEES - MANUELLES","DE","51"
"REGUL INTERET COUPON RECEIVED ISIN CM2B00000020 1 BN","099001u240880017","511800101","XAF",,5983562,28-MAR-24,"C","BINEID00087","MBATOHID0012","TXN_AMT",28-MAR-24,"","001u","CREANCES RATTACHEES - MANUELLES","DE","52"
"interest income on  PURCHASE    CQ2K00000039 AT 100pct","099001u240880019","511800101","XAF",,6827869,28-MAR-24,"D","BINEID00087","MBATOHID0012","TXN_AMT",28-MAR-24,"","001u","CREANCES RATTACHEES - MANUELLES","DE","53"
"interest income on  PURCHASE    CQ2K00000039 AT 100pct","099001u240880021","511800101","XAF",,6827869,28-MAR-24,"C","BINEID00087","MBATOHID0012","TXN_AMT",28-MAR-24,"","001u","CREANCES RATTACHEES - MANUELLES","DE","54"
"REGUL INTEREST ISIN CM2B00000087  3 500 000 000 AT 55pct 099OTAP232290001","099001u240880023","511800101","XAF",,7383561,28-MAR-24,"D","BINEID00087","MBATOHID0012","TXN_AMT",28-MAR-24,"","001u","CREANCES RATTACHEES - MANUELLES","DE","55"
"REGUL INTEREST ISIN CM2B00000087  3 500 000 000 AT 55pct 099OTAP232290001","099001u240880025","511800101","XAF",,7383561,28-MAR-24,"C","BINEID00087","MBATOHID0012","TXN_AMT",28-MAR-24,"","001u","CREANCES RATTACHEES - MANUELLES","DE","56"
"REGUL INTEREST ISIN CM2B00000087  3 500 000 000 AT 55pct 099OTAP232160003","099001u240880027","511800101","XAF",,7383562,28-MAR-24,"D","BINEID00087","MBATOHID0012","TXN_AMT",28-MAR-24,"","001u","CREANCES RATTACHEES - MANUELLES","DE","57"
"interest income on  PURCHAS EGQ2J00000024AT 7pct    500 000 000 099OTAP233600002 ref 099OTAP233600002","099001u240880065","511800101","XAF",,15778689,28-MAR-24,"C","BINEID00087","MBATOHID0012","TXN_AMT",28-MAR-24,"","001u","CREANCES RATTACHEES - MANUELLES","DE","76"
"REGUL INTEREST ISIN CG2A00000254 099OTAP232020001 526 050 000MN ref 099OTAP233620001","099001u240880067","511800101","XAF",,16484633,28-MAR-24,"C","BINEID00087","MBATOHID0012","TXN_AMT",28-MAR-24,"","001u","CREANCES RATTACHEES - MANUELLES","DE","79"
"REGUL INTEREST ISIN CG2A00000254 099OTAP232020001 526 050 000MN ref 099OTAP233620001","099001u240880069","511800101","XAF",,16484633,28-MAR-24,"D","BINEID00087","MBATOHID0012","TXN_AMT",28-MAR-24,"","001u","CREANCES RATTACHEES - MANUELLES","DE","80"
"interest income on    PURCHASE  CM2L00000028 AT 6 pct 1 2000 000 000ref 099OTAP232570002","099001u240880071","511800101","XAF",,17311475,28-MAR-24,"D","BINEID00087","MBATOHID0012","TXN_AMT",28-MAR-24,"","001u","CREANCES RATTACHEES - MANUELLES","DE","81"
"interest income on    PURCHASE  CM2L00000028 AT 6 pct 1 2000 000 000 ref 099OTAP232570002","099001u240880073","511800101","XAF",,17311475,28-MAR-24,"C","BINEID00087","MBATOHID0012","TXN_AMT",28-MAR-24,"","001u","CREANCES RATTACHEES - MANUELLES","DE","82"
"PURCHASE CM2B00000087  AT 55 pct 5 000 000 000 099OTAP233030008 ref 099OTAP233620001","099001u240880075","511800101","XAF",,18835616,28-MAR-24,"D","BINEID00087","MBATOHID0012","TXN_AMT",28-MAR-24,"","001u","CREANCES RATTACHEES - MANUELLES","DE","83"
"REGUL INTEREST ISIN CM2B00000087  3 500 000 000 AT 55pct 099OTAP232160003","099001u240880029","511800101","XAF",,7383562,28-MAR-24,"C","BINEID00087","MBATOHID0012","TXN_AMT",28-MAR-24,"","001u","CREANCES RATTACHEES - MANUELLES","DE","58"
"interest income on  PURCHASE GA2J00000218 AT 525pct 600 000 000 099OTAP233630006","099001u240880031","511800101","XAF",,7659836,28-MAR-24,"D","BINEID00087","MBATOHID0012","TXN_AMT",28-MAR-24,"","001u","CREANCES RATTACHEES - MANUELLES","DE","59"
"interest income on  PURCHASE GA2J00000218 AT 525pct 600 000 000 099OTAP233630006","099001u240880033","511800101","XAF",,7659836,28-MAR-24,"C","BINEID00087","MBATOHID0012","TXN_AMT",28-MAR-24,"","001u","CREANCES RATTACHEES - MANUELLES","DE","60"
"INTEREST INCOME  ON THE CM2B00000020 099OTAP222710004 5 BN 26/06/2023","099001u240880035","511800101","XAF",,9205479,28-MAR-24,"D","BINEID00087","MBATOHID0012","TXN_AMT",28-MAR-24,"","001u","CREANCES RATTACHEES - MANUELLES","DE","61"
"ACCRUED INTEREST AT SALES CM2B0000020 5BN ref 099OTAP233620001","099001u240880036","511800101","XAF",,9205479,28-MAR-24,"C","BINEID00087","MBATOHID0012","TXN_AMT",28-MAR-24,"","001u","CREANCES RATTACHEES - MANUELLES","DE","61"
"INTEREST INCOME  ON THE CM2B00000020 099OTAP222710004 5 BN 26/06/2023","099001u240880039","511800101","XAF",,9205479,28-MAR-24,"C","BINEID00087","MBATOHID0012","TXN_AMT",28-MAR-24,"","001u","CREANCES RATTACHEES - MANUELLES","DE","63"
""" Accrued interest SALE CG2J00000099 217000000 61pct 099OTAP233310001ref 099OTAP233330004		""","099001u240880053","511800101","XAF",,11024789,28-MAR-24,"C","BINEID00087","MBATOHID0012","TXN_AMT",28-MAR-24,"","001u","CREANCES RATTACHEES - MANUELLES","DE","70"
""" Accrued interest SALE CG2J00000099 217000000 61pct 099OTAP233310001 ref 099OTAP233330004		""","099001u240880051","511800101","XAF",,11024789,28-MAR-24,"D","BINEID00087","MBATOHID0012","TXN_AMT",28-MAR-24,"","001u","CREANCES RATTACHEES - MANUELLES","DE","69"
"SALE CM2B00000087 AT 55pct  099OTAP233030008   5 000 000 000ref 099OTAP233620001","099001u240880049","511800101","XAF",,10547945,28-MAR-24,"C","BINEID00087","MBATOHID0012","TXN_AMT",28-MAR-24,"","001u","CREANCES RATTACHEES - MANUELLES","DE","68"
"SALE CM2B00000087 AT 55pct  099OTAP233030008   5 000 000 000ref 099OTAP233620001","099001u240880047","511800101","XAF",,10547945,28-MAR-24,"D","BINEID00087","MBATOHID0012","TXN_AMT",28-MAR-24,"","001u","CREANCES RATTACHEES - MANUELLES","DE","67"
"ACCRUED INTEREST AT SALES CM2B0000020 5BN ref 099OTAP233620001","099001u240880040","511800101","XAF",,9205479,28-MAR-24,"D","BINEID00087","MBATOHID0012","TXN_AMT",28-MAR-24,"","001u","CREANCES RATTACHEES - MANUELLES","DE","63"
"INTEREST ON PURCHASE EOG 6pct NET 2023-2027  1 000 000 000ref 099OTAP230880001","099001u240880043","511800101","XAF",,10191781,28-MAR-24,"D","BINEID00087","MBATOHID0012","TXN_AMT",28-MAR-24,"","001u","CREANCES RATTACHEES - MANUELLES","DE","65"
"INTEREST ON PURCHASE EOG 6pct NET 2023-2027  1 000 000 000ref 099OTAP230880001","099001u240880045","511800101","XAF",,10191781,28-MAR-24,"C","BINEID00087","MBATOHID0012","TXN_AMT",28-MAR-24,"","001u","CREANCES RATTACHEES - MANUELLES","DE","66"
"REGUL INTEREST ISIN CM2B00000020 15BN+DIFFERENCE IN LEAP YEAR ref 099OTAP233620001","099001v240880007","511800101","XAF",,21114754,28-MAR-24,"C","BINEID00087","MBATOHID0012","TXN_AMT",28-MAR-24,"","001v","CREANCES RATTACHEES - MANUELLES","DE","87"
"Interest income of XAF 19 945 205 CM2B00000020 VOLUME XAF 1 000 000 000 ref 099OTAP233620001","099001v240880005","511800101","XAF",,19945205,28-MAR-24,"C","BINEID00087","MBATOHID0012","TXN_AMT",28-MAR-24,"","001v","CREANCES RATTACHEES - MANUELLES","DE","86"
"REGUL INTEREST ISIN CM2B00000020 15BN+DIFFERENCE IN LEAP YEAR ref 099OTAP233620001","099001v240880011","511800101","XAF",,21114754,28-MAR-24,"D","BINEID00087","MBATOHID0012","TXN_AMT",28-MAR-24,"","001v","CREANCES RATTACHEES - MANUELLES","DE","89"
"REGUL INTEREST ISIN CM2B00000020 BOOKING 099OTAP232610001  15BN  ref 099OTAP233620001","099001v240880012","511800101","XAF",,21114754,28-MAR-24,"C","BINEID00087","MBATOHID0012","TXN_AMT",28-MAR-24,"","001v","CREANCES RATTACHEES - MANUELLES","DE","89"
"REGUL  INTEREST ISIN CM2300000020 1 500 000 000 099OTAP232610001  ref 099OTAP233620001","099001v240880015","511800101","XAF",,21172603,28-MAR-24,"C","BINEID00087","MBATOHID0012","TXN_AMT",28-MAR-24,"","001v","CREANCES RATTACHEES - MANUELLES","DE","91"
"REGUL INTERESTISIN CM2B00000020 099OTAP232610001 15 BN  ref 099OTAP233620001","099001v240880016","511800101","XAF",,21172603,28-MAR-24,"D","BINEID00087","MBATOHID0012","TXN_AMT",28-MAR-24,"","001v","CREANCES RATTACHEES - MANUELLES","DE","91"
"ref 099OTAP233620001 REGUL INTEREST ISIN CM2B00000020 6BN SALE OF 5BN 099OTAP231910003","099001v240880017","511800101","XAF",,21172603,28-MAR-24,"C","BINEID00087","MBATOHID0012","TXN_AMT",28-MAR-24,"","001v","CREANCES RATTACHEES - MANUELLES","DE","92"
"ref 099OTAP233620001 interest income on  PURCHASE  CM2B00000020  AT56pct   6BN","099001v240880018","511800101","XAF",,21172603,28-MAR-24,"D","BINEID00087","MBATOHID0012","TXN_AMT",28-MAR-24,"","001v","CREANCES RATTACHEES - MANUELLES","DE","92"
"REGUL  INTEREST ISIN CM2300000020 1 500 000 000 099OTAP232610001 ref 099OTAP233620001","099001v240880023","511800101","XAF",,21172603,28-MAR-24,"D","BINEID00087","MBATOHID0012","TXN_AMT",28-MAR-24,"","001v","CREANCES RATTACHEES - MANUELLES","DE","95"
"REGUL INTERESTISIN CM2B00000020 099OTAP232610001 15 BN ref 099OTAP233620001","099001v240880024","511800101","XAF",,21172603,28-MAR-24,"C","BINEID00087","MBATOHID0012","TXN_AMT",28-MAR-24,"","001v","CREANCES RATTACHEES - MANUELLES","DE","95"
"REGUL INTEREST ISIN CM2B00000020 6BN SALE OF 5BN 099OTAP231910003ref 099OTAP233620001","099001v240880025","511800101","XAF",,21172603,28-MAR-24,"D","BINEID00087","MBATOHID0012","TXN_AMT",28-MAR-24,"","001v","CREANCES RATTACHEES - MANUELLES","DE","96"
"interest income on  PURCHASE  CM2B00000020  AT56pct   6BN ref 099OTAP233620001","099001v240880026","511800101","XAF",,21172603,28-MAR-24,"C","BINEID00087","MBATOHID0012","TXN_AMT",28-MAR-24,"","001v","CREANCES RATTACHEES - MANUELLES","DE","96"
"REGUL INTEREST ISIN CM2B00000087 500 000 000  AT 55pct099OTAP222450009 ref 099OTAP233620001","099001v240880039","511800101","XAF",,22904110,28-MAR-24,"D","BINEID00087","MBATOHID0012","TXN_AMT",28-MAR-24,"","001v","CREANCES RATTACHEES - MANUELLES","DE","103"
"interest income on  SALES  CM2B00000087 AT 55pct    5 000 000 000 ref 099OTAP233620001","099001v240880040","511800101","XAF",,22904110,28-MAR-24,"C","BINEID00087","MBATOHID0012","TXN_AMT",28-MAR-24,"","001v","CREANCES RATTACHEES - MANUELLES","DE","103"
"REGUL INTEREST ISIN CM2B00000087 500 000 000  AT 55pct099OTAP222450009 ref 099OTAP233620001","099001v240880043","511800101","XAF",,22904110,28-MAR-24,"C","BINEID00087","MBATOHID0012","TXN_AMT",28-MAR-24,"","001v","CREANCES RATTACHEES - MANUELLES","DE","105"
"interest income on  SALES  CM2B00000087 AT 55pct    5 000 000 000 ref 099OTAP233620001","099001v240880044","511800101","XAF",,22904110,28-MAR-24,"D","BINEID00087","MBATOHID0012","TXN_AMT",28-MAR-24,"","001v","CREANCES RATTACHEES - MANUELLES","DE","105"
"interest income on  PURCHASE    CM2B00000087 AT 55pct    500 000 000ref 099OTAP233620001","099001v240880047","511800101","XAF",,22979452,28-MAR-24,"D","BINEID00087","MBATOHID0012","TXN_AMT",28-MAR-24,"","001v","CREANCES RATTACHEES - MANUELLES","DE","107"
"interest income on  PURCHASE    CM2B00000087 AT 55pct    500 000 000 ref 099OTAP233620001","099001v240880049","511800101","XAF",,22979452,28-MAR-24,"C","BINEID00087","MBATOHID0012","TXN_AMT",28-MAR-24,"","001v","CREANCES RATTACHEES - MANUELLES","DE","108"
"REGUL INTEREST ISIN CM2B00000020 6BN SALE OF 5BN 099OTAP231910003 ref 099OTAP233620001","099001v240880051","511800101","XAF",,23013699,28-MAR-24,"D","BINEID00087","MBATOHID0012","TXN_AMT",28-MAR-24,"","001v","CREANCES RATTACHEES - MANUELLES","DE","109"
"interest income AT SALES  CM2B00000020AT 56pct   5 000 000 000ref 099OTAP233620001","099001v240880052","511800101","XAF",,23013699,28-MAR-24,"C","BINEID00087","MBATOHID0012","TXN_AMT",28-MAR-24,"","001v","CREANCES RATTACHEES - MANUELLES","DE","109"
"REGUL  INTEREST ISIN CM2300000020 WITH  58 478 DIFF DUE TO LEAP YEAR  099OTAP232610001 15BN ref 099OTAP233620001","099001v240880031","511800101","XAF",,21344262,28-MAR-24,"D","BINEID00087","MBATOHID0012","TXN_AMT",28-MAR-24,"","001v","CREANCES RATTACHEES - MANUELLES","DE","99"
"REGUL  INTEREST ISIN CM2300000020 WITH  58 478 DIFF DUE TO LEAP YEAR  099OTAP232610001 15BNref 099OTAP233620001 ref 099OTAP233620001","099001v240880033","511800101","XAF",,21344262,28-MAR-24,"C","BINEID00087","MBATOHID0012","TXN_AMT",28-MAR-24,"","001v","CREANCES RATTACHEES - MANUELLES","DE","100"
""" Accrued interest at purchase of EOG620232027 AT 6pct	ref 099OTAP231510001 ref 099OTAP231510001""","099001v240880035","511800101","XAF",,21698630,28-MAR-24,"D","BINEID00087","MBATOHID0012","TXN_AMT",28-MAR-24,"","001v","CREANCES RATTACHEES - MANUELLES","DE","101"
""" Accrued interest at purchase of EOG620232027 AT 6pct	ref 099OTAP231510001	""","099001v240880037","511800101","XAF",,21698630,28-MAR-24,"C","BINEID00087","MBATOHID0012","TXN_AMT",28-MAR-24,"","001v","CREANCES RATTACHEES - MANUELLES","DE","102"
"PURCHASE CM2B00000087  AT 55 pct 5 000 000 000 099OTAP233030008 ref 099OTAP233620001","099001v240880001","511800101","XAF",,18835616,28-MAR-24,"C","BINEID00087","MBATOHID0012","TXN_AMT",28-MAR-24,"","001v","CREANCES RATTACHEES - MANUELLES","DE","84"
"Interest income of XAF 19 945 205 CM2B00000020 VOLUME XAF 1 000 000 000 ref 099OTAP233620001","099001v240880003","511800101","XAF",,19945205,28-MAR-24,"D","BINEID00087","MBATOHID0012","TXN_AMT",28-MAR-24,"","001v","CREANCES RATTACHEES - MANUELLES","DE","85"
"REGUL INTEREST ISIN CM2B00000020 BOOKING 099OTAP232610001  15BN ref 099OTAP233620001","099001v240880008","511800101","XAF",,21114754,28-MAR-24,"D","BINEID00087","MBATOHID0012","TXN_AMT",28-MAR-24,"","001v","CREANCES RATTACHEES - MANUELLES","DE","87"
"ref 099000f230160001  ref 099OTAP233620001 interest income on CM2B00000020 5.60 pct 800 000 000","0990020240880025","511800101","XAF",,26511781,28-MAR-24,"C","BINEID00087","MBATOHID0012","TXN_AMT",28-MAR-24,"","0020","CREANCES RATTACHEES - MANUELLES","DE","124"
"ref 099001y232850001  ref 099OTAP233620001 INTEREST AT ANNIVERSARY 01 OCT 2023 ISIN CM2B00000087 500 000 000 AT 5.5pct 099OTAP232150003","0990020240880027","511800101","XAF",,27500000,28-MAR-24,"C","BINEID00087","MBATOHID0012","TXN_AMT",28-MAR-24,"","0020","CREANCES RATTACHEES - MANUELLES","DE","125"
"ref 099000b223040001  ref 099OTAP233620001 COUPON INTEREST RECIEVED OF XAF 27500000 CM2B00000087/S202R1555526/202//55472381001","0990020240880029","511800101","XAF",,27500000,28-MAR-24,"C","BINEID00087","MBATOHID0012","TXN_AMT",28-MAR-24,"","0020","CREANCES RATTACHEES - MANUELLES","DE","126"
"ref 099001y232850001  ref 099OTAP233620001 INTEREST AT ANNIVERSARY 01 OCT 2023 ISIN CM2B00000087 500 000 000 AT 5.5pct 099OTAP232150003","0990020240880031","511800101","XAF",,27500000,28-MAR-24,"D","BINEID00087","MBATOHID0012","TXN_AMT",28-MAR-24,"","0020","CREANCES RATTACHEES - MANUELLES","DE","127"
"ref 099000b223040001  ref 099OTAP233620001 COUPON INTEREST RECIEVED OF XAF 27500000 CM2B00000087/S202R1555526/202//55472381001","0990020240880033","511800101","XAF",,27500000,28-MAR-24,"D","BINEID00087","MBATOHID0012","TXN_AMT",28-MAR-24,"","0020","CREANCES RATTACHEES - MANUELLES","DE","128"
"ref 099000f232930001  ref 099OTAP233620001 REGUL INTEREST IIN CM2B00000020 LIQUIDATION 099OTAP232020002 5BN","0990020240880035","511800101","XAF",,28383562,28-MAR-24,"C","BINEID00087","MBATOHID0012","TXN_AMT",28-MAR-24,"","0020","CREANCES RATTACHEES - MANUELLES","DE","129"
"ref 099000o232020001  ref 099OTAP233620001 interest income on  PURCHASE    CM2B00000020 AT 5.6pct    5 000 000 000","0990020240880036","511800101","XAF",,28383562,28-MAR-24,"D","BINEID00087","MBATOHID0012","TXN_AMT",28-MAR-24,"","0020","CREANCES RATTACHEES - MANUELLES","DE","129"
"ref 099000f232930001  ref 099OTAP233620001 REGUL INTEREST IIN CM2B00000020 LIQUIDATION 099OTAP232020002 5BN","0990020240880039","511800101","XAF",,28383562,28-MAR-24,"D","BINEID00087","MBATOHID0012","TXN_AMT",28-MAR-24,"","0020","CREANCES RATTACHEES - MANUELLES","DE","131"
"ref 099000o232020001  ref 099OTAP233620001 interest income on  PURCHASE    CM2B00000020 AT 5.6pct    5 000 000 000","0990020240880040","511800101","XAF",,28383562,28-MAR-24,"C","BINEID00087","MBATOHID0012","TXN_AMT",28-MAR-24,"","0020","CREANCES RATTACHEES - MANUELLES","DE","131"
"ref 099000b233260001  ref 099OTAP233620001 interest income on CM2B00000087 SALES AT 5.5pct  099OTAP233030008 AT  5 000 000 000","0990020240880043","511800101","XAF",,29383562,28-MAR-24,"C","BINEID00087","MBATOHID0012","TXN_AMT",28-MAR-24,"","0020","CREANCES RATTACHEES - MANUELLES","DE","135"
"ref 099000b233260001  ref 099OTAP233620001 interest income on CM2B00000087 SALES AT 5.5pct  099OTAP233030008 AT  5 000 000 000","0990020240880045","511800101","XAF",,29383562,28-MAR-24,"D","BINEID00087","MBATOHID0012","TXN_AMT",28-MAR-24,"","0020","CREANCES RATTACHEES - MANUELLES","DE","136"
"ref 099000k233000001  ref 099OTAP233000001 interest income on    PURCHASE GA2J00000267 AT 5.25pct  1 000 000 000","0990020240880047","511800101","XAF",,30983607,28-MAR-24,"D","BINEID00087","MBATOHID0012","TXN_AMT",28-MAR-24,"","0020","CREANCES RATTACHEES - MANUELLES","DE","137"
"ref 099000k233000001  ref 099OTAP233000001 interest income on    PURCHASE GA2J00000267 AT 5.25pct  1 000 000 000","0990020240880049","511800101","XAF",,30983607,28-MAR-24,"C","BINEID00087","MBATOHID0012","TXN_AMT",28-MAR-24,"","0020","CREANCES RATTACHEES - MANUELLES","DE","138"
"ref 0990003232690001  ref 099OTAP232650002 interest income on PURCHASE EOG232028625 AT 6.25 pct 2 800 000 000","0990020240880051","511800101","XAF",,31079235,28-MAR-24,"D","BINEID00087","MBATOHID0012","TXN_AMT",28-MAR-24,"","0020","CREANCES RATTACHEES - MANUELLES","DE","139"
"ref 0990003232690001  ref 099OTAP232650002 interest income on PURCHASE EOG232028625 AT 6.25 pct 2 800 000 000","0990020240880053","511800101","XAF",,31079235,28-MAR-24,"C","BINEID00087","MBATOHID0012","TXN_AMT",28-MAR-24,"","0020","CREANCES RATTACHEES - MANUELLES","DE","140"
"ref 0990017232920001  ref 099OTAP233620001 REGUL INTEREST ISIN CM2B00000020 6BN SALE OF 5BN 099OTAP231910003","0990020240880003","511800101","XAF",,23013699,28-MAR-24,"C","BINEID00087","MBATOHID0012","TXN_AMT",28-MAR-24,"","0020","CREANCES RATTACHEES - MANUELLES","DE","111"
"ref 099000g231980001  ref 099OTAP233620001 interest income AT SALES  CM2B00000020AT 5.6pct   5 000 000 000","0990020240880004","511800101","XAF",,23013699,28-MAR-24,"D","BINEID00087","MBATOHID0012","TXN_AMT",28-MAR-24,"","0020","CREANCES RATTACHEES - MANUELLES","DE","111"
"ref 0990005232990001  ref 099OTAP232990005 interest income on PURCHASE  from ESS EOG  AT6.25pct  1.500.000.000 099OTAP232990005","0990020240880007","511800101","XAF",,24590164,28-MAR-24,"D","BINEID00087","MBATOHID0012","TXN_AMT",28-MAR-24,"","0020","CREANCES RATTACHEES - MANUELLES","DE","113"
"ref 0990005232990001  ref 099OTAP232990005 interest income on PURCHASE  from ESS EOG  AT6.25pct  1.500.000.000 099OTAP232990005","0990020240880009","511800101","XAF",,24590164,28-MAR-24,"C","BINEID00087","MBATOHID0012","TXN_AMT",28-MAR-24,"","0020","CREANCES RATTACHEES - MANUELLES","DE","114"
"ref 0990009230100001  ref 099OTAP233620001 INTEREST ON PARTIAL SALES OF XAF 800 000 000 CM2B00000020 AT 5.60pct","0990020240880011","511800101","XAF",,25652603,28-MAR-24,"C","BINEID00087","MBATOHID0012","TXN_AMT",28-MAR-24,"","0020","CREANCES RATTACHEES - MANUELLES","DE","117"
"ref 0990009230100001  ref 099OTAP233620001 INTEREST ON PARTIAL SALES OF XAF 800 000 000 CM2B00000020 AT 5.60pct","0990020240880013","511800101","XAF",,25652603,28-MAR-24,"D","BINEID00087","MBATOHID0012","TXN_AMT",28-MAR-24,"","0020","CREANCES RATTACHEES - MANUELLES","DE","118"
"ref 0990006232990001  ref 099OTAP232990007 interest income on PURCHASE  from ESS EOG  AT6.25pct  1.500.000.000 099OTAP232990007","0990020240880015","511800101","XAF",,25870902,28-MAR-24,"D","BINEID00087","MBATOHID0012","TXN_AMT",28-MAR-24,"","0020","CREANCES RATTACHEES - MANUELLES","DE","119"
"ref 0990006232990001  ref 099OTAP232990007 interest income on PURCHASE  from ESS EOG  AT6.25pct  1.500.000.000 099OTAP232990007","0990020240880017","511800101","XAF",,25870902,28-MAR-24,"C","BINEID00087","MBATOHID0012","TXN_AMT",28-MAR-24,"","0020","CREANCES RATTACHEES - MANUELLES","DE","120"
"ref 0990011232570001  ref 099OTAP232570009 interest income on PURCHASE  CM2B00000103 AT 5.25pct 1 000 000 000","0990020240880019","511800101","XAF",,26106557,28-MAR-24,"D","BINEID00087","MBATOHID0012","TXN_AMT",28-MAR-24,"","0020","CREANCES RATTACHEES - MANUELLES","DE","121"
"ref 0990011232570001  ref 099OTAP232570009 interest income on PURCHASE  CM2B00000103 AT 5.25pct 1 000 000 000","0990020240880021","511800101","XAF",,26106557,28-MAR-24,"C","BINEID00087","MBATOHID0012","TXN_AMT",28-MAR-24,"","0020","CREANCES RATTACHEES - MANUELLES","DE","122"
"ref 099000f230160001  ref 099OTAP233620001 interest income on CM2B00000020 5.60 pct 800 000 000","0990020240880023","511800101","XAF",,26511781,28-MAR-24,"D","BINEID00087","MBATOHID0012","TXN_AMT",28-MAR-24,"","0020","CREANCES RATTACHEES - MANUELLES","DE","123"
""" ref 099000h232560001  ref 099OTAP233620001 interest income on   SALES  CM2B00000087 AT 5.5pct  2 000 000 000		""","0990020240880139","511800101","XAF",,103068493,28-MAR-24,"D","BINEID00087","MBATOHID0012","TXN_AMT",28-MAR-24,"","0020","CREANCES RATTACHEES - MANUELLES","DE","183"
"ref 099000i232560001  ref 099OTAP233620001 interest income on    PURCHASE  CM2B00000087 AT 5.5pct  2 000 000 000","0990020240880136","511800101","XAF",,103068493,28-MAR-24,"D","BINEID00087","MBATOHID0012","TXN_AMT",28-MAR-24,"","0020","CREANCES RATTACHEES - MANUELLES","DE","181"
"ref 0990013233610001  ref 099OTAP233620001 Interest income on the period  SALES security CMCM2B00000087 5 000 000 000 5.50 pct 099OTAP233480001","0990020240880091","511800101","XAF",,54246575,28-MAR-24,"C","BINEID00087","MBATOHID0012","TXN_AMT",28-MAR-24,"","0020","CREANCES RATTACHEES - MANUELLES","DE","159"
"ref 0990000233480001  ref 099OTAP233620001 interest income on  PURCHASE CM2B00000087 AT 5.5pct    5 000 000 000 099OTAP233480001","0990020240880092","511800101","XAF",,54246575,28-MAR-24,"D","BINEID00087","MBATOHID0012","TXN_AMT",28-MAR-24,"","0020","CREANCES RATTACHEES - MANUELLES","DE","159"
"ref 0990013233610001  ref 099OTAP233620001 Interest income on the period  SALES security CMCM2B00000087 5 000 000 000 5.50 pct 099OTAP233480001","0990020240880095","511800101","XAF",,54246575,28-MAR-24,"D","BINEID00087","MBATOHID0012","TXN_AMT",28-MAR-24,"","0020","CREANCES RATTACHEES - MANUELLES","DE","161"
"ref 0990000233480001  ref 099OTAP233620001 interest income on  PURCHASE CM2B00000087 AT 5.5pct    5 000 000 000 099OTAP233480001","0990020240880096","511800101","XAF",,54246575,28-MAR-24,"C","BINEID00087","MBATOHID0012","TXN_AMT",28-MAR-24,"","0020","CREANCES RATTACHEES - MANUELLES","DE","161"
"ref 099000e233630001  ref 099OTAP233630002 interest income on   PURCHASE  EOG 6.25pct 2023-2028  AT 6.25pct 2 000 000 000 099OTAP233630002","0990020240880099","511800101","XAF",,56010929,28-MAR-24,"D","BINEID00087","MBATOHID0012","TXN_AMT",28-MAR-24,"","0020","CREANCES RATTACHEES - MANUELLES","DE","163"
"ref 099000e233630001  ref 099OTAP233630002 interest income on   PURCHASE  EOG 6.25pct 2023-2028  AT 6.25pct 2 000 000 000 099OTAP233630002","0990020240880101","511800101","XAF",,56010929,28-MAR-24,"C","BINEID00087","MBATOHID0012","TXN_AMT",28-MAR-24,"","0020","CREANCES RATTACHEES - MANUELLES","DE","164"
"ref 0990005233540001  ref 099OTAP233540001 interest income on   PURCHASE   CM2B00000020  AT 5.6pct 2 000 000 000 099OTAP233540001","0990020240880103","511800101","XAF",,56306011,28-MAR-24,"D","BINEID00087","MBATOHID0012","TXN_AMT",28-MAR-24,"","0020","CREANCES RATTACHEES - MANUELLES","DE","165"
"ref 0990005233540001  ref 099OTAP233540001 interest income on   PURCHASE   CM2B00000020  AT 5.6pct 2 000 000 000 099OTAP233540001","0990020240880105","511800101","XAF",,56306011,28-MAR-24,"C","BINEID00087","MBATOHID0012","TXN_AMT",28-MAR-24,"","0020","CREANCES RATTACHEES - MANUELLES","DE","166"
"ref 0990001233620001  ref 099OTAP233620001 interest income on  PURCHASE  CM2B00000087  AT 5.50pct 5 000 000 000 099OTAP233620001","0990020240880107","511800101","XAF",,64617486,28-MAR-24,"D","BINEID00087","MBATOHID0012","TXN_AMT",28-MAR-24,"","0020","CREANCES RATTACHEES - MANUELLES","DE","167"
"ref 0990001233620001  ref 099OTAP233620001 interest income on  PURCHASE  CM2B00000087  AT 5.50pct 5 000 000 000 099OTAP233620001","0990020240880109","511800101","XAF",,64617486,28-MAR-24,"C","BINEID00087","MBATOHID0012","TXN_AMT",28-MAR-24,"","0020","CREANCES RATTACHEES - MANUELLES","DE","168"
"ref 099000u233560001  ref 099OTAP233560001 interest income on  PURCHASE EOG NET  AT 6.25pct  2 500 000 000 099OTAP233560001","0990020240880111","511800101","XAF",,67025273,28-MAR-24,"D","BINEID00087","MBATOHID0012","TXN_AMT",28-MAR-24,"","0020","CREANCES RATTACHEES - MANUELLES","DE","169"
"ref 099000u233560001  ref 099OTAP233560001 interest income on  PURCHASE EOG NET  AT 6.25pct  2 500 000 000 099OTAP233560001","0990020240880113","511800101","XAF",,67025273,28-MAR-24,"C","BINEID00087","MBATOHID0012","TXN_AMT",28-MAR-24,"","0020","CREANCES RATTACHEES - MANUELLES","DE","170"
"ref 099000m232610001  ref 099OTAP233620001 interest income on   SALES  CM2B00000020  AT 5.60pct 1 500 000 000 and 1 000 000 000","0990020240880055","511800101","XAF",,35573770,28-MAR-24,"C","BINEID00087","MBATOHID0012","TXN_AMT",28-MAR-24,"","0020","CREANCES RATTACHEES - MANUELLES","DE","141"
"ref 099000m232610001  ref 099OTAP233620001 interest income on   SALES  CM2B00000020  AT 5.60pct 1 500 000 000 and 1 000 000 000","0990020240880057","511800101","XAF",,35573770,28-MAR-24,"D","BINEID00087","MBATOHID0012","TXN_AMT",28-MAR-24,"","0020","CREANCES RATTACHEES - MANUELLES","DE","142"
"ref 099000b232650001  ref 099OTAP233620001 interest income on  SALE CM2B00000087 AT 5.5pct    2 000 000 000","0990020240880143","511800101","XAF",,107287671,28-MAR-24,"C","BINEID00087","MBATOHID0012","TXN_AMT",28-MAR-24,"","0020","CREANCES RATTACHEES - MANUELLES","DE","185"
"ref 099000b232650001  ref 099OTAP233620001 interest income on  SALE CM2B00000087 AT 5.5pct    2 000 000 000","0990020240880145","511800101","XAF",,107287671,28-MAR-24,"D","BINEID00087","MBATOHID0012","TXN_AMT",28-MAR-24,"","0020","CREANCES RATTACHEES - MANUELLES","DE","186"
"ref 099000j222640001  ref 099OTAP233620001 Interest income of XAF 143 452 055 CM2B00000020 VOLUME XAF 5 000 000 000","0990020240880147","511800101","XAF",,143452055,28-MAR-24,"D","BINEID00087","MBATOHID0012","TXN_AMT",28-MAR-24,"","0020","CREANCES RATTACHEES - MANUELLES","DE","187"
"ref 099000j222640001  ref 099OTAP233620001 Interest income of XAF 143 452 055 CM2B00000020 VOLUME XAF 5 000 000 000","0990020240880149","511800101","XAF",,143452055,28-MAR-24,"C","BINEID00087","MBATOHID0012","TXN_AMT",28-MAR-24,"","0020","CREANCES RATTACHEES - MANUELLES","DE","188"
"ref 099000k232160001  ref 099OTAP233620001 interest income on  PURCHASE CM2B00000087 AT 5.5pct    3 500 000 000","0990020240880151","511800101","XAF",,158219178,28-MAR-24,"D","BINEID00087","MBATOHID0012","TXN_AMT",28-MAR-24,"","0020","CREANCES RATTACHEES - MANUELLES","DE","189"
"ref 099000k232160001  ref 099OTAP233620001 interest income on  PURCHASE CM2B00000087 AT 5.5pct    3 500 000 000","0990020240880153","511800101","XAF",,158219178,28-MAR-24,"C","BINEID00087","MBATOHID0012","TXN_AMT",28-MAR-24,"","0020","CREANCES RATTACHEES - MANUELLES","DE","190"
"ref 099000l232290001  ref 099OTAP233620001 interest income on  PURCHASE   CM2B00000087 AT 5.5pct  3 500 000 000","0990020240880155","511800101","XAF",,165602740,28-MAR-24,"D","BINEID00087","MBATOHID0012","TXN_AMT",28-MAR-24,"","0020","CREANCES RATTACHEES - MANUELLES","DE","191"
"ref 099000j232290001  ref 099OTAP233620001 interest income on   SALES  CM2B00000087 AT 5.5pct  3 500 000 000","0990020240880156","511800101","XAF",,165602740,28-MAR-24,"C","BINEID00087","MBATOHID0012","TXN_AMT",28-MAR-24,"","0020","CREANCES RATTACHEES - MANUELLES","DE","191"
"ref 099000l232290001  ref 099OTAP233620001 interest income on  PURCHASE   CM2B00000087 AT 5.5pct  3 500 000 000","0990020240880159","511800101","XAF",,165602740,28-MAR-24,"C","BINEID00087","MBATOHID0012","TXN_AMT",28-MAR-24,"","0020","CREANCES RATTACHEES - MANUELLES","DE","193"
"ref 099000j232290001  ref 099OTAP233620001 interest income on   SALES  CM2B00000087 AT 5.5pct  3 500 000 000","0990020240880160","511800101","XAF",,165602740,28-MAR-24,"D","BINEID00087","MBATOHID0012","TXN_AMT",28-MAR-24,"","0020","CREANCES RATTACHEES - MANUELLES","DE","193"
"ref 0990002232400001  ref 099OTAP233620001 interest income on   SALES  CM2B00000087 AT 5.5pct  3 500 000 000","0990020240880163","511800101","XAF",,172986301,28-MAR-24,"C","BINEID00087","MBATOHID0012","TXN_AMT",28-MAR-24,"","0020","CREANCES RATTACHEES - MANUELLES","DE","195"
"ref 0990002232400001  ref 099OTAP233620001 interest income on   SALES  CM2B00000087 AT 5.5pct  3 500 000 000","0990020240880165","511800101","XAF",,172986301,28-MAR-24,"D","BINEID00087","MBATOHID0012","TXN_AMT",28-MAR-24,"","0020","CREANCES RATTACHEES - MANUELLES","DE","196"
"ref 099000j222640001  ref 099OTAP233620001 Accrued interest at purchase of XAF 206 356 164 CM2B00000020 VOLUME XAF 5 000 000 000","0990020240880167","511800101","XAF",,206356164,28-MAR-24,"D","BINEID00087","MBATOHID0012","TXN_AMT",28-MAR-24,"","0020","CREANCES RATTACHEES - MANUELLES","DE","197"
"ref 099000j222640001  ref 099OTAP233620001 Accrued interest at purchase of XAF 206 356 164 CM2B00000020 VOLUME XAF 5 000 000 000","0990020240880169","511800101","XAF",,206356164,28-MAR-24,"C","BINEID00087","MBATOHID0012","TXN_AMT",28-MAR-24,"","0020","CREANCES RATTACHEES - MANUELLES","DE","198"
"Rename of 511800101 ref 099000g231730001 Good Contract ref 099OTAP233620001 REVERSAL  ANNUAL INTEREST FOR T BOND CM2B00000020 6BN","0990020240880171","511800101","XAF",,336000000,28-MAR-24,"D","BINEID00087","MBATOHID0012","TXN_AMT",28-MAR-24,"","0020","CREANCES RATTACHEES - MANUELLES","DE","199"
"Rename of 511800101 ref 099000e231730001 Good Contract ref 099OTAP233620001 ANNUAL INTEREST FOR T BOND CM2B00000020  6BN","0990020240880173","511800101","XAF",,336000000,28-MAR-24,"C","BINEID00087","MBATOHID0012","TXN_AMT",28-MAR-24,"","0020","CREANCES RATTACHEES - MANUELLES","DE","200"
"Rename of 511800101 ref 099000g231730001 Good Contract ref 099OTAP233620001 REVERSAL  ANNUAL INTEREST FOR T BOND CM2B00000020 6BN","0990020240880175","511800101","XAF",,336000000,28-MAR-24,"C","BINEID00087","MBATOHID0012","TXN_AMT",28-MAR-24,"","0020","CREANCES RATTACHEES - MANUELLES","DE","202"
"Rename of 511800101 ref 099000e231730001 Good Contract ref 099OTAP233620001 ANNUAL INTEREST FOR T BOND CM2B00000020  6BN","0990020240880177","511800101","XAF",,336000000,28-MAR-24,"D","BINEID00087","MBATOHID0012","TXN_AMT",28-MAR-24,"","0020","CREANCES RATTACHEES - MANUELLES","DE","203"
"ref 0990003232760001  ref 099OTAP232760001 099OTAP232760001 INTEREST AT  PURCHASE  CM2B00000020 AT 5.6pct 2 500 000 000","0990020240880059","511800101","XAF",,42076503,28-MAR-24,"D","BINEID00087","MBATOHID0012","TXN_AMT",28-MAR-24,"","0020","CREANCES RATTACHEES - MANUELLES","DE","143"
"ref 0990003232760001  ref 099OTAP232760001 099OTAP232760001 INTEREST AT  PURCHASE  CM2B00000020 AT 5.6pct 2 500 000 000","0990020240880061","511800101","XAF",,42076503,28-MAR-24,"C","BINEID00087","MBATOHID0012","TXN_AMT",28-MAR-24,"","0020","CREANCES RATTACHEES - MANUELLES","DE","144"
"ref 099000o233490001  ref 099OTAP233490001 Accrued interest AT PURCHASE CM2B00000020  3 500 000 000  5.60 pct 099OTAP232610002","0990020240880063","511800101","XAF",,42115068,28-MAR-24,"D","BINEID00087","MBATOHID0012","TXN_AMT",28-MAR-24,"","0020","CREANCES RATTACHEES - MANUELLES","DE","145"
"ref 099000o233490001  ref 099OTAP233490001 Accrued interest AT PURCHASE CM2B00000020  3 500 000 000  5.60 pct 099OTAP232610002","0990020240880065","511800101","XAF",,42115068,28-MAR-24,"C","BINEID00087","MBATOHID0012","TXN_AMT",28-MAR-24,"","0020","CREANCES RATTACHEES - MANUELLES","DE","146"
"ref 099000v231170001  ref 099OTAP231170001 Accrued interest at purchase of EOG620232027 AT 6pct","0990020240880067","511800101","XAF",,44186301,28-MAR-24,"D","BINEID00087","MBATOHID0012","TXN_AMT",28-MAR-24,"","0020","CREANCES RATTACHEES - MANUELLES","DE","147"
"ref 099000v231170001  ref 099OTAP231170001 Accrued interest at purchase of EOG620232027 AT 6pct","0990020240880069","511800101","XAF",,44186301,28-MAR-24,"C","BINEID00087","MBATOHID0012","TXN_AMT",28-MAR-24,"","0020","CREANCES RATTACHEES - MANUELLES","DE","148"
"ref 099000f232930001  ref 099OTAP233620001 REGUL INTEREST ISIN CM2B00000020 BOOKING 099OTAP231490003","0990020240880071","511800101","XAF",,49267760,28-MAR-24,"D","BINEID00087","MBATOHID0012","TXN_AMT",28-MAR-24,"","0020","CREANCES RATTACHEES - MANUELLES","DE","149"
""" ref 099000k232610001  ref 099OTAP233620001 interest income on   SALES  CM2B00000020  AT 5.6pct 3 500 000 000		""","0990020240880072","511800101","XAF",,49267760,28-MAR-24,"C","BINEID00087","MBATOHID0012","TXN_AMT",28-MAR-24,"","0020","CREANCES RATTACHEES - MANUELLES","DE","149"
"ref 099000f232930001  ref 099OTAP233620001 REGUL INTEREST ISIN CM2B00000020 BOOKING 099OTAP231490003","0990020240880075","511800101","XAF",,49267760,28-MAR-24,"C","BINEID00087","MBATOHID0012","TXN_AMT",28-MAR-24,"","0020","CREANCES RATTACHEES - MANUELLES","DE","151"
""" ref 099000k232610001  ref 099OTAP233620001 interest income on   SALES  CM2B00000020  AT 5.6pct 3 500 000 000		""","0990020240880076","511800101","XAF",,49267760,28-MAR-24,"D","BINEID00087","MBATOHID0012","TXN_AMT",28-MAR-24,"","0020","CREANCES RATTACHEES - MANUELLES","DE","151"
"ref 099000l232610001  ref 099OTAP233620001 interest income on   PURCHASE  CM2B00000020  AT 5.60pct 3 500 000 000","0990020240880079","511800101","XAF",,49803279,28-MAR-24,"D","BINEID00087","MBATOHID0012","TXN_AMT",28-MAR-24,"","0020","CREANCES RATTACHEES - MANUELLES","DE","153"
"ref 099000l232610001  ref 099OTAP233620001 interest income on   PURCHASE  CM2B00000020  AT 5.60pct 3 500 000 000","0990020240880081","511800101","XAF",,49803279,28-MAR-24,"C","BINEID00087","MBATOHID0012","TXN_AMT",28-MAR-24,"","0020","CREANCES RATTACHEES - MANUELLES","DE","154"
"ref 099000i222640001  ref 099OTAP233620001 Accrued interest at purchase of XAF 50 016 438 CM2B00000020 VOLUME XAF 1 000 000 000","0990020240880083","511800101","XAF",,50016438,28-MAR-24,"D","BINEID00087","MBATOHID0012","TXN_AMT",28-MAR-24,"","0020","CREANCES RATTACHEES - MANUELLES","DE","155"
"ref 099000i222640001  ref 099OTAP233620001 Accrued interest at purchase of XAF 50 016 438 CM2B00000020 VOLUME XAF 1 000 000 000","0990020240880085","511800101","XAF",,50016438,28-MAR-24,"C","BINEID00087","MBATOHID0012","TXN_AMT",28-MAR-24,"","0020","CREANCES RATTACHEES - MANUELLES","DE","156"
"ref 099000q231800001  ref 099OTAP231800005  ACCRUED INTEREST AT PRUCHASE 6pct EOG20232027","0990020240880087","511800101","XAF",,52273973,28-MAR-24,"D","BINEID00087","MBATOHID0012","TXN_AMT",28-MAR-24,"","0020","CREANCES RATTACHEES - MANUELLES","DE","157"
"ref 099000q231800001  ref 099OTAP231800005  ACCRUED INTEREST AT PRUCHASE 6pct EOG20232027","0990020240880089","511800101","XAF",,52273973,28-MAR-24,"C","BINEID00087","MBATOHID0012","TXN_AMT",28-MAR-24,"","0020","CREANCES RATTACHEES - MANUELLES","DE","158"
"ref 099000m233120001  ref 099OTAP233620001 REGUL INTERET COUPON RECEIVED ISIN CM2B00000020 5 BN","0990020240880115","511800101","XAF",,73643836,28-MAR-24,"D","BINEID00087","MBATOHID0012","TXN_AMT",28-MAR-24,"","0020","CREANCES RATTACHEES - MANUELLES","DE","171"
"ref 099000m233120001  ref 099OTAP233620001 REGUL INTERET COUPON RECEIVED ISIN CM2B00000020 5 BN","0990020240880117","511800101","XAF",,73643836,28-MAR-24,"C","BINEID00087","MBATOHID0012","TXN_AMT",28-MAR-24,"","0020","CREANCES RATTACHEES - MANUELLES","DE","172"
"ref 099000h232470001  ref 099OTAP233620001 interest income on  PURCHASE  CM2B00000087 AT 5.5pct  1 500 000 000","0990020240880119","511800101","XAF",,75719178,28-MAR-24,"D","BINEID00087","MBATOHID0012","TXN_AMT",28-MAR-24,"","0020","CREANCES RATTACHEES - MANUELLES","DE","173"
"ref 099000h232470001  ref 099OTAP233620001 interest income on  PURCHASE  CM2B00000087 AT 5.5pct  1 500 000 000","0990020240880121","511800101","XAF",,75719178,28-MAR-24,"C","BINEID00087","MBATOHID0012","TXN_AMT",28-MAR-24,"","0020","CREANCES RATTACHEES - MANUELLES","DE","174"
"ref 099000s233350001  ref 099OTAP233350002 interest income on  PURCHASE  PURCHASE  CG2A00000270  AT 5.pct  AT 99.24483785pct DISCOUNT  2 000 000 000","0990020240880123","511800101","XAF",,80000000,28-MAR-24,"D","BINEID00087","MBATOHID0012","TXN_AMT",28-MAR-24,"","0020","CREANCES RATTACHEES - MANUELLES","DE","175"
"ref 099000s233350001  ref 099OTAP233350002 interest income on  PURCHASE  PURCHASE  CG2A00000270  AT 5.pct  AT 99.24483785pct DISCOUNT  2 000 000 000","0990020240880125","511800101","XAF",,80000000,28-MAR-24,"C","BINEID00087","MBATOHID0012","TXN_AMT",28-MAR-24,"","0020","CREANCES RATTACHEES - MANUELLES","DE","176"
"ref 0990009233330001  ref 099OTAP233330002 interest income on   PURCHASE  EOGNET62589  AT 6.25  pct 3 650 000 000 099OTAP233330002","0990020240880127","511800101","XAF",,81028005,28-MAR-24,"D","BINEID00087","MBATOHID0012","TXN_AMT",28-MAR-24,"","0020","CREANCES RATTACHEES - MANUELLES","DE","177"
"ref 0990009233330001  ref 099OTAP233330002 interest income on   PURCHASE  EOGNET62589  AT 6.25  pct 3 650 000 000 099OTAP233330002","0990020240880129","511800101","XAF",,81028005,28-MAR-24,"C","BINEID00087","MBATOHID0012","TXN_AMT",28-MAR-24,"","0020","CREANCES RATTACHEES - MANUELLES","DE","178"
"ref 0990003232400001  ref 099OTAP233620001 interest income on    PURCHASE  CM2B00000087 AT 5.5pct  2 000 000 000","0990020240880131","511800101","XAF",,98849315,28-MAR-24,"D","BINEID00087","MBATOHID0012","TXN_AMT",28-MAR-24,"","0020","CREANCES RATTACHEES - MANUELLES","DE","179"
"ref 0990003232400001  ref 099OTAP233620001 interest income on    PURCHASE  CM2B00000087 AT 5.5pct  2 000 000 000","0990020240880133","511800101","XAF",,98849315,28-MAR-24,"C","BINEID00087","MBATOHID0012","TXN_AMT",28-MAR-24,"","0020","CREANCES RATTACHEES - MANUELLES","DE","180"
""" ref 099000h232560001  ref 099OTAP233620001 interest income on   SALES  CM2B00000087 AT 5.5pct  2 000 000 000		""","0990020240880135","511800101","XAF",,103068493,28-MAR-24,"C","BINEID00087","MBATOHID0012","TXN_AMT",28-MAR-24,"","0020","CREANCES RATTACHEES - MANUELLES","DE","181"
"ref 099000i232560001  ref 099OTAP233620001 interest income on    PURCHASE  CM2B00000087 AT 5.5pct  2 000 000 000","0990020240880140","511800101","XAF",,103068493,28-MAR-24,"C","BINEID00087","MBATOHID0012","TXN_AMT",28-MAR-24,"","0020","CREANCES RATTACHEES - MANUELLES","DE","183"
"REGUL INTEREST ISIN GA2K00000017 DUE TO DECIMAL","099000c240890001","511800101","XAF",,1,29-MAR-24,"C","BINEID00087","MBATOHID0012","TXN_AMT",29-MAR-24,"","000c","CREANCES RATTACHEES - MANUELLES","DE","1"
"REGUL INTEREST ISIN GA2B00000083","099000c240890003","511800101","XAF",,1,29-MAR-24,"C","BINEID00087","MBATOHID0012","TXN_AMT",29-MAR-24,"","000c","CREANCES RATTACHEES - MANUELLES","DE","2"
"INTEREST AT SALE OF 500 000 000 GA2J00000218 AT 5.25PCT DU 29/05/2029 099OTAP233550001","099000c240890005","511800101","XAF",,1,29-MAR-24,"D","BINEID00087","MBATOHID0012","TXN_AMT",29-MAR-24,"","000c","CREANCES RATTACHEES - MANUELLES","DE","3"
"REGUL INTEREST CM2L00000028 6PCT 500 000 000 099OTAP232470002","099000c240890007","511800101","XAF",,1,29-MAR-24,"D","BINEID00087","MBATOHID0012","TXN_AMT",29-MAR-24,"","000c","CREANCES RATTACHEES - MANUELLES","DE","4"
"REGUL Purchase of the security GA2J00000127 DUE TO DECIMAL ROWN UP","099000c240890009","511800101","XAF",,1,29-MAR-24,"D","BINEID00087","MBATOHID0012","TXN_AMT",29-MAR-24,"","000c","CREANCES RATTACHEES - MANUELLES","DE","5"
"REGUL Purchase of the security GA2J00000127 DUE TO DECIMAL ROWN UP","099000c240890013","511800101","XAF",,2,29-MAR-24,"C","BINEID00087","MBATOHID0012","TXN_AMT",29-MAR-24,"","000c","CREANCES RATTACHEES - MANUELLES","DE","6"
"Liquidation of the Accrued interest of CM2B00000020  3 500 000 000  5.60 PCT 099OTAP232610002","099000c240890041","511800101","XAF",,49803279,29-MAR-24,"D","BINEID00087","MBATOHID0012","TXN_AMT",29-MAR-24,"","000c","CREANCES RATTACHEES - MANUELLES","DE","23"
"Reversal of 511800101 in 466000107 rf 0990000223000001 regul interest income of xaf ga2j00000127 du 20/10/2022","099000c240890051","511800101","XAF",,300,29-MAR-24,"D","BINEID00087","MBATOHID0012","TXN_AMT",29-MAR-24,"","000c","CREANCES RATTACHEES - MANUELLES","DE","28"
"REGUL INTEREST GA2J00000226 LIQUIDATION 099OTAP222930007 63M PURCHASE 099OTAP230760001 53.5 M","099000c240890070","511800101","XAF",,195401,29-MAR-24,"D","BINEID00087","MBATOHID0012","TXN_AMT",29-MAR-24,"","000c","CREANCES RATTACHEES - MANUELLES","DE","38"
"REGUL INTEREST GA2J00000226 LIQUIDATION 099OTAP222930007 63M PURCHASE 099OTAP230760001 53.5 M","099000c240890071","511800101","XAF",,1100414,29-MAR-24,"C","BINEID00087","MBATOHID0012","TXN_AMT",29-MAR-24,"","000c","CREANCES RATTACHEES - MANUELLES","DE","39"
"Reversal of contract 099OTAP232580004 Customer ETAT DU CONGO Cust nO 040730819 from GL 511800100 to 466000107","099000k240890015","511800101","XAF",,74466,29-MAR-24,"C","BINEID00087","MBATOHID0012","TXN_AMT",29-MAR-24,"","000k","CREANCES RATTACHEES - MANUELLES","DE","15"
"ACCRUED INTEREST Purchase OTA CG2J00000099","099000k240890091","511800101","XAF",,190521,29-MAR-24,"D","BINEID00087","MBATOHID0012","TXN_AMT",29-MAR-24,"","000k","CREANCES RATTACHEES - MANUELLES","DE","46"
"REGUL INTEREST ISIN CG2A000000353 400 000 000 AT 5.50PCT 099OTAP223560001","099000k240890004","511800101","XAF",,27397,29-MAR-24,"C","BINEID00087","MBATOHID0012","TXN_AMT",29-MAR-24,"","000k","CREANCES RATTACHEES - MANUELLES","DE","4"
"Reversal of 511800100 in 466000107 rf 0990018232920001 REGUL INTEREST ISIN CM2B00000103  1 000 000 000  AT 5.25 PCT 099OTAP222450006","099000k240890007","511800101","XAF",,60274,29-MAR-24,"C","BINEID00087","MBATOHID0012","TXN_AMT",29-MAR-24,"","000k","CREANCES RATTACHEES - MANUELLES","DE","7"
"Reversal of 511800101 in 466000107 rf 099000d232540001 ACCRUED INTEREST Purchase OTA CM2B0000002 60 000 000 AT 5.6PCT","099000k240890010","511800101","XAF",,60274,29-MAR-24,"C","BINEID00087","MBATOHID0012","TXN_AMT",29-MAR-24,"","000k","CREANCES RATTACHEES - MANUELLES","DE","10"
"Reversal of 511800101 in 466000107 rf 099000b223330001 INTEREST INCOME FOR XAF 800 000 000 OF GA2B00000125 /S202R1582812/202//56129758103","099000k240890024","511800101","XAF",,117039,29-MAR-24,"C","BINEID00087","MBATOHID0012","TXN_AMT",29-MAR-24,"","000k","CREANCES RATTACHEES - MANUELLES","DE","24"
"Reversal of 511800101 in 466000107 rf 099000i223630001 interest income on CG2A000000353  5.50PCT 400 000 000 099000u223620001","099000k240890027","511800101","XAF",,131507,29-MAR-24,"C","BINEID00087","MBATOHID0012","TXN_AMT",29-MAR-24,"","000k","CREANCES RATTACHEES - MANUELLES","DE","29"
"REGUL INTEREST ISIN CM2B00000103  1 000 000 000  AT 5.25 PCT 099OTAP222450006","099000k240890031","511800101","XAF",,136986,29-MAR-24,"C","BINEID00087","MBATOHID0012","TXN_AMT",29-MAR-24,"","000k","CREANCES RATTACHEES - MANUELLES","DE","31"
"Reversal of contract 099OTAP232570003 Customer ETAT DU CONGO Cust nO 040730819 from GL 511800100 to 466000107","099000k240890034","511800101","XAF",,142397,29-MAR-24,"C","BINEID00087","MBATOHID0012","TXN_AMT",29-MAR-24,"","000k","CREANCES RATTACHEES - MANUELLES","DE","34"
"Reversal of contract 099OTAP230300003 Customer ETAT DU GABON Cust nO 040730820 from GL 511800100 to 466000107","099000k240890036","511800101","XAF",,157534,29-MAR-24,"C","BINEID00087","MBATOHID0012","TXN_AMT",29-MAR-24,"","000k","CREANCES RATTACHEES - MANUELLES","DE","36"
"""ACCRUED INTEREST Purchase OTA  CG2A00000254 		""","099000k240890043","511800101","XAF",,189685,29-MAR-24,"C","BINEID00087","MBATOHID0012","TXN_AMT",29-MAR-24,"","000k","CREANCES RATTACHEES - MANUELLES","DE","43"
"REGUL INTEREST  ISIN  CG2J00000099 758MN 099OTAP232580007","099000k240890045","511800101","XAF",,190521,29-MAR-24,"C","BINEID00087","MBATOHID0012","TXN_AMT",29-MAR-24,"","000k","CREANCES RATTACHEES - MANUELLES","DE","45"
"Reversal of contract 099OTAP232890001 Customer ETAT DU GABON Cust nO 040730820 from GL 511800100 to 466000107","099000k240890049","511800101","XAF",,27397,29-MAR-24,"D","BINEID00087","MBATOHID0012","TXN_AMT",29-MAR-24,"","000k","CREANCES RATTACHEES - MANUELLES","DE","3"
"REGUL INTEREST ISIN CG2J00000222  453 000 000 AT 6PCT 099OTAP232570003","099000k240890054","511800101","XAF",,60274,29-MAR-24,"D","BINEID00087","MBATOHID0012","TXN_AMT",29-MAR-24,"","000k","CREANCES RATTACHEES - MANUELLES","DE","8"
"REGUL INTEREST ISIN CG2J00000222  453 000 000 AT 6PCT 099OTAP232570003","099000k240890055","511800101","XAF",,60274,29-MAR-24,"D","BINEID00087","MBATOHID0012","TXN_AMT",29-MAR-24,"","000k","CREANCES RATTACHEES - MANUELLES","DE","9"
"Reversal of 511800101 in 466000107 rf 099000g230310001 DISCOUNT SALES OF CG2J00000321 250 000 000 AT 5.75PCT","099000k240890065","511800101","XAF",,80563,29-MAR-24,"D","BINEID00087","MBATOHID0012","TXN_AMT",29-MAR-24,"","000k","CREANCES RATTACHEES - MANUELLES","DE","19"
"Reversal of contract 099OTAP232890001 Customer ETAT DU GABON Cust nO 040730820 from GL 511800100 to 466000107","099000k240890071","511800101","XAF",,117039,29-MAR-24,"D","BINEID00087","MBATOHID0012","TXN_AMT",29-MAR-24,"","000k","CREANCES RATTACHEES - MANUELLES","DE","25"
"Regul interest  CG2A00000270 4PCT 1 000 000 000 099OTAP232570005","099000k240890080","511800101","XAF",,142397,29-MAR-24,"D","BINEID00087","MBATOHID0012","TXN_AMT",29-MAR-24,"","000k","CREANCES RATTACHEES - MANUELLES","DE","35"
"Reversal of 511800101 in 466000107 rf 099001f232960001 REGUL INTEREST ISIN CG2A00000254 099OTAP231070001 650 M","099000k240890082","511800101","XAF",,157534,29-MAR-24,"D","BINEID00087","MBATOHID0012","TXN_AMT",29-MAR-24,"","000k","CREANCES RATTACHEES - MANUELLES","DE","37"
"Reversal of contract 099OTAP233630007 Customer ETAT DU CONGO Cust nO 040730819 from GL 511800100 to 466000107","099000k240890089","511800101","XAF",,189685,29-MAR-24,"D","BINEID00087","MBATOHID0012","TXN_AMT",29-MAR-24,"","000k","CREANCES RATTACHEES - MANUELLES","DE","44"
"Regul interest CM2L00000028 6PCT  700 000 000 099OTAP232490004","099000k240890001","511800101","XAF",,27275,29-MAR-24,"C","BINEID00087","MBATOHID0012","TXN_AMT",29-MAR-24,"","000k","CREANCES RATTACHEES - MANUELLES","DE","1"
"REGUL INTEREST ISIN CG2B00000097","099000q240890011","511800101","XAF",,229370,29-MAR-24,"C","BINEID00087","MBATOHID0012","TXN_AMT",29-MAR-24,"","000q","CREANCES RATTACHEES - MANUELLES","DE","6"
"Regul interest CG2A00000270","099000q240890003","511800101","XAF",,205479,29-MAR-24,"C","BINEID00087","MBATOHID0012","TXN_AMT",29-MAR-24,"","000q","CREANCES RATTACHEES - MANUELLES","DE","2"
"ACCRUED INTEREST FOR THE PURCHASE OF GA2J00000226 95M","099000q240890002","511800101","XAF",,195401,29-MAR-24,"D","BINEID00087","MBATOHID0012","TXN_AMT",29-MAR-24,"","000q","CREANCES RATTACHEES - MANUELLES","DE","1"
"REGUL INTEREST ISIN CG2J00000222  1 050 000 000 AT 6PCT 099OTAP223320001","099000q240890077","511800101","XAF",,345205,29-MAR-24,"C","BINEID00087","MBATOHID0012","TXN_AMT",29-MAR-24,"","000q","CREANCES RATTACHEES - MANUELLES","DE","39"
"REGUL INTEREST ISIN CG2J00000065  AT 63PCT 400 000 000 099OTAP230950002","099000q240890075","511800101","XAF",,345205,29-MAR-24,"C","BINEID00087","MBATOHID0012","TXN_AMT",29-MAR-24,"","000q","CREANCES RATTACHEES - MANUELLES","DE","38"
"Reversal of 511800101 in 466000107 rf 099000w222930001 Interest income of XAF  GA2J00000127","099000q240890073","511800101","XAF",,336997,29-MAR-24,"C","BINEID00087","MBATOHID0012","TXN_AMT",29-MAR-24,"","000q","CREANCES RATTACHEES - MANUELLES","DE","37"
"Reclassification of 511800100 to 511800101 manual good contract rf 099OTAP233350001 Accrued interest SALES security GA2J00000226 099OTAP230760001","099000q240890037","511800101","XAF",,265089,29-MAR-24,"C","BINEID00087","MBATOHID0012","TXN_AMT",29-MAR-24,"","000q","CREANCES RATTACHEES - MANUELLES","DE","19"
"""Reversal of 511800101 in 466000107 rf 099001r223620001 interest income on CGA2A00000353  400 000 000 550PCT		""","099000q240890051","511800101","XAF",,301370,29-MAR-24,"C","BINEID00087","MBATOHID0012","TXN_AMT",29-MAR-24,"","000q","CREANCES RATTACHEES - MANUELLES","DE","26"
"REGUL INTEREST ISIN CG2A00000247  2 000 000 000 AT 550PCT 099OTAP232620002","099000q240890049","511800101","XAF",,301370,29-MAR-24,"C","BINEID00087","MBATOHID0012","TXN_AMT",29-MAR-24,"","000q","CREANCES RATTACHEES - MANUELLES","DE","25"
"""REGUL INTEREST ISIN CG2A00000247  2 000 000 000 AT 550PCT 099OTAP232570007		""","099000q240890047","511800101","XAF",,301370,29-MAR-24,"C","BINEID00087","MBATOHID0012","TXN_AMT",29-MAR-24,"","000q","CREANCES RATTACHEES - MANUELLES","DE","24"
"REGUL INTERET ISIN CG2A00000353 LIQUIDATION 099OTAP223620011 400MN","099000q240890046","511800101","XAF",,301370,29-MAR-24,"D","BINEID00087","MBATOHID0012","TXN_AMT",29-MAR-24,"","000q","CREANCES RATTACHEES - MANUELLES","DE","23"
"interest income on CG2J00000321 AT 575PCT 250 000 000","099000q240890043","511800101","XAF",,275685,29-MAR-24,"C","BINEID00087","MBATOHID0012","TXN_AMT",29-MAR-24,"","000q","CREANCES RATTACHEES - MANUELLES","DE","22"
"SALES   CG2J00000438  AT 575 PCT 2 000 000 000 099OTAP233030004","099000q240890063","511800101","XAF",,314207,29-MAR-24,"C","BINEID00087","MBATOHID0012","TXN_AMT",29-MAR-24,"","000q","CREANCES RATTACHEES - MANUELLES","DE","32"
"Reversal of contract 099OTAP233620005 Customer ETAT DU CONGO Cust nO 040730819 from GL 511800100 to 466000107","099000r240890021","511800101","XAF",,400553,29-MAR-24,"C","BINEID00087","MBATOHID0012","TXN_AMT",29-MAR-24,"","000r","CREANCES RATTACHEES - MANUELLES","DE","51"
"Reversal of contract 099OTAP223290002 Customer ETAT DU CONGO Cust nO 040730819 from GL 511800100 to 466000107","099000r240890013","511800101","XAF",,375683,29-MAR-24,"C","BINEID00087","MBATOHID0012","TXN_AMT",29-MAR-24,"","000r","CREANCES RATTACHEES - MANUELLES","DE","47"
"Reversal of 511800101 in 466000107 rf 0990017232850001 REGUL INTEREST ISIN CG2B00000097  322 000 000  AT 650 PCT 099OTAP223290002","099000r240890012","511800101","XAF",,368151,29-MAR-24,"D","BINEID00087","MBATOHID0012","TXN_AMT",29-MAR-24,"","000r","CREANCES RATTACHEES - MANUELLES","DE","46"
"Reversal  Liquidation of the Accrued interest of  CG2J00000099 446 000 000 61PCT 099OTAP233110001","099000r240890009","511800101","XAF",,368151,29-MAR-24,"C","BINEID00087","MBATOHID0012","TXN_AMT",29-MAR-24,"","000r","CREANCES RATTACHEES - MANUELLES","DE","45"
"Reversal of contract 099OTAP223320001 Customer ETAT DU CONGO Cust nO 040730819 from GL 511800100 to 466000107","099000r240890079","511800101","XAF",,577068,29-MAR-24,"C","BINEID00087","MBATOHID0012","TXN_AMT",29-MAR-24,"","000r","CREANCES RATTACHEES - MANUELLES","DE","80"
"REGUL INTEREST ISIN CG2J00000222","099000r240890078","511800101","XAF",,577068,29-MAR-24,"D","BINEID00087","MBATOHID0012","TXN_AMT",29-MAR-24,"","000r","CREANCES RATTACHEES - MANUELLES","DE","79"
"Reversal of 511800101 in 466000107 rf 099000w222930001 Interest income of XAF  GA2J00000127","099000r240890073","511800101","XAF",,575342,29-MAR-24,"C","BINEID00087","MBATOHID0012","TXN_AMT",29-MAR-24,"","000r","CREANCES RATTACHEES - MANUELLES","DE","77"
"Reversal of 511800100 in 466000107 rf 0990008233030001 interest income on   SALES   CG2J00000438  AT 575 PCT 2 000 000 000 099OTAP233030004","099000r240890071","511800101","XAF",,575342,29-MAR-24,"C","BINEID00087","MBATOHID0012","TXN_AMT",29-MAR-24,"","000r","CREANCES RATTACHEES - MANUELLES","DE","76"
"Reversal of contract 099OTAP233030004 Customer ETAT DU CONGO Cust nO 040730819 from GL 511800100 to 466000107","099000r240890068","511800101","XAF",,573770,29-MAR-24,"D","BINEID00087","MBATOHID0012","TXN_AMT",29-MAR-24,"","000r","CREANCES RATTACHEES - MANUELLES","DE","74"
"""REGUL INTEREST ISIN CG2A00000247  2 000 000 000 AT 550PCT 099OTAP232570007		""","099000r240890059","511800101","XAF",,542466,29-MAR-24,"C","BINEID00087","MBATOHID0012","TXN_AMT",29-MAR-24,"","000r","CREANCES RATTACHEES - MANUELLES","DE","70"
"REGUL INTEREST ISIN CG2A00000247  2 000 000 000 AT 550PCT 099OTAP232620002","099000r240890062","511800101","XAF",,542466,29-MAR-24,"D","BINEID00087","MBATOHID0012","TXN_AMT",29-MAR-24,"","000r","CREANCES RATTACHEES - MANUELLES","DE","71"
"SALES   CG2J00000438  AT 575 PCT 2 000 000 000 099OTAP233030004","099000r240890063","511800101","XAF",,553638,29-MAR-24,"C","BINEID00087","MBATOHID0012","TXN_AMT",29-MAR-24,"","000r","CREANCES RATTACHEES - MANUELLES","DE","72"
"Reversal of contract 099OTAP233630003 Customer ETAT DU CONGO Cust nO 040730819 from GL 511800100 to 466000107","099000r240890025","511800101","XAF",,420765,29-MAR-24,"C","BINEID00087","MBATOHID0012","TXN_AMT",29-MAR-24,"","000r","CREANCES RATTACHEES - MANUELLES","DE","53"
"Reversal  Interest income on the period  SALES security CG2L00000487 1 500 000 000 6 PCT 099OTAP233630003","099000r240890027","511800101","XAF",,427397,29-MAR-24,"C","BINEID00087","MBATOHID0012","TXN_AMT",29-MAR-24,"","000r","CREANCES RATTACHEES - MANUELLES","DE","54"
"Reversal of contract 099OTAP233310001 Customer ETAT DU CONGO Cust nO 040730819 from GL 511800100 to 466000107","099000r240890030","511800101","XAF",,427397,29-MAR-24,"D","BINEID00087","MBATOHID0012","TXN_AMT",29-MAR-24,"","000r","CREANCES RATTACHEES - MANUELLES","DE","55"
"Reversal  Liquidation of the Accrued interest of CG2J00000099 221000000 61PCT 099OTAP233310001","099000r240890032","511800101","XAF",,427397,29-MAR-24,"D","BINEID00087","MBATOHID0012","TXN_AMT",29-MAR-24,"","000r","CREANCES RATTACHEES - MANUELLES","DE","56"
"Reversal of contract 099OTAP232560007 Customer ETAT DU CONGO Cust nO 040730819 from GL 511800100 to 466000107","099000r240890033","511800101","XAF",,427397,29-MAR-24,"C","BINEID00087","MBATOHID0012","TXN_AMT",29-MAR-24,"","000r","CREANCES RATTACHEES - MANUELLES","DE","57"
"Reversal of contract 099OTAP233040002 Customer ETAT DU CONGO Cust nO 040730819 from GL 511800100 to 466000107","099000r240890039","511800101","XAF",,472603,29-MAR-24,"C","BINEID00087","MBATOHID0012","TXN_AMT",29-MAR-24,"","000r","CREANCES RATTACHEES - MANUELLES","DE","60"
"Reversal  Liquidation of the Accrued interest of  CG2J00000099 544 000 000 099OTAP233040002","099000r240890041","511800101","XAF",,493151,29-MAR-24,"C","BINEID00087","MBATOHID0012","TXN_AMT",29-MAR-24,"","000r","CREANCES RATTACHEES - MANUELLES","DE","61"
"interest income on CG2J00000321 AT 575PCT 250 000 000","099000r240890043","511800101","XAF",,493151,29-MAR-24,"C","BINEID00087","MBATOHID0012","TXN_AMT",29-MAR-24,"","000r","CREANCES RATTACHEES - MANUELLES","DE","62"
"REGUL INTERET ISIN CG2A00000353 LIQUIDATION 099OTAP223620011 400MN","099000r240890046","511800101","XAF",,493151,29-MAR-24,"D","BINEID00087","MBATOHID0012","TXN_AMT",29-MAR-24,"","000r","CREANCES RATTACHEES - MANUELLES","DE","63"
""" REGUL INTEREST ISIN CG2A00000247	""","099000r240890048","511800101","XAF",,493151,29-MAR-24,"D","BINEID00087","MBATOHID0012","TXN_AMT",29-MAR-24,"","000r","CREANCES RATTACHEES - MANUELLES","DE","64"
"Reversal of contract 099OTAP232620002 Customer ETAT DU CONGO Cust nO 040730819 from GL 511800100 to 466000107","099000r240890054","511800101","XAF",,529027,29-MAR-24,"D","BINEID00087","MBATOHID0012","TXN_AMT",29-MAR-24,"","000r","CREANCES RATTACHEES - MANUELLES","DE","67"
"Reversal of contract 099OTAP232560005 Customer ETAT DU CONGO Cust nO 040730819 from GL 511800100 to 466000107","099000r240890055","511800101","XAF",,529027,29-MAR-24,"C","BINEID00087","MBATOHID0012","TXN_AMT",29-MAR-24,"","000r","CREANCES RATTACHEES - MANUELLES","DE","68"
"Reversal of contract 099OTAP233480002 Customer ETAT DU GABON Cust nO 040730820 from GL 511800100 to 466000107","099000r240890065","511800101","XAF",,573770,29-MAR-24,"C","BINEID00087","MBATOHID0012","TXN_AMT",29-MAR-24,"","000r","CREANCES RATTACHEES - MANUELLES","DE","73"
"Reversal of contract 099OTAP232570007 Customer ETAT DU CONGO Cust nO 040730819 from GL 511800100 to 466000107","099000r240890057","511800101","XAF",,542466,29-MAR-24,"C","BINEID00087","MBATOHID0012","TXN_AMT",29-MAR-24,"","000r","CREANCES RATTACHEES - MANUELLES","DE","69"
"Reversal of 511800101 in 466000107 rf 099000c222940001 Interest income of XAF  GA2J00000127","099000u240890085","511800101","XAF",,890636,29-MAR-24,"D","BINEID00087","MBATOHID0012","TXN_AMT",29-MAR-24,"","000u","CREANCES RATTACHEES - MANUELLES","DE","39"
"ACCRUED INTEREST AT PURCHASE ISIN GA2J00000267 47.2MN","099000u240890028","511800101","XAF",,835052,29-MAR-24,"C","BINEID00087","MBATOHID0012","TXN_AMT",29-MAR-24,"","000u","CREANCES RATTACHEES - MANUELLES","DE","31"
"Reversal of 511800101 in 466000107 rf 0990008223140001 Accrued interest of the XAF 300 000 000 CG2A00000254","099000u240890027","511800101","XAF",,819863,29-MAR-24,"C","BINEID00087","MBATOHID0012","TXN_AMT",29-MAR-24,"","000u","CREANCES RATTACHEES - MANUELLES","DE","29"
"REGUL INTEREST ISIN CG2J00000099 099OTAP232580004 803MN","099000u240890022","511800101","XAF",,762082,29-MAR-24,"C","BINEID00087","MBATOHID0012","TXN_AMT",29-MAR-24,"","000u","CREANCES RATTACHEES - MANUELLES","DE","24"
"ACCRUED INTEREST Purchase OTA CG2J00000099","099000u240890020","511800101","XAF",,758740,29-MAR-24,"C","BINEID00087","MBATOHID0012","TXN_AMT",29-MAR-24,"","000u","CREANCES RATTACHEES - MANUELLES","DE","22"
"interest income on  CG2A00000353 5.5PCT 200 000 000","099000u240890019","511800101","XAF",,753425,29-MAR-24,"C","BINEID00087","MBATOHID0012","TXN_AMT",29-MAR-24,"","000u","CREANCES RATTACHEES - MANUELLES","DE","21"
"Reversal of 511800101 in 466000107 rf 099000w222930001 Interest income of XAF  GA2J00000267","099000u240890015","511800101","XAF",,719178,29-MAR-24,"C","BINEID00087","MBATOHID0012","TXN_AMT",29-MAR-24,"","000u","CREANCES RATTACHEES - MANUELLES","DE","17"
"Reversal of 511800101 in 466000107 rf 099000m223000001 Interest income of XAF 715 870 GA2J000000226","099000u240890013","511800101","XAF",,715870,29-MAR-24,"C","BINEID00087","MBATOHID0012","TXN_AMT",29-MAR-24,"","000u","CREANCES RATTACHEES - MANUELLES","DE","16"
"Reversal of 511800101 in 466000107 rf 099000a223340001 INTEREST INCOME OF XAF GA2B00000125","099000u240890012","511800101","XAF",,712329,29-MAR-24,"C","BINEID00087","MBATOHID0012","TXN_AMT",29-MAR-24,"","000u","CREANCES RATTACHEES - MANUELLES","DE","14"
"interest income on   PURCHASE  CG2J00000240","099000u240890008","511800101","XAF",,688525,29-MAR-24,"C","BINEID00087","MBATOHID0012","TXN_AMT",29-MAR-24,"","000u","CREANCES RATTACHEES - MANUELLES","DE","10"
"REGUL INTEREST ISIN CG2K00000062  1 400 000 000  AT 6PCT 099OTAP231810001","099000u240890007","511800101","XAF",,688525,29-MAR-24,"C","BINEID00087","MBATOHID0012","TXN_AMT",29-MAR-24,"","000u","CREANCES RATTACHEES - MANUELLES","DE","9"
"Reversal of 511800101 in 466000107 rf 0990007223050001 interest income of XAF CG2A0000254","099000u240890006","511800101","XAF",,647260,29-MAR-24,"C","BINEID00087","MBATOHID0012","TXN_AMT",29-MAR-24,"","000u","CREANCES RATTACHEES - MANUELLES","DE","7"
"REGUL INTEREST ISIN CG2A00000254 099OTAP231580001 526 050 000MN","099000u240890001","511800101","XAF",,592603,29-MAR-24,"C","BINEID00087","MBATOHID0012","TXN_AMT",29-MAR-24,"","000u","CREANCES RATTACHEES - MANUELLES","DE","1"
"REGUL INTEREST ISIN GA2J00000267 1BN","099000u240890076","511800101","XAF",,835052,29-MAR-24,"D","BINEID00087","MBATOHID0012","TXN_AMT",29-MAR-24,"","000u","CREANCES RATTACHEES - MANUELLES","DE","30"
"ACCRUED INTEREST Purchase OTA CG2J00000099","099000u240890070","511800101","XAF",,762082,29-MAR-24,"D","BINEID00087","MBATOHID0012","TXN_AMT",29-MAR-24,"","000u","CREANCES RATTACHEES - MANUELLES","DE","25"
"ACCRUED INTEREST Purchase OTA CG2J00000099","099000u240890068","511800101","XAF",,758740,29-MAR-24,"D","BINEID00087","MBATOHID0012","TXN_AMT",29-MAR-24,"","000u","CREANCES RATTACHEES - MANUELLES","DE","23"
"REGUL INTEREST ISIN SECURITY GA2J00000226 63 000 000","099000u240890061","511800101","XAF",,715870,29-MAR-24,"D","BINEID00087","MBATOHID0012","TXN_AMT",29-MAR-24,"","000u","CREANCES RATTACHEES - MANUELLES","DE","15"
"Liquidation of the Accrued interest of CG2J00000420  099OTAP232560004","099000u240890055","511800101","XAF",,688525,29-MAR-24,"D","BINEID00087","MBATOHID0012","TXN_AMT",29-MAR-24,"","000u","CREANCES RATTACHEES - MANUELLES","DE","8"
"CM1200001244 XAF 500 000 000 AT 3.95PCT Being losses due to sale at 5.5PCT","099000u240890052","511800101","XAF",,604167,29-MAR-24,"D","BINEID00087","MBATOHID0012","TXN_AMT",29-MAR-24,"","000u","CREANCES RATTACHEES - MANUELLES","DE","4"
"ACCRUED INTEREST Purchase OTA  CG2A00000254 AT 5.25PCT","099000u240890049","511800101","XAF",,592603,29-MAR-24,"D","BINEID00087","MBATOHID0012","TXN_AMT",29-MAR-24,"","000u","CREANCES RATTACHEES - MANUELLES","DE","2"
"Regul interest CM2L00000028 6PCT  500 000 000 099OTAP232470002","099000u240890047","511800101","XAF",,966764,29-MAR-24,"C","BINEID00087","MBATOHID0012","TXN_AMT",29-MAR-24,"","000u","CREANCES RATTACHEES - MANUELLES","DE","49"
"Reversal of 511800101 in 466000107 rf 099000c222940001 Interest income of XAF  GA2J00000127","099000u240890086","511800101","XAF",,890636,29-MAR-24,"D","BINEID00087","MBATOHID0012","TXN_AMT",29-MAR-24,"","000u","CREANCES RATTACHEES - MANUELLES","DE","40"
"Regul interest  CG2B0000014 6.5PCT 1 000 000 000 099OTAP230960001","099000u240890034","511800101","XAF",,890411,29-MAR-24,"C","BINEID00087","MBATOHID0012","TXN_AMT",29-MAR-24,"","000u","CREANCES RATTACHEES - MANUELLES","DE","36"
"Reversal of 511800101 in 466000107 rf 099000z222930001 Interest income of XAF  GA2J00000127","099000u240890039","511800101","XAF",,890936,29-MAR-24,"C","BINEID00087","MBATOHID0012","TXN_AMT",29-MAR-24,"","000u","CREANCES RATTACHEES - MANUELLES","DE","41"
"Reversal of 511800101 in 466000107 rf 099000j223630001 reversal sales of xaf 500 000 000 ga2k00000058 5.75PCT","099000v240890023","511800101","XAF",,1102704,29-MAR-24,"C","BINEID00087","MBATOHID0012","TXN_AMT",29-MAR-24,"","000v","CREANCES RATTACHEES - MANUELLES","DE","63"
"Reversal of 511800101 in 466000107 rf 099001f223620001 INTEREST AT SALES of the XAF 500 000 000 GA2K00000058 5.75","099000v240890024","511800101","XAF",,1102704,29-MAR-24,"D","BINEID00087","MBATOHID0012","TXN_AMT",29-MAR-24,"","000v","CREANCES RATTACHEES - MANUELLES","DE","64"
"SALES interest income on GA2K00000058 5.75PCT 500 000 000","099000v240890027","511800101","XAF",,1102740,29-MAR-24,"D","BINEID00087","MBATOHID0012","TXN_AMT",29-MAR-24,"","000v","CREANCES RATTACHEES - MANUELLES","DE","65"
"Reversal of 511800101 in 466000107 rf 099000e223570001 interest income on GA2K00000058 5.75PCT 500 000 000","099000v240890028","511800101","XAF",,1102740,29-MAR-24,"C","BINEID00087","MBATOHID0012","TXN_AMT",29-MAR-24,"","000v","CREANCES RATTACHEES - MANUELLES","DE","66"
"SALES interest income on GA2K00000058 5.75PCT 500 000 000","099000v240890031","511800101","XAF",,1120740,29-MAR-24,"C","BINEID00087","MBATOHID0012","TXN_AMT",29-MAR-24,"","000v","CREANCES RATTACHEES - MANUELLES","DE","67"
"Reversal of 511800101 in 466000107 rf 099000j223630001  sales of xaf 500 000 000 ga2k00000058 5.75PCT","099000v240890032","511800101","XAF",,1120740,29-MAR-24,"D","BINEID00087","MBATOHID0012","TXN_AMT",29-MAR-24,"","000v","CREANCES RATTACHEES - MANUELLES","DE","68"
"REGUL INTEREST ISIN GQ2K00000039","099000v240890035","511800101","XAF",,1150685,29-MAR-24,"C","BINEID00087","MBATOHID0012","TXN_AMT",29-MAR-24,"","000v","CREANCES RATTACHEES - MANUELLES","DE","69"
"Reversal of 511800101 in 466000107 rf 0990009223290001 Interest income of XAF 322 000 000 92.05PCT CG2B00000097","099000v240890051","511800101","XAF",,1204192,29-MAR-24,"C","BINEID00087","MBATOHID0012","TXN_AMT",29-MAR-24,"","000v","CREANCES RATTACHEES - MANUELLES","DE","77"
"Reversal of 511800101 in 466000107 rf 099000x222930001 Interest income of XAF  GA2J00000226","099000v240890057","511800101","XAF",,1246575,29-MAR-24,"C","BINEID00087","MBATOHID0012","TXN_AMT",29-MAR-24,"","000v","CREANCES RATTACHEES - MANUELLES","DE","80"
"Reversal of 511800101 in 466000107 rf 099000l223330001 INTEREST INCOME OF XAF 322 000 000 CG2B0000097","099000v240890091","511800101","XAF",,1433562,29-MAR-24,"D","BINEID00087","MBATOHID0012","TXN_AMT",29-MAR-24,"","000v","CREANCES RATTACHEES - MANUELLES","DE","99"
"REGUL INTEREST ISIN G2A00000143 099OTAP230950006 150MN","099000v240890095","511800101","XAF",,1457192,29-MAR-24,"D","BINEID00087","MBATOHID0012","TXN_AMT",29-MAR-24,"","000v","CREANCES RATTACHEES - MANUELLES","DE","100"
"REGUL INTEREST ISIN GA2J00000143  099OTAP231650001 50MN","099000v240890096","511800101","XAF",,1457192,29-MAR-24,"C","BINEID00087","MBATOHID0012","TXN_AMT",29-MAR-24,"","000v","CREANCES RATTACHEES - MANUELLES","DE","101"
"Regul interest CM2L00000028 6PCT  700 000 000 099OTAP232490004","099000v240890007","511800101","XAF",,1008265,29-MAR-24,"C","BINEID00087","MBATOHID0012","TXN_AMT",29-MAR-24,"","000v","CREANCES RATTACHEES - MANUELLES","DE","55"
"REGUL INTEREST  ISIN  CG2A00000099 099OTAP232850002 758MN","099000v240890013","511800101","XAF",,1050871,29-MAR-24,"C","BINEID00087","MBATOHID0012","TXN_AMT",29-MAR-24,"","000v","CREANCES RATTACHEES - MANUELLES","DE","58"
"ACCRUED INTEREST Purchase OTA GA2J00000099 AT 708000000  AT 6.10 PCT 099OTAP232920002","099000v240890014","511800101","XAF",,1050871,29-MAR-24,"D","BINEID00087","MBATOHID0012","TXN_AMT",29-MAR-24,"","000v","CREANCES RATTACHEES - MANUELLES","DE","59"
"REGUL INTEREST ISIN GA2J0000226 099OTAP230760001 53.5 M","099000v240890017","511800101","XAF",,1100414,29-MAR-24,"D","BINEID00087","MBATOHID0012","TXN_AMT",29-MAR-24,"","000v","CREANCES RATTACHEES - MANUELLES","DE","60"
"INTEREST PURCHASE  OF THE SECURITY GA2J00000226 53.5M","099000v240890018","511800101","XAF",,1100414,29-MAR-24,"D","BINEID00087","MBATOHID0012","TXN_AMT",29-MAR-24,"","000v","CREANCES RATTACHEES - MANUELLES","DE","61"
"INTEREST PURCHASE  OF THE SECURITY GA2J00000226 53.5M","099000v240890019","511800101","XAF",,1100414,29-MAR-24,"C","BINEID00087","MBATOHID0012","TXN_AMT",29-MAR-24,"","000v","CREANCES RATTACHEES - MANUELLES","DE","62"
"Reversal of 511800101 in 466000107 rf 099000f222980001 COUPON INTEREST RECIEVED OF XAF 1369863  GA2J00000267","099000v240890080","511800101","XAF",,1412121,29-MAR-24,"D","BINEID00087","MBATOHID0012","TXN_AMT",29-MAR-24,"","000v","CREANCES RATTACHEES - MANUELLES","DE","92"
"interest income on  sales GA2K00000058 5.75PCT 500 000 000","099000v240890083","511800101","XAF",,1417808,29-MAR-24,"D","BINEID00087","MBATOHID0012","TXN_AMT",29-MAR-24,"","000v","CREANCES RATTACHEES - MANUELLES","DE","94"
"Reversal of 511800101 in 466000107 rf 0990017223620001 interest income on GA2K00000058  5.75PCT 500 000 000","099000v240890084","511800101","XAF",,1417808,29-MAR-24,"C","BINEID00087","MBATOHID0012","TXN_AMT",29-MAR-24,"","000v","CREANCES RATTACHEES - MANUELLES","DE","95"
"Reversal of 511800101 in 466000107 rf 099000f222980001 PURCHASE OF THE SECURITY  COUPON INTEREST RECIEVED OF XAF 1369863  GA2J00000267","099000v240890087","511800101","XAF",,1418910,29-MAR-24,"C","BINEID00087","MBATOHID0012","TXN_AMT",29-MAR-24,"","000v","CREANCES RATTACHEES - MANUELLES","DE","96"
"REGUL INTEREST ISIN SECURITY GA2B00000117 SALE OF 320MN","099000v240890067","511800101","XAF",,1369863,29-MAR-24,"C","BINEID00087","MBATOHID0012","TXN_AMT",29-MAR-24,"","000v","CREANCES RATTACHEES - MANUELLES","DE","85"
"Reversal of 511800101 in 466000107 rf 099000g222940001 Interest income of XAF  GA2J00000226","099000v240890068","511800101","XAF",,1369863,29-MAR-24,"D","BINEID00087","MBATOHID0012","TXN_AMT",29-MAR-24,"","000v","CREANCES RATTACHEES - MANUELLES","DE","86"
"Reversal of 511800101 in 466000107 rf 099000g222940001 Interest income of XAF  GA2J00000226","099000v240890069","511800101","XAF",,1369863,29-MAR-24,"D","BINEID00087","MBATOHID0012","TXN_AMT",29-MAR-24,"","000v","CREANCES RATTACHEES - MANUELLES","DE","87"
"Reversal of 511800101 in 466000107 rf 099000l222930001 Interest income of XAF  GA2B00000117","099000v240890070","511800101","XAF",,1369863,29-MAR-24,"C","BINEID00087","MBATOHID0012","TXN_AMT",29-MAR-24,"","000v","CREANCES RATTACHEES - MANUELLES","DE","88"
"REGUL INTEREST ISIN GA2B00000091  450 000 000  AT 6.25 PCT 099OTAP2230310001","099000v240890075","511800101","XAF",,1386986,29-MAR-24,"C","BINEID00087","MBATOHID0012","TXN_AMT",29-MAR-24,"","000v","CREANCES RATTACHEES - MANUELLES","DE","89"
"ACCRUED INTEREST AT PURCHASE ISIN GA2JOOOOO267 47.2MN","099000v240890079","511800101","XAF",,1412121,29-MAR-24,"C","BINEID00087","MBATOHID0012","TXN_AMT",29-MAR-24,"","000v","CREANCES RATTACHEES - MANUELLES","DE","91"
"Reversal of 511800101 in 466000107 rf 099000k223330001 reversal INTEREST INCOME FOR XAF 322 000 000 OF CG2B00000097 /S202R1582935/202//56132718516","099000v240890089","511800101","XAF",,1433562,29-MAR-24,"C","BINEID00087","MBATOHID0012","TXN_AMT",29-MAR-24,"","000v","CREANCES RATTACHEES - MANUELLES","DE","97"
"Reversal of 511800101 in 466000107 rf 099000b223330001 INTEREST INCOME FOR XAF 322 000 000 OF CG2B00000097 /S202R1582935/202//56132718516","099000v240890090","511800101","XAF",,1433562,29-MAR-24,"D","BINEID00087","MBATOHID0012","TXN_AMT",29-MAR-24,"","000v","CREANCES RATTACHEES - MANUELLES","DE","98"
"Reversal of 511800101 in 466000107 rf 0990002223350001 INTEREST INCOME OF XAF CG2B0000097","099000x240890017","511800101","XAF",,1605589,29-MAR-24,"C","BINEID00087","MBATOHID0012","TXN_AMT",29-MAR-24,"","000x","CREANCES RATTACHEES - MANUELLES","DE","114"
""" SALES GA2K00000058  2 000 000 000 5.75 PCT 099OTAP233480002		""","099000x240890015","511800101","XAF",,1571038,29-MAR-24,"D","BINEID00087","MBATOHID0012","TXN_AMT",29-MAR-24,"","000x","CREANCES RATTACHEES - MANUELLES","DE","111"
"Reversal of 511800101 in 466000107 Buyback of the 3.5 Bln OTA with value date June 17th 2022 Last interest paid June 14th 2022","099000x240890020","511800101","XAF",,1610959,29-MAR-24,"C","BINEID00087","MBATOHID0012","TXN_AMT",29-MAR-24,"","000x","CREANCES RATTACHEES - MANUELLES","DE","115"
"CM1200001244 XAF 500 000 000 AT 3.95PCT Being forfieted interest 23 May 21 June 2023","099000x240890027","511800101","XAF",,1611111,29-MAR-24,"D","BINEID00087","MBATOHID0012","TXN_AMT",29-MAR-24,"","000x","CREANCES RATTACHEES - MANUELLES","DE","119"
"INTERET ISIN  LIQUIDATION  CM2l0000036 5.90PCT 5.000.000.000XAF 099OTAP233330005","099000x240890029","511800101","XAF",,1616438,29-MAR-24,"D","BINEID00087","MBATOHID0012","TXN_AMT",29-MAR-24,"","000x","CREANCES RATTACHEES - MANUELLES","DE","120"
""" interest income on   PURCHASE  CM2L00000036  AT 5.9PCT 5 000 000 000 099OTAP233330005		""","099000x240890030","511800101","XAF",,1616438,29-MAR-24,"C","BINEID00087","MBATOHID0012","TXN_AMT",29-MAR-24,"","000x","CREANCES RATTACHEES - MANUELLES","DE","121"
"REGUL INTEREST ISIN G2A00000143 099OTAP231650001 50MN","099000x240890033","511800101","XAF",,1630479,29-MAR-24,"C","BINEID00087","MBATOHID0012","TXN_AMT",29-MAR-24,"","000x","CREANCES RATTACHEES - MANUELLES","DE","122"
"ACCRUED INTEREST Purchase OTA GA2J00000143 AT 50 000 000  AT 5.75PCT","099000x240890034","511800101","XAF",,1630479,29-MAR-24,"D","BINEID00087","MBATOHID0012","TXN_AMT",29-MAR-24,"","000x","CREANCES RATTACHEES - MANUELLES","DE","123"
"Reversal of 511800101 in 466000107 rf 099000i222980001 099OTAP222930004  099OTAP222930004 Principal Amount","099000x240890037","511800101","XAF",,1639726,29-MAR-24,"C","BINEID00087","MBATOHID0012","TXN_AMT",29-MAR-24,"","000x","CREANCES RATTACHEES - MANUELLES","DE","124"
"CM1200001244 XAF 500 000 000 AT 3.95PCT Being forfieted interest 23 May 21 June 2023","099000x240890039","511800101","XAF",,1661111,29-MAR-24,"C","BINEID00087","MBATOHID0012","TXN_AMT",29-MAR-24,"","000x","CREANCES RATTACHEES - MANUELLES","DE","126"
"CM1200001244 XAF 500 000 000 AT 3.95PCT Being forfieted interest 23 May 21 June 2023","099000x240890040","511800101","XAF",,1661111,29-MAR-24,"D","BINEID00087","MBATOHID0012","TXN_AMT",29-MAR-24,"","000x","CREANCES RATTACHEES - MANUELLES","DE","127"
"REGUL INTEREST ISIN CG2500000099 BOOKING 950 MN   099OTAP232330003","099000x240890043","511800101","XAF",,1704658,29-MAR-24,"C","BINEID00087","MBATOHID0012","TXN_AMT",29-MAR-24,"","000x","CREANCES RATTACHEES - MANUELLES","DE","128"
"ACCRUED INTEREST Purchase OTA CG2J00000099 AT 50 000 000  AT 6.1PCT","099000x240890044","511800101","XAF",,1704658,29-MAR-24,"D","BINEID00087","MBATOHID0012","TXN_AMT",29-MAR-24,"","000x","CREANCES RATTACHEES - MANUELLES","DE","129"
"""SALES security CG2J00000487  1 500 000 000  6 PCT 099OTAP233600001		""","099000x240890049","511800101","XAF",,1721311,29-MAR-24,"D","BINEID00087","MBATOHID0012","TXN_AMT",29-MAR-24,"","000x","CREANCES RATTACHEES - MANUELLES","DE","131"
"PURCHASE CG2J00000487AT 6PCT    1 500 000 000 099OTAP233600001","099000x240890050","511800101","XAF",,1721311,29-MAR-24,"C","BINEID00087","MBATOHID0012","TXN_AMT",29-MAR-24,"","000x","CREANCES RATTACHEES - MANUELLES","DE","132"
"REGUL INTEREST ISIN CG2500000099 BOOKING 900MN  099OTAP23240001","099000x240890059","511800101","XAF",,1771507,29-MAR-24,"C","BINEID00087","MBATOHID0012","TXN_AMT",29-MAR-24,"","000x","CREANCES RATTACHEES - MANUELLES","DE","136"
"""Purchase of the security CG2J00000099 AT 50 000 000 AT 6.1PCT/00101300143/ SOCIETE SOMA GROUP CM SAS	""","099000x240890060","511800101","XAF",,1771507,29-MAR-24,"D","BINEID00087","MBATOHID0012","TXN_AMT",29-MAR-24,"","000x","CREANCES RATTACHEES - MANUELLES","DE","137"
"""REGUL INTEREST ISIN GQ2K00000039 400 000 000 /200 000 000  AT 7PCT 099OTAP232220002	""","099000x240890067","511800101","XAF",,1836066,29-MAR-24,"C","BINEID00087","MBATOHID0012","TXN_AMT",29-MAR-24,"","000x","CREANCES RATTACHEES - MANUELLES","DE","139"
"COUPON RECEIVED ON SALE OF THE SECURITY SALE OF SECURITY CGK0000000","099000x240890068","511800101","XAF",,1836066,29-MAR-24,"D","BINEID00087","MBATOHID0012","TXN_AMT",29-MAR-24,"","000x","CREANCES RATTACHEES - MANUELLES","DE","140"
"REGUL INTEREST ISIN CQ2K00000039 500 000 000 AT 7PCT 099OTAP230620001","099000x240890005","511800101","XAF",,1530055,29-MAR-24,"C","BINEID00087","MBATOHID0012","TXN_AMT",29-MAR-24,"","000x","CREANCES RATTACHEES - MANUELLES","DE","105"
"DISCOUNT INTEREST LEFT ON SALE OF THE SECURITY GQK00000039 000","099000x240890006","511800101","XAF",,1530055,29-MAR-24,"D","BINEID00087","MBATOHID0012","TXN_AMT",29-MAR-24,"","000x","CREANCES RATTACHEES - MANUELLES","DE","106"
"REGUL INTEREST ISIN GA2Y00000218","099000x240890011","511800101","XAF",,1553425,29-MAR-24,"C","BINEID00087","MBATOHID0012","TXN_AMT",29-MAR-24,"","000x","CREANCES RATTACHEES - MANUELLES","DE","108"
"REGULARIZATION BUYBACK OF 3.5BLN OTA WITH VD 17/06/2023","099000x240890019","511800101","XAF",,1610959,29-MAR-24,"D","BINEID00087","MBATOHID0012","TXN_AMT",29-MAR-24,"","000x","CREANCES RATTACHEES - MANUELLES","DE","115"
"REGUL INTEREST ISIN CG2A00000254","0990016240890069","511800101","XAF",,2524315,29-MAR-24,"C","IHOYID000023","MBATOHID0012","TXN_AMT",29-MAR-24,"","0016","CREANCES RATTACHEES - MANUELLES","DE","37"
"ReEGUL INTEREST ISIN SECURITY  GA2J00000226 63 000 000 AT NEW PURCHASE","0990016240890073","511800101","XAF",,2564445,29-MAR-24,"C","IHOYID000023","MBATOHID0012","TXN_AMT",29-MAR-24,"","0016","CREANCES RATTACHEES - MANUELLES","DE","39"
"REGUL INTEREST ISIN SECURITY GA2J00000226 63 000 000","0990016240890075","511800101","XAF",,2564445,29-MAR-24,"D","IHOYID000023","MBATOHID0012","TXN_AMT",29-MAR-24,"","0016","CREANCES RATTACHEES - MANUELLES","DE","40"
"REGUL INTEREST ISIN GA2J00000143  099OTAP230950006 150MN","0990016240890077","511800101","XAF",,2575685,29-MAR-24,"D","IHOYID000023","MBATOHID0012","TXN_AMT",29-MAR-24,"","0016","CREANCES RATTACHEES - MANUELLES","DE","41"
"""interest income on purchase  GA2J00000143 AT 5.75PCT 150 000 000		""","0990016240890079","511800101","XAF",,2575685,29-MAR-24,"C","IHOYID000023","MBATOHID0012","TXN_AMT",29-MAR-24,"","0016","CREANCES RATTACHEES - MANUELLES","DE","42"
"REGUL INTEREST ISIN GQ2J00000032 AT 5PCT 700 000 000 099OTAP222710002","0990016240890081","511800101","XAF",,2684931,29-MAR-24,"C","IHOYID000023","MBATOHID0012","TXN_AMT",29-MAR-24,"","0016","CREANCES RATTACHEES - MANUELLES","DE","43"
"REGUL INTEREST  ISIN  CG2J00000099 758MN  099OTAP232850002","0990016240890005","511800101","XAF",,2122466,29-MAR-24,"C","IHOYID000023","MBATOHID0012","TXN_AMT",29-MAR-24,"","0016","CREANCES RATTACHEES - MANUELLES","DE","3"
"ACCRUED INTEREST PURCHASE OTAP CG2J00000099 AT 50 000 000 AT 6.1PCT 099OTAP232580007","0990016240890007","511800101","XAF",,2122466,29-MAR-24,"D","IHOYID000023","MBATOHID0012","TXN_AMT",29-MAR-24,"","0016","CREANCES RATTACHEES - MANUELLES","DE","4"
"REGUL ISIN CG2A000000353 LIQUIDATION 099OTAP230160002","0990016240890015","511800101","XAF",,2169863,29-MAR-24,"C","IHOYID000023","MBATOHID0012","TXN_AMT",29-MAR-24,"","0016","CREANCES RATTACHEES - MANUELLES","DE","8"
"Reversal of 511800101 in 466000107 rf 0990012223610001 ACCRUED INTEREST   of XAF GA2K00000058 1 000 000 000 5.7PCT","0990016240890025","511800101","XAF",,2205479,29-MAR-24,"D","IHOYID000023","MBATOHID0012","TXN_AMT",29-MAR-24,"","0016","CREANCES RATTACHEES - MANUELLES","DE","13"
"Reversal of 511800101 in 466000107 rf 099000d223570001 interest income on GA2K00000058 5.75PCT 1 000 000 000","0990016240890027","511800101","XAF",,2205479,29-MAR-24,"C","IHOYID000023","MBATOHID0012","TXN_AMT",29-MAR-24,"","0016","CREANCES RATTACHEES - MANUELLES","DE","14"
"""REGUL INTEREST ISIN CG2J00000321 250 000 000   AT 5.75 PCT 099OTAP230310003		""","0990016240890035","511800101","XAF",,2244863,29-MAR-24,"C","IHOYID000023","MBATOHID0012","TXN_AMT",29-MAR-24,"","0016","CREANCES RATTACHEES - MANUELLES","DE","18"
"REGUL INTEREST  ISIN  CG2A00000099 099OTAP2310700 650MN","0990016240890061","511800101","XAF",,2502740,29-MAR-24,"C","IHOYID000023","MBATOHID0012","TXN_AMT",29-MAR-24,"","0016","CREANCES RATTACHEES - MANUELLES","DE","33"
"""Purchase  CG2A00000254  100M INTEL HR CONSULTING ACCRUED INTEREST		""","0990016240890063","511800101","XAF",,2502740,29-MAR-24,"D","IHOYID000023","MBATOHID0012","TXN_AMT",29-MAR-24,"","0016","CREANCES RATTACHEES - MANUELLES","DE","34"
"REGUL INTEREST  ISIN  CG2A00000099 099OTAP2310700 650MN","0990016240890065","511800101","XAF",,2505740,29-MAR-24,"D","IHOYID000023","MBATOHID0012","TXN_AMT",29-MAR-24,"","0016","CREANCES RATTACHEES - MANUELLES","DE","35"
"""REGUL INTEREST ISIN GQ2K00000039  		""","0990016240890041","511800101","XAF",,2301370,29-MAR-24,"C","IHOYID000023","MBATOHID0012","TXN_AMT",29-MAR-24,"","0016","CREANCES RATTACHEES - MANUELLES","DE","21"
"Reclassification of 511800100 to 511800101 manual good contract rf 099OTAP233620001 REGUL INTEREST ISIN CM2B00000087","0990016240890050","511800101","XAF",,2335616,29-MAR-24,"C","IHOYID000023","MBATOHID0012","TXN_AMT",29-MAR-24,"","0016","CREANCES RATTACHEES - MANUELLES","DE","27"
"REGUL ISIN CG2A000000353 LIQUIDATION 099OTAP230160002","0990016240890055","511800101","XAF",,2380821,29-MAR-24,"C","IHOYID000023","MBATOHID0012","TXN_AMT",29-MAR-24,"","0016","CREANCES RATTACHEES - MANUELLES","DE","30"
"REGUL  INTEREST ISIN CG2J00000099 099OTAP23107000 650MN","0990016240890067","511800101","XAF",,2505740,29-MAR-24,"C","IHOYID000023","MBATOHID0012","TXN_AMT",29-MAR-24,"","0016","CREANCES RATTACHEES - MANUELLES","DE","36"
"interest income on  sales GA2K00000058 5.75PCT 1 000 000 000","0990018240890019","511800101","XAF",,2835616,29-MAR-24,"D","BINEID00087","MBATOHID0012","TXN_AMT",29-MAR-24,"","0018","CREANCES RATTACHEES - MANUELLES","DE","54"
"Reversal of 511800101 in 466000107 rf 099001p223620001 interest income on GA2K00000058 5.75PCT 1 000 000 000","0990018240890021","511800101","XAF",,2835616,29-MAR-24,"C","BINEID00087","MBATOHID0012","TXN_AMT",29-MAR-24,"","0018","CREANCES RATTACHEES - MANUELLES","DE","55"
"ACCRUED INTEREST Purchase OTA  CG2A00000254 AT 5.25PCT","0990018240890009","511800101","XAF",,2814863,29-MAR-24,"D","BINEID00087","MBATOHID0012","TXN_AMT",29-MAR-24,"","0018","CREANCES RATTACHEES - MANUELLES","DE","48"
"REGUL INTEREST CG2A00000254 099OTAP231360003 641 050 000 M","0990018240890007","511800101","XAF",,2814863,29-MAR-24,"C","BINEID00087","MBATOHID0012","TXN_AMT",29-MAR-24,"","0018","CREANCES RATTACHEES - MANUELLES","DE","47"
"interest income on  sales CGJ00000321 AT 5.75PCT","0990018240890005","511800101","XAF",,2717466,29-MAR-24,"D","BINEID00087","MBATOHID0012","TXN_AMT",29-MAR-24,"","0018","CREANCES RATTACHEES - MANUELLES","DE","46"
"""ACCRUED INTEREST Purchase OTA GA2J00000143 AT 100 000 000  AT 5.75PCT		""","0990018240890029","511800101","XAF",,2914384,29-MAR-24,"D","BINEID00087","MBATOHID0012","TXN_AMT",29-MAR-24,"","0018","CREANCES RATTACHEES - MANUELLES","DE","59"
"REGUL INTEREST ISIN GA2J00000143  099OTAP231650001 50MN","0990018240890027","511800101","XAF",,2914384,29-MAR-24,"C","BINEID00087","MBATOHID0012","TXN_AMT",29-MAR-24,"","0018","CREANCES RATTACHEES - MANUELLES","DE","58"
"FINAL INTEREST RECIEVED AT SALES ON CG2J00000321  AT 5.75 PCT 250 000 000  099OTAP231010001","0990018240890025","511800101","XAF",,2914384,29-MAR-24,"D","BINEID00087","MBATOHID0012","TXN_AMT",29-MAR-24,"","0018","CREANCES RATTACHEES - MANUELLES","DE","57"
"REGUL INTEREST ISIN SECURITY GA2J00000226 63 000 000 AT COUPON ANNIVERSARY","0990018240890065","511800101","XAF",,3307500,29-MAR-24,"C","BINEID00087","MBATOHID0012","TXN_AMT",29-MAR-24,"","0018","CREANCES RATTACHEES - MANUELLES","DE","80"
"Reversal of 511800101 in 466000107 ACCRUED INTEREST ISIN CG2K00000062 100 M","0990018240890079","511800101","XAF",,3426230,29-MAR-24,"C","BINEID00087","MBATOHID0012","TXN_AMT",29-MAR-24,"","0018","CREANCES RATTACHEES - MANUELLES","DE","87"
"ACCRUED INTEREST AT PURCHASE  ISIN CG2K00000062  100M","0990018240890077","511800101","XAF",,3426230,29-MAR-24,"C","BINEID00087","MBATOHID0012","TXN_AMT",29-MAR-24,"","0018","CREANCES RATTACHEES - MANUELLES","DE","86"
"REVERSAL ACCRUED INTEREST ISIN CG2K00000062  100M","0990018240890075","511800101","XAF",,3426230,29-MAR-24,"D","BINEID00087","MBATOHID0012","TXN_AMT",29-MAR-24,"","0018","CREANCES RATTACHEES - MANUELLES","DE","85"
"""Accrued interest of  CG2K00000062 100 000 000  AT 6 PCT  099 OTAP233030012		""","0990018240890073","511800101","XAF",,3426230,29-MAR-24,"D","BINEID00087","MBATOHID0012","TXN_AMT",29-MAR-24,"","0018","CREANCES RATTACHEES - MANUELLES","DE","84"
"COUPON COURU ISIN GA2J0000218 BOOKING 600MN 5.25PCT","0990018240890071","511800101","XAF",,3365753,29-MAR-24,"D","BINEID00087","MBATOHID0012","TXN_AMT",29-MAR-24,"","0018","CREANCES RATTACHEES - MANUELLES","DE","83"
"REGUL INTEREST ISIN GA2J0000218 BOOKING 100MN 099OTAP231490003","0990018240890069","511800101","XAF",,3365753,29-MAR-24,"C","BINEID00087","MBATOHID0012","TXN_AMT",29-MAR-24,"","0018","CREANCES RATTACHEES - MANUELLES","DE","82"
"Reversal of 511800101 in 466000107 rf 099000m223000001 Coupon interest received of XAF 3 307 500 GA2J00000226","0990018240890067","511800101","XAF",,3307500,29-MAR-24,"D","BINEID00087","MBATOHID0012","TXN_AMT",29-MAR-24,"","0018","CREANCES RATTACHEES - MANUELLES","DE","81"
"Reclassification of 511800100 to 511800101 manual good contract rf 099OTAP233620001 REGUL INTEREST ISIN CM2B00000087","0990018240890048","511800101","XAF",,3164384,29-MAR-24,"C","BINEID00087","MBATOHID0012","TXN_AMT",29-MAR-24,"","0018","CREANCES RATTACHEES - MANUELLES","DE","70"
"DISCOUNT INTEREST LEFT ON SALE OF THE SECURITY GQK00000039","0990018240890041","511800101","XAF",,3060109,29-MAR-24,"D","BINEID00087","MBATOHID0012","TXN_AMT",29-MAR-24,"","0018","CREANCES RATTACHEES - MANUELLES","DE","67"
""" REGUL INTEREST ISIN GQ2K00000039 1 000 000 000 AT 7PCT 099OTAP230450003		""","0990018240890039","511800101","XAF",,3060109,29-MAR-24,"C","BINEID00087","MBATOHID0012","TXN_AMT",29-MAR-24,"","0018","CREANCES RATTACHEES - MANUELLES","DE","66"
"REGUL INTEREST ISIN GA2J00000267 1BN","0990018240890037","511800101","XAF",,3020548,29-MAR-24,"D","BINEID00087","MBATOHID0012","TXN_AMT",29-MAR-24,"","0018","CREANCES RATTACHEES - MANUELLES","DE","64"
"""interest income on   PURCHASE GA2J00000291 AT 5.75 PCT 100 000 000		""","0990018240890033","511800101","XAF",,2969262,29-MAR-24,"C","BINEID00087","MBATOHID0012","TXN_AMT",29-MAR-24,"","0018","CREANCES RATTACHEES - MANUELLES","DE","61"
"ACCRUED INTEREST Purchase OTA GA2J00000291 AT 100 000 000  AT 5.75 PCT 099OTAP232890001","0990018240890031","511800101","XAF",,2969262,29-MAR-24,"D","BINEID00087","MBATOHID0012","TXN_AMT",29-MAR-24,"","0018","CREANCES RATTACHEES - MANUELLES","DE","60"
"Reversal of 511800101 in 466000107 rf 099000k222980001 099OTAP222930007 099OTAP222930007 Principal Amount","0990018240890059","511800101","XAF",,3289377,29-MAR-24,"C","BINEID00087","MBATOHID0012","TXN_AMT",29-MAR-24,"","0018","CREANCES RATTACHEES - MANUELLES","DE","77"
"REGUL INTEREST ISIN SECURITY GA2J00000226 63 000 000","0990018240890057","511800101","XAF",,3289377,29-MAR-24,"D","BINEID00087","MBATOHID0012","TXN_AMT",29-MAR-24,"","0018","CREANCES RATTACHEES - MANUELLES","DE","76"
"REGUL INTEREST ISIN SECURITY GA2J00000226 63 000 000 AT SALE","0990018240890055","511800101","XAF",,3280315,29-MAR-24,"C","BINEID00087","MBATOHID0012","TXN_AMT",29-MAR-24,"","0018","CREANCES RATTACHEES - MANUELLES","DE","74"
"PURCHASE OF SECURITY GA2B00000117 099OTAP222870005 680MN","0990018240890023","511800101","XAF",,2910959,29-MAR-24,"C","BINEID00087","MBATOHID0012","TXN_AMT",29-MAR-24,"","0018","CREANCES RATTACHEES - MANUELLES","DE","56"
"REGUL SALE 099OTAP222870006 GA2B00000117 XAF 1 180 000 000","0990018240890011","511800101","XAF",,2828767,29-MAR-24,"C","BINEID00087","MBATOHID0012","TXN_AMT",29-MAR-24,"","0018","CREANCES RATTACHEES - MANUELLES","DE","49"
"interest income on PURCHASE CG2A00000353 AT 5.50PCT","099001a240890105","511800101","XAF",,6147945,29-MAR-24,"C","BINEID00087","MBATOHID0012","TXN_AMT",29-MAR-24,"","001a","CREANCES RATTACHEES - MANUELLES","DE","57"
""" interest income on  PURCHASE  CM2L00000028 AT 5.6 PCT  500 000 000		""","099001a240890107","511800101","XAF",,6164384,29-MAR-24,"C","BINEID00087","MBATOHID0012","TXN_AMT",29-MAR-24,"","001a","CREANCES RATTACHEES - MANUELLES","DE","58"
"REGUL INTEREST ISIN GQ2J00000032 AT 5PCT 700 000 000 099OTAP222980004","099001a240890113","511800101","XAF",,6424658,29-MAR-24,"C","BINEID00087","MBATOHID0012","TXN_AMT",29-MAR-24,"","001a","CREANCES RATTACHEES - MANUELLES","DE","61"
"PURCHASE CG2J00000438  AT 5.75 PCT 2 000 000 000 099OTAP233030004","099001a240890119","511800101","XAF",,6598361,29-MAR-24,"C","BINEID00087","MBATOHID0012","TXN_AMT",29-MAR-24,"","001a","CREANCES RATTACHEES - MANUELLES","DE","64"
"Reversal of 511800101 in 466000107 rf 099000c222630001 Accrued interest at purchase of CM2B00000103","099001a240890121","511800101","XAF",,6616438,29-MAR-24,"C","BINEID00087","MBATOHID0012","TXN_AMT",29-MAR-24,"","001a","CREANCES RATTACHEES - MANUELLES","DE","65"
"SALES   CG2J00000438  AT 5.75 PCT 2 000 000 000 099OTAP233030004","099001a240890123","511800101","XAF",,6912568,29-MAR-24,"D","BINEID00087","MBATOHID0012","TXN_AMT",29-MAR-24,"","001a","CREANCES RATTACHEES - MANUELLES","DE","66"
"REGUL INTEREST ISIN GA2J0000218 LIQUIDATION 099OTAP223550001 600MN","099001a240890125","511800101","XAF",,6990411,29-MAR-24,"D","BINEID00087","MBATOHID0012","TXN_AMT",29-MAR-24,"","001a","CREANCES RATTACHEES - MANUELLES","DE","67"
"Reversal of 511800101 in 466000107 rf 099000a223550001 Purchase T BOND GA2J00000218 INTEREST ACCRUED  600 000 000 5.25PCT","099001a240890127","511800101","XAF",,6990411,29-MAR-24,"C","BINEID00087","MBATOHID0012","TXN_AMT",29-MAR-24,"","001a","CREANCES RATTACHEES - MANUELLES","DE","68"
"ANNUAL INTEREST INCOME OF XAF  400 000 000 CG2A00000353  RECIEVED 099OTAP231000001","099001a240890103","511800101","XAF",,6147945,29-MAR-24,"D","BINEID00087","MBATOHID0012","TXN_AMT",29-MAR-24,"","001a","CREANCES RATTACHEES - MANUELLES","DE","56"
"interest Purchase of the security CG2J00000420 500 000 000 at 6PCT 099OTAP232560004.","099001a240890099","511800101","XAF",,6082192,29-MAR-24,"C","BINEID00087","MBATOHID0012","TXN_AMT",29-MAR-24,"","001a","CREANCES RATTACHEES - MANUELLES","DE","53"
"Accrued interest AT PURCHASE  of the security CG2J00000420  500 000 000 AT 6PCT099OTAP233270001","099001a240890097","511800101","XAF",,6082192,29-MAR-24,"D","BINEID00087","MBATOHID0012","TXN_AMT",29-MAR-24,"","001a","CREANCES RATTACHEES - MANUELLES","DE","52"
"""interest income on SALES  CG2A00000353 AT 5.50PCT 400 000 000		""","099001a240890091","511800101","XAF",,5846575,29-MAR-24,"D","BINEID00087","MBATOHID0012","TXN_AMT",29-MAR-24,"","001a","CREANCES RATTACHEES - MANUELLES","DE","49"
"Reversal of 511800101 in 466000107 rf 099000a223410001 Coupon interest received of XAF 600 000 000 GA2Y00000218","099001a240890087","511800101","XAF",,5782192,29-MAR-24,"D","BINEID00087","MBATOHID0012","TXN_AMT",29-MAR-24,"","001a","CREANCES RATTACHEES - MANUELLES","DE","47"
"interest income on   SALES  CM2L00000028","099001a240890129","511800101","XAF",,7131147,29-MAR-24,"D","BINEID00087","MBATOHID0012","TXN_AMT",29-MAR-24,"","001a","CREANCES RATTACHEES - MANUELLES","DE","69"
"REGUL INTEREST ISIN CM2B00000095 1 000 000 000   AT 5.5 PCT 099OTAP232340006","099001a240890065","511800101","XAF",,4658470,29-MAR-24,"C","BINEID00087","MBATOHID0012","TXN_AMT",29-MAR-24,"","001a","CREANCES RATTACHEES - MANUELLES","DE","36"
"Reclassification of 511800100 to 511800101 manual  good contract rf 099OTAP233620001 INTEREST AT ANNIVERSARY 01 OCT 2023 ISIN CM2B00000087","099001a240890062","511800101","XAF",,4520548,29-MAR-24,"C","BINEID00087","MBATOHID0012","TXN_AMT",29-MAR-24,"","001a","CREANCES RATTACHEES - MANUELLES","DE","33"
"""T BILL 1000 000 000 CM1200001244 INTEREST AT 5.5PCT FV SCB	""","099001a240890059","511800101","XAF",,4430556,29-MAR-24,"C","BINEID00087","MBATOHID0012","TXN_AMT",29-MAR-24,"","001a","CREANCES RATTACHEES - MANUELLES","DE","32"
"REGUL INTEREST ISIN GA2Y00000218 600 000 000   AT 5.25 PCT","099001a240890085","511800101","XAF",,5782192,29-MAR-24,"C","BINEID00087","MBATOHID0012","TXN_AMT",29-MAR-24,"","001a","CREANCES RATTACHEES - MANUELLES","DE","46"
"Reversal of 511800101 in 466000107 rf 099000j222930001 Interest income of XAF  GA2B00000117","099001a240890051","511800101","XAF",,4280822,29-MAR-24,"C","BINEID00087","MBATOHID0012","TXN_AMT",29-MAR-24,"","001a","CREANCES RATTACHEES - MANUELLES","DE","28"
"REGUL INTEREST ISIN GA2B00000117 LIQUIDATION 099OTAP222450007 1BN","099001a240890049","511800101","XAF",,4280822,29-MAR-24,"D","BINEID00087","MBATOHID0012","TXN_AMT",29-MAR-24,"","001a","CREANCES RATTACHEES - MANUELLES","DE","27"
"Reclassification of 511800100 to 511800101 manual good contract rf 099OTAP233620001 REGUL INTEREST ISIN CM2B00000087","099001a240890044","511800101","XAF",,4219178,29-MAR-24,"C","BINEID00087","MBATOHID0012","TXN_AMT",29-MAR-24,"","001a","CREANCES RATTACHEES - MANUELLES","DE","23"
"Reclassification of 511800100 to 511800101 manual  good contract rf 099OTAP233620001 REGUL INTEREST ISIN CM2B00000087","099001a240890042","511800101","XAF",,4219178,29-MAR-24,"C","BINEID00087","MBATOHID0012","TXN_AMT",29-MAR-24,"","001a","CREANCES RATTACHEES - MANUELLES","DE","22"
"Reversal of 511800101 in 466000107 rf 0990003223350001 interest income of XAF CG2A0000254","099001a240890055","511800101","XAF",,4315068,29-MAR-24,"C","BINEID00087","MBATOHID0012","TXN_AMT",29-MAR-24,"","001a","CREANCES RATTACHEES - MANUELLES","DE","30"
"""REGUL INTEREST ISIN GA2Y00000218 600 000 000   AT 5.25 PCT 099OTAP222930004		""","099001a240890035","511800101","XAF",,4142466,29-MAR-24,"C","BINEID00087","MBATOHID0012","TXN_AMT",29-MAR-24,"","001a","CREANCES RATTACHEES - MANUELLES","DE","18"
"Reversal of 511800101 in 466000107 rf 099000o223330001 INTEREST INCOME OF XAF CG2B00000097","099001a240890033","511800101","XAF",,3991438,29-MAR-24,"D","BINEID00087","MBATOHID0012","TXN_AMT",29-MAR-24,"","001a","CREANCES RATTACHEES - MANUELLES","DE","17"
"Reversal of 511800101 in 466000107 rf 099000k223330001 reversal INTEREST FOR XAF 450 000 000 AND 300 000 000 CG2A00000254/S202R1582932/202//56132628516","099001a240890031","511800101","XAF",,3991438,29-MAR-24,"C","BINEID00087","MBATOHID0012","TXN_AMT",29-MAR-24,"","001a","CREANCES RATTACHEES - MANUELLES","DE","16"
"Reversal of 511800101 in 466000107 rf 099000b223330001 INTEREST INCOME FOR XAF 450 000 000 AND 300 000 000 CG2A00000254/S202R1582932/202//56132628516","099001a240890029","511800101","XAF",,3991438,29-MAR-24,"D","BINEID00087","MBATOHID0012","TXN_AMT",29-MAR-24,"","001a","CREANCES RATTACHEES - MANUELLES","DE","15"
"ACCRUED INTEREST Purchase OTA  CG2A00000254 AT 5.25PCT","099001a240890025","511800101","XAF",,3869178,29-MAR-24,"D","BINEID00087","MBATOHID0012","TXN_AMT",29-MAR-24,"","001a","CREANCES RATTACHEES - MANUELLES","DE","13"
"REGUL INTEREST ISIN CG2A00000254 099OTAP231580001 526 050 000MN","099001a240890023","511800101","XAF",,3869178,29-MAR-24,"C","BINEID00087","MBATOHID0012","TXN_AMT",29-MAR-24,"","001a","CREANCES RATTACHEES - MANUELLES","DE","12"
"ACCRUED INTEREST Purchase OTA CG2J00000099 97 500 000 AT 6.1PCT","099001a240890017","511800101","XAF",,3566411,29-MAR-24,"D","BINEID00087","MBATOHID0012","TXN_AMT",29-MAR-24,"","001a","CREANCES RATTACHEES - MANUELLES","DE","9"
"REGUL INTEREST ISIN  CG2500000099 BOOKING   803 MN 099OTAP232410001","099001a240890015","511800101","XAF",,3566411,29-MAR-24,"C","BINEID00087","MBATOHID0012","TXN_AMT",29-MAR-24,"","001a","CREANCES RATTACHEES - MANUELLES","DE","8"
"Reversal of 511800101 in 466000107 rf 099000m222930001 Sales of the XAF 500 000 000 GA2B00000117","099001a240890007","511800101","XAF",,3510274,29-MAR-24,"D","BINEID00087","MBATOHID0012","TXN_AMT",29-MAR-24,"","001a","CREANCES RATTACHEES - MANUELLES","DE","4"
"Reversal of 511800101 in 466000107 rf 099000m222930001 Interest income on the XAF 5 000 000 000 GA2B00000117","099001a240890005","511800101","XAF",,3510274,29-MAR-24,"C","BINEID00087","MBATOHID0012","TXN_AMT",29-MAR-24,"","001a","CREANCES RATTACHEES - MANUELLES","DE","3"
"SALES security CG2L00000487 1 500 000 000 6 PCT 099OTAP233630003","099001a240890003","511800101","XAF",,3442623,29-MAR-24,"D","BINEID00087","MBATOHID0012","TXN_AMT",29-MAR-24,"","001a","CREANCES RATTACHEES - MANUELLES","DE","2"
"PURCHASE CG2L00000487 AT 6PCT 1 500 000 000 099OTAP233630003","099001a240890001","511800101","XAF",,3442623,29-MAR-24,"C","BINEID00087","MBATOHID0012","TXN_AMT",29-MAR-24,"","001a","CREANCES RATTACHEES - MANUELLES","DE","1"
"COUPON COURU PL GA2B00000117 180MN 099OTAP222970001","099001a240890075","511800101","XAF",,5116438,29-MAR-24,"C","BINEID00087","MBATOHID0012","TXN_AMT",29-MAR-24,"","001a","CREANCES RATTACHEES - MANUELLES","DE","41"
"ANNUAL INTEREST RECIEVED OF XAF 15 000 000 ON CM2L00000044 AT 6PCT 250 000 000 099OTAP232150005","099001b240890087","511800101","XAF",,10643836,29-MAR-24,"D","BINEID00087","MBATOHID0012","TXN_AMT",29-MAR-24,"","001b","CREANCES RATTACHEES - MANUELLES","DE","115"
"interest income on  PURCHASE   CM2L000000044 AT 6PCT    250 000 000","099001b240890089","511800101","XAF",,10643836,29-MAR-24,"C","BINEID00087","MBATOHID0012","TXN_AMT",29-MAR-24,"","001b","CREANCES RATTACHEES - MANUELLES","DE","116"
"Reversal of 511800101 in 466000107 rf 099000n223000001 Interest income of XAF  GA2J000000218","099001b240890003","511800101","XAF",,7335616,29-MAR-24,"C","BINEID00087","MBATOHID0012","TXN_AMT",29-MAR-24,"","001b","CREANCES RATTACHEES - MANUELLES","DE","72"
"Reclassification of 511800100 to 511800101 manual good contract rf 099OTAP233620001 REGUL INTEREST ISIN CM2B00000087","099001b240890008","511800101","XAF",,7383561,29-MAR-24,"C","BINEID00087","MBATOHID0012","TXN_AMT",29-MAR-24,"","001b","CREANCES RATTACHEES - MANUELLES","DE","74"
"Reclassification of 511800100 to 511800101 manual good contract rf 099OTAP233620001 REGUL INTEREST ISIN CM2B00000087","099001b240890010","511800101","XAF",,7383562,29-MAR-24,"C","BINEID00087","MBATOHID0012","TXN_AMT",29-MAR-24,"","001b","CREANCES RATTACHEES - MANUELLES","DE","75"
"INTEREST INCOME ON THE GA2J00000267 099OTAP222930008 925 800 000 23/05/2023","099001b240890025","511800101","XAF",,8085748,29-MAR-24,"C","BINEID00087","MBATOHID0012","TXN_AMT",29-MAR-24,"","001b","CREANCES RATTACHEES - MANUELLES","DE","83"
"Regul interest  ISIN GA2J0000142","099001b240890029","511800101","XAF",,8231164,29-MAR-24,"C","BINEID00087","MBATOHID0012","TXN_AMT",29-MAR-24,"","001b","CREANCES RATTACHEES - MANUELLES","DE","85"
"""INTEREST RECIEVED AT SALES OF GA2J00000267		""","099001b240890037","511800101","XAF",,8486301,29-MAR-24,"D","BINEID00087","MBATOHID0012","TXN_AMT",29-MAR-24,"","001b","CREANCES RATTACHEES - MANUELLES","DE","91"
"SALES security CM2L00000036 5 000 000 0005.90 PCT 099OTAP233420001","099001b240890039","511800101","XAF",,8866120,29-MAR-24,"D","BINEID00087","MBATOHID0012","TXN_AMT",29-MAR-24,"","001b","CREANCES RATTACHEES - MANUELLES","DE","92"
"interest income on PURCHASE  CM2L00000036 AT 5.90PCT  5 000 000 000 099OTAP233420001","099001b240890041","511800101","XAF",,8866120,29-MAR-24,"C","BINEID00087","MBATOHID0012","TXN_AMT",29-MAR-24,"","001b","CREANCES RATTACHEES - MANUELLES","DE","93"
"Interest income of XAF 143 452 055 CG2A000000197","099001b240890043","511800101","XAF",,8917808,29-MAR-24,"D","BINEID00087","MBATOHID0012","TXN_AMT",29-MAR-24,"","001b","CREANCES RATTACHEES - MANUELLES","DE","94"
"Reversal of 511800101 in 466000107 rf 099000g222640001 Interest income of XAF 143 452 055 CG2A000000197","099001b240890045","511800101","XAF",,8917808,29-MAR-24,"C","BINEID00087","MBATOHID0012","TXN_AMT",29-MAR-24,"","001b","CREANCES RATTACHEES - MANUELLES","DE","95"
"interest income on  sales CG2J00000065  6.30 PCT AT 400 000 000","099001b240890071","511800101","XAF",,10218082,29-MAR-24,"D","BINEID00087","MBATOHID0012","TXN_AMT",29-MAR-24,"","001b","CREANCES RATTACHEES - MANUELLES","DE","108"
"Iinteret  income on CM2L00000028  AT 6PCT 700000000","099001b240890049","511800101","XAF",,8975342,29-MAR-24,"C","BINEID00087","MBATOHID0012","TXN_AMT",29-MAR-24,"","001b","CREANCES RATTACHEES - MANUELLES","DE","97"
"Reversal of 511800101 in 466000107 rf 099000q233060001 REGUL ISIN GA2J00000267","099001b240890055","511800101","XAF",,9730307,29-MAR-24,"D","BINEID00087","MBATOHID0012","TXN_AMT",29-MAR-24,"","001b","CREANCES RATTACHEES - MANUELLES","DE","100"
"Reversal of 511800101 in 466000107 rf 099000q223000001 Interest income of XAF 9 730 307 GA2J000000267","099001b240890057","511800101","XAF",,9730307,29-MAR-24,"C","BINEID00087","MBATOHID0012","TXN_AMT",29-MAR-24,"","001b","CREANCES RATTACHEES - MANUELLES","DE","101"
"INTEREST PURCHASE  CG2J00000065 6.3 PCT 400 000 000","099001b240890059","511800101","XAF",,9872877,29-MAR-24,"C","BINEID00087","MBATOHID0012","TXN_AMT",29-MAR-24,"","001b","CREANCES RATTACHEES - MANUELLES","DE","102"
"""interest income on   SALES  CM2L00000028 		""","099001b240890061","511800101","XAF",,9983607,29-MAR-24,"D","BINEID00087","MBATOHID0012","TXN_AMT",29-MAR-24,"","001b","CREANCES RATTACHEES - MANUELLES","DE","103"
"REGUL INTEREST ISIN CM2L00000044 /250 000 000 AT 6PCT 099OTAP223340001","099001b240890063","511800101","XAF",,10027398,29-MAR-24,"C","BINEID00087","MBATOHID0012","TXN_AMT",29-MAR-24,"","001b","CREANCES RATTACHEES - MANUELLES","DE","104"
"ACCRUED INTEREST AT PURCHASE OF GA2J00000267 AT 5.25PCT  1 000 000 000","099001b240890073","511800101","XAF",,10500000,29-MAR-24,"C","BINEID00087","MBATOHID0012","TXN_AMT",29-MAR-24,"","001b","CREANCES RATTACHEES - MANUELLES","DE","109"
"Reclassification of 511800100 to 511800101 manual  good contract rf 099OTAP233620001 Interest income on the period  SALES security CMCM2B00000087","099001b240890076","511800101","XAF",,10547945,29-MAR-24,"C","BINEID00087","MBATOHID0012","TXN_AMT",29-MAR-24,"","001b","CREANCES RATTACHEES - MANUELLES","DE","110"
"Reclassification of 511800100 to 511800101 manual good contract rf 099OTAP233620001 SALE CM2B00000087","099001b240890078","511800101","XAF",,10547945,29-MAR-24,"C","BINEID00087","MBATOHID0012","TXN_AMT",29-MAR-24,"","001b","CREANCES RATTACHEES - MANUELLES","DE","111"
"interest income on  SALES  CM2L00000044 AT 6.PCT   250 000 000","099001b240890085","511800101","XAF",,10602740,29-MAR-24,"D","BINEID00087","MBATOHID0012","TXN_AMT",29-MAR-24,"","001b","CREANCES RATTACHEES - MANUELLES","DE","115"
""" REGUL INTEREST ISIN CG2A00000254 	""","099001c240890043","511800101","XAF",,12729453,29-MAR-24,"C","BINEID00087","MBATOHID0012","TXN_AMT",29-MAR-24,"","001c","CREANCES RATTACHEES - MANUELLES","DE","26"
"interest income on  PURCHASE CM2L00000036 AT 5.90PCT  5 000 000 000 099OTAP233470001","099001c240890051","511800101","XAF",,12896175,29-MAR-24,"C","BINEID00087","MBATOHID0012","TXN_AMT",29-MAR-24,"","001c","CREANCES RATTACHEES - MANUELLES","DE","30"
"interest income on   PURCHASE  GQ2K00000039 AT 7PCT 200 000 000","099001c240890047","511800101","XAF",,12849315,29-MAR-24,"C","BINEID00087","MBATOHID0012","TXN_AMT",29-MAR-24,"","001c","CREANCES RATTACHEES - MANUELLES","DE","28"
"PURCHASE CG2J00000321 AT 5.75PCT 250 000 000 099OTAP233630008","099001c240890058","511800101","XAF",,13547945,29-MAR-24,"C","BINEID00087","MBATOHID0012","TXN_AMT",29-MAR-24,"","001c","CREANCES RATTACHEES - MANUELLES","DE","33"
"interest of  296000000 CG2J00000099 6.1PCT 099OTAP233110001","099001c240890059","511800101","XAF",,13702773,29-MAR-24,"D","BINEID00087","MBATOHID0012","TXN_AMT",29-MAR-24,"","001c","CREANCES RATTACHEES - MANUELLES","DE","34"
"COUPON COURU 296 000 000 CG2J00000099 6.1PCT 099OTAP233110001 296 000 000","099001c240890061","511800101","XAF",,13702773,29-MAR-24,"C","BINEID00087","MBATOHID0012","TXN_AMT",29-MAR-24,"","001c","CREANCES RATTACHEES - MANUELLES","DE","35"
"REGUL INTEREST ISIN CG2B00000097  322 000 000  AT 6.50 PCT 099OTAP223350001","099001c240890063","511800101","XAF",,13934219,29-MAR-24,"C","BINEID00087","MBATOHID0012","TXN_AMT",29-MAR-24,"","001c","CREANCES RATTACHEES - MANUELLES","DE","36"
"Liquidation of the Accrued interest of CG2J00000099 221000000 6.1PCT 099OTAP233310001","099001c240890005","511800101","XAF",,10969471,29-MAR-24,"D","BINEID00087","MBATOHID0012","TXN_AMT",29-MAR-24,"","001c","CREANCES RATTACHEES - MANUELLES","DE","3"
"Accrued interest SALE CG2J00000099 211000000 6.1PCT 099OTAP233310001","099001c240890007","511800101","XAF",,10969471,29-MAR-24,"C","BINEID00087","MBATOHID0012","TXN_AMT",29-MAR-24,"","001c","CREANCES RATTACHEES - MANUELLES","DE","4"
"Reversal of 511800101 in 466000107 rf 099000c222940001 Interest income of XAF  GA2K00000017","099001c240890035","511800101","XAF",,12643836,29-MAR-24,"D","BINEID00087","MBATOHID0012","TXN_AMT",29-MAR-24,"","001c","CREANCES RATTACHEES - MANUELLES","DE","22"
"Reversal of 511800101 in 466000107 rf 099000c222940001 Interest income of XAF  GA2K00000017","099001c240890037","511800101","XAF",,12643836,29-MAR-24,"D","BINEID00087","MBATOHID0012","TXN_AMT",29-MAR-24,"","001c","CREANCES RATTACHEES - MANUELLES","DE","23"
"ACCRUED INTEREST SALE CG2J00000099 211000000 6.1PCT 099OTAP233310001","099001c240890011","511800101","XAF",,10969471,29-MAR-24,"C","BINEID00087","MBATOHID0012","TXN_AMT",29-MAR-24,"","001c","CREANCES RATTACHEES - MANUELLES","DE","6"
"ACCRUED INTEREST SALE CG2J00000099 211000000 6.1PCT 099OTAP233310001","099001c240890013","511800101","XAF",,10969471,29-MAR-24,"D","BINEID00087","MBATOHID0012","TXN_AMT",29-MAR-24,"","001c","CREANCES RATTACHEES - MANUELLES","DE","7"
"Reversal of 511800101 in 466000107 rf 099000z222930001 Interest income of XAF  GA2K00000017","099001c240890039","511800101","XAF",,12643836,29-MAR-24,"C","BINEID00087","MBATOHID0012","TXN_AMT",29-MAR-24,"","001c","CREANCES RATTACHEES - MANUELLES","DE","24"
"Reversal of 511800101 in 466000107 rf 099000f222930001 Interest income of XAF  GA2J00000226","099001c240890017","511800101","XAF",,10991774,29-MAR-24,"C","BINEID00087","MBATOHID0012","TXN_AMT",29-MAR-24,"","001c","CREANCES RATTACHEES - MANUELLES","DE","10"
"Reversal of 511800101 in 466000107 rf 099000s223000001 Interest income of XAF 11 046 575 CG2A000000197","099001c240890019","511800101","XAF",,11046575,29-MAR-24,"C","BINEID00087","MBATOHID0012","TXN_AMT",29-MAR-24,"","001c","CREANCES RATTACHEES - MANUELLES","DE","11"
"INTEREST ON PURCHASE EOG 6PCT NET 2023-2027  1 000 000 000","099001c240890025","511800101","XAF",,11342466,29-MAR-24,"C","BINEID00087","MBATOHID0012","TXN_AMT",29-MAR-24,"","001c","CREANCES RATTACHEES - MANUELLES","DE","16"
"Reversal of 511800101 in 466000107 rf 099000x222930001 Purchase of the security GA2K00000017","099001c240890027","511800101","XAF",,11397260,29-MAR-24,"C","BINEID00087","MBATOHID0012","TXN_AMT",29-MAR-24,"","001c","CREANCES RATTACHEES - MANUELLES","DE","17"
"Liquidation of the Accrued interest of CG2J00000099 251000000 6.1PCT 099OTAP233310001","099001c240890029","511800101","XAF",,11619581,29-MAR-24,"D","BINEID00087","MBATOHID0012","TXN_AMT",29-MAR-24,"","001c","CREANCES RATTACHEES - MANUELLES","DE","18"
"Accrued interest Purchase of the security 296000000 CG2J00000099 6.1PCT 099OTAP233110001","099001c240890031","511800101","XAF",,11619581,29-MAR-24,"C","BINEID00087","MBATOHID0012","TXN_AMT",29-MAR-24,"","001c","CREANCES RATTACHEES - MANUELLES","DE","19"
"Reversal of 511800101 in 466000107 rf 099000t222930001 Interest income of XAF  GA2J00000267","099001c240890071","511800101","XAF",,14671233,29-MAR-24,"C","BINEID00087","MBATOHID0012","TXN_AMT",29-MAR-24,"","001c","CREANCES RATTACHEES - MANUELLES","DE","40"
"SALES security CM2L00000036 5 000 000 000 5.90 PCT 099OTAP233470001","099001c240890049","511800101","XAF",,12896175,29-MAR-24,"D","BINEID00087","MBATOHID0012","TXN_AMT",29-MAR-24,"","001c","CREANCES RATTACHEES - MANUELLES","DE","29"
"REGUL INTEREST ISIN GA2J00000267 1BN","099001c240890069","511800101","XAF",,14671233,29-MAR-24,"D","BINEID00087","MBATOHID0012","TXN_AMT",29-MAR-24,"","001c","CREANCES RATTACHEES - MANUELLES","DE","39"
"REGUL INTEREST ISIN G2A00000254 099OTAP231000002","099001g240890081","511800101","XAF",,17583904,29-MAR-24,"D","BINEID00087","MBATOHID0012","TXN_AMT",29-MAR-24,"","001g","CREANCES RATTACHEES - MANUELLES","DE","1"
"REGUL INTEREST  ISIN  CG2A00000254 099OTAP231000002","099001g240890079","511800101","XAF",,17583904,29-MAR-24,"D","BINEID00087","MBATOHID0012","TXN_AMT",29-MAR-24,"","001g","CREANCES RATTACHEES - MANUELLES","DE","1"
"Reversal of 511800101 in 466000107 rf 099000v222930001 Purchase of the security GA2J00000267","099001g240890085","511800101","XAF",,17825342,29-MAR-24,"C","BINEID00087","MBATOHID0012","TXN_AMT",29-MAR-24,"","001g","CREANCES RATTACHEES - MANUELLES","DE","1"
"COUPON COURU ISIN GA2J0000218 BOOKING 600MN 5.25PCT","099001g240890087","511800101","XAF",,17835616,29-MAR-24,"D","BINEID00087","MBATOHID0012","TXN_AMT",29-MAR-24,"","001g","CREANCES RATTACHEES - MANUELLES","DE","1"
"ACCRUED INTEREST AT PURCHASE OF GA2J00000218 AT 5.25PCT 500 000 000","099001g240890089","511800101","XAF",,17835616,29-MAR-24,"C","BINEID00087","MBATOHID0012","TXN_AMT",29-MAR-24,"","001g","CREANCES RATTACHEES - MANUELLES","DE","1"
"interest income on purchase GQ2K00000039 AT 7PCT 500 000 000","099001g240890091","511800101","XAF",,17835616,29-MAR-24,"C","BINEID00087","MBATOHID0012","TXN_AMT",29-MAR-24,"","001g","CREANCES RATTACHEES - MANUELLES","DE","1"
"Regul interest  ISIN CM2J0000055","099001g240890095","511800101","XAF",,18191781,29-MAR-24,"C","BINEID00087","MBATOHID0012","TXN_AMT",29-MAR-24,"","001g","CREANCES RATTACHEES - MANUELLES","DE","1"
"REGUL INTEREST CG2A0000254 099OTAP231280001 645 M","099001g240890101","511800101","XAF",,18369247,29-MAR-24,"D","BINEID00087","MBATOHID0012","TXN_AMT",29-MAR-24,"","001g","CREANCES RATTACHEES - MANUELLES","DE","1"
"REGUL INTEREST ISIN CG2A00000254 099OTAP231070001 650 M","099001g240890103","511800101","XAF",,18369247,29-MAR-24,"C","BINEID00087","MBATOHID0012","TXN_AMT",29-MAR-24,"","001g","CREANCES RATTACHEES - MANUELLES","DE","1"
"Reversal of 511800101 in 466000107 rf 099000b222940001 Interest income of XAF  GA2B00000083","099001g240890105","511800101","XAF",,18544521,29-MAR-24,"D","BINEID00087","MBATOHID0012","TXN_AMT",29-MAR-24,"","001g","CREANCES RATTACHEES - MANUELLES","DE","1"
"Reversal of 511800101 in 466000107 rf 099000b222940001 Interest income of XAF  GA2B00000083","099001g240890107","511800101","XAF",,18544521,29-MAR-24,"D","BINEID00087","MBATOHID0012","TXN_AMT",29-MAR-24,"","001g","CREANCES RATTACHEES - MANUELLES","DE","1"
"Reversal of 511800101 in 466000107 rf 099000y222930001 Interest income of XAF  GA2B00000083","099001g240890109","511800101","XAF",,18544521,29-MAR-24,"C","BINEID00087","MBATOHID0012","TXN_AMT",29-MAR-24,"","001g","CREANCES RATTACHEES - MANUELLES","DE","1"
"interest income on    PURCHASE  CM2J00000222","099001g240890003","511800101","XAF",,14967616,29-MAR-24,"C","BINEID00087","MBATOHID0012","TXN_AMT",29-MAR-24,"","001g","CREANCES RATTACHEES - MANUELLES","DE","1"
"""interest income on    SALES  CG2J00000222	""","099001g240890005","511800101","XAF",,15042082,29-MAR-24,"D","BINEID00087","MBATOHID0012","TXN_AMT",29-MAR-24,"","001g","CREANCES RATTACHEES - MANUELLES","DE","1"
"interest income on  SALES  CG2B00000097 AT 6.5PCT   322 000 000","099001g240890007","511800101","XAF",,15539808,29-MAR-24,"D","BINEID00087","MBATOHID0012","TXN_AMT",29-MAR-24,"","001g","CREANCES RATTACHEES - MANUELLES","DE","1"
"REGUL INTEREST ISIN CG2A00000254 099OTAP231580001 526 050 000MN","099001g240890009","511800101","XAF",,15586933,29-MAR-24,"C","BINEID00087","MBATOHID0012","TXN_AMT",29-MAR-24,"","001g","CREANCES RATTACHEES - MANUELLES","DE","1"
"REGUL INTEREST ISIN CG2A00000254 099OTAP231580001 526 050 000MN","099001g240890011","511800101","XAF",,15586933,29-MAR-24,"D","BINEID00087","MBATOHID0012","TXN_AMT",29-MAR-24,"","001g","CREANCES RATTACHEES - MANUELLES","DE","1"
"COUPON COURU RECEIVED AT ANNIVERSARY 099OTAP232150006 322MN CG2B00000097","099001g240890013","511800101","XAF",,15597151,29-MAR-24,"D","BINEID00087","MBATOHID0012","TXN_AMT",29-MAR-24,"","001g","CREANCES RATTACHEES - MANUELLES","DE","1"
"interest income on  PURCHASE   CG2B00000097AT 6PCT   322  000 000","099001g240890015","511800101","XAF",,15597151,29-MAR-24,"C","BINEID00087","MBATOHID0012","TXN_AMT",29-MAR-24,"","001g","CREANCES RATTACHEES - MANUELLES","DE","1"
"REGUL INTEREST ISIN EOG NET 6PCT GABON 1 000 000 000  099OTAP230880002","099001g240890017","511800101","XAF",,15706714,29-MAR-24,"C","BINEID00087","MBATOHID0012","TXN_AMT",29-MAR-24,"","001g","CREANCES RATTACHEES - MANUELLES","DE","1"
"Reclassification of 511800100 to 511800101 manual good contract rf 099OTAP231000001 ANNUAL INTEREST INCOME CG2A00000353  RECIEVED 099OTAP231000001","099001g240890024","511800101","XAF",,15852055,29-MAR-24,"C","BINEID00087","MBATOHID0012","TXN_AMT",29-MAR-24,"","001g","CREANCES RATTACHEES - MANUELLES","DE","1"
"REGUL INTEREST ISIN GA2B00000091  450 000 000  AT 6.25 PCT 099OTAP2230310001","099001g240890025","511800101","XAF",,15950342,29-MAR-24,"C","BINEID00087","MBATOHID0012","TXN_AMT",29-MAR-24,"","001g","CREANCES RATTACHEES - MANUELLES","DE","1"
"interest income on   SALES GA2B00000091","099001g240890027","511800101","XAF",,15950342,29-MAR-24,"D","BINEID00087","MBATOHID0012","TXN_AMT",29-MAR-24,"","001g","CREANCES RATTACHEES - MANUELLES","DE","1"
"Accrued interest of GA2B00000091 450 000 000 AT 6.25PCT 099OTAP232570008","099001g240890031","511800101","XAF",,16027397,29-MAR-24,"D","BINEID00087","MBATOHID0012","TXN_AMT",29-MAR-24,"","001g","CREANCES RATTACHEES - MANUELLES","DE","1"
"interest income on  GA2B00000091","099001g240890033","511800101","XAF",,16027397,29-MAR-24,"C","BINEID00087","MBATOHID0012","TXN_AMT",29-MAR-24,"","001g","CREANCES RATTACHEES - MANUELLES","DE","1"
"REGUL INTEREST ISIN CG2A00000254 099OTAP231580001 526 050 000MN","099001g240890035","511800101","XAF",,16179536,29-MAR-24,"D","BINEID00087","MBATOHID0012","TXN_AMT",29-MAR-24,"","001g","CREANCES RATTACHEES - MANUELLES","DE","1"
"REGUL INTEREST CG2A00000254 099OTAP231360003 641 050 000 M","099001g240890037","511800101","XAF",,16179536,29-MAR-24,"C","BINEID00087","MBATOHID0012","TXN_AMT",29-MAR-24,"","001g","CREANCES RATTACHEES - MANUELLES","DE","1"
"REGUL INTEREST  ISIN  CG2A00000099 099OTAP2310700 650MN","099001g240890039","511800101","XAF",,16267808,29-MAR-24,"D","BINEID00087","MBATOHID0012","TXN_AMT",29-MAR-24,"","001g","CREANCES RATTACHEES - MANUELLES","DE","1"
"REGUL INTEREST  ISIN  CG2A00000099 099OTAP2310700 650MN","099001g240890041","511800101","XAF",,16267808,29-MAR-24,"C","BINEID00087","MBATOHID0012","TXN_AMT",29-MAR-24,"","001g","CREANCES RATTACHEES - MANUELLES","DE","1"
"REGUL  INTEREST ISIN CG2J00000099 099OTAP23107000 650MN","099001g240890043","511800101","XAF",,16267808,29-MAR-24,"C","BINEID00087","MBATOHID0012","TXN_AMT",29-MAR-24,"","001g","CREANCES RATTACHEES - MANUELLES","DE","1"
"REGUL INTEREST ISIN CG2A00000254 099OTAP231070001 650 M","099001g240890045","511800101","XAF",,16267808,29-MAR-24,"D","BINEID00087","MBATOHID0012","TXN_AMT",29-MAR-24,"","001g","CREANCES RATTACHEES - MANUELLES","DE","1"
"interest  ISIN GA2A0000142 4.75PCT 1 150 000 000 -099OTAP23163001","099001g240890047","511800101","XAF",,16312671,29-MAR-24,"C","BINEID00087","MBATOHID0012","TXN_AMT",29-MAR-24,"","001g","CREANCES RATTACHEES - MANUELLES","DE","1"
"REGUL INTEREST ISIN CG2A00000254 099OTAP231580001 526 050 000MN","099001g240890053","511800101","XAF",,16484633,29-MAR-24,"C","BINEID00087","MBATOHID0012","TXN_AMT",29-MAR-24,"","001g","CREANCES RATTACHEES - MANUELLES","DE","1"
"INTEREST AT SALE OF 500 000 000 GA2J00000218 AT 5.25PCT","099001g240890055","511800101","XAF",,16828767,29-MAR-24,"D","BINEID00087","MBATOHID0012","TXN_AMT",29-MAR-24,"","001g","CREANCES RATTACHEES - MANUELLES","DE","1"
"REGUL INTEREST ISIN GA2J0000218 BOOKING 100 MN 099OTAP231490003","099001g240890057","511800101","XAF",,16828768,29-MAR-24,"C","BINEID00087","MBATOHID0012","TXN_AMT",29-MAR-24,"","001g","CREANCES RATTACHEES - MANUELLES","DE","1"
"REGUL INTEREST RECEIVED AT SALE 952.8MN GA2J00000267","099001g240890059","511800101","XAF",,16856729,29-MAR-24,"C","BINEID00087","MBATOHID0012","TXN_AMT",29-MAR-24,"","001g","CREANCES RATTACHEES - MANUELLES","DE","1"
"Reversal of 511800101 in 466000107 rf 099000b222940001 Interest income of XAF  GA2J00000226","099001g240890061","511800101","XAF",,16856729,29-MAR-24,"D","BINEID00087","MBATOHID0012","TXN_AMT",29-MAR-24,"","001g","CREANCES RATTACHEES - MANUELLES","DE","1"
"Reversal of 511800101 in 466000107 rf 099000b222940001 Interest income of XAF  GA2J00000226","099001g240890063","511800101","XAF",,16856729,29-MAR-24,"D","BINEID00087","MBATOHID0012","TXN_AMT",29-MAR-24,"","001g","CREANCES RATTACHEES - MANUELLES","DE","1"
"interest income on  sales CG2A00000254 AT 5.25PCT","099001g240890067","511800101","XAF",,17044521,29-MAR-24,"D","BINEID00087","MBATOHID0012","TXN_AMT",29-MAR-24,"","001g","CREANCES RATTACHEES - MANUELLES","DE","1"
"REGUL INTEREST ISIN GQ2K00000039","099001g240890069","511800101","XAF",,17164384,29-MAR-24,"C","BINEID00087","MBATOHID0012","TXN_AMT",29-MAR-24,"","001g","CREANCES RATTACHEES - MANUELLES","DE","1"
"Accrued interest at purchase of GA2K00000058 AT 5.75PCT","099001g240890075","511800101","XAF",,17486301,29-MAR-24,"C","BINEID00087","MBATOHID0012","TXN_AMT",29-MAR-24,"","001g","CREANCES RATTACHEES - MANUELLES","DE","1"
"Reversal of 511800101 in 466000107 rf 099000v222930001 Interest income of XAF  GA2J00000226","099001g240890065","511800101","XAF",,16856729,29-MAR-24,"C","BINEID00087","MBATOHID0012","TXN_AMT",29-MAR-24,"","001g","CREANCES RATTACHEES - MANUELLES","DE","1"
"REGUL INTEREST ISIN CG2A00000254  099OTAP231000002","099001g240890077","511800101","XAF",,17583904,29-MAR-24,"C","BINEID00087","MBATOHID0012","TXN_AMT",29-MAR-24,"","001g","CREANCES RATTACHEES - MANUELLES","DE","1"
"interest income on PURCHASE CG2A00000254 AT 5.25PCT","099001g240890083","511800101","XAF",,17583904,29-MAR-24,"C","BINEID00087","MBATOHID0012","TXN_AMT",29-MAR-24,"","001g","CREANCES RATTACHEES - MANUELLES","DE","1"
"Reversal of 511800101 in 466000107 rf 099000i222940001 Interest income of XAF  GA2J00000226","099001k240890054","511800101","XAF",,23905479,29-MAR-24,"D","BINEID00087","MBATOHID0012","TXN_AMT",30-MAR-24,"","001k","CREANCES RATTACHEES - MANUELLES","DE","1"
"Reversal of 511800101 in 466000107 rf 099000i222940001 Interest income of XAF  GA2J00000226","099001k240890055","511800101","XAF",,23905479,29-MAR-24,"D","BINEID00087","MBATOHID0012","TXN_AMT",30-MAR-24,"","001k","CREANCES RATTACHEES - MANUELLES","DE","1"
"Reversal of 511800101 in 466000107 rf 099000g222930001 Interest income of XAF  GA2J00000226","099001k240890056","511800101","XAF",,23905479,29-MAR-24,"C","BINEID00087","MBATOHID0012","TXN_AMT",30-MAR-24,"","001k","CREANCES RATTACHEES - MANUELLES","DE","1"
"REGUL INTEREST ISIN SECURITY  GA2J00000226 613 000 000","099001k240890063","511800101","XAF",,24423432,29-MAR-24,"D","BINEID00087","MBATOHID0012","TXN_AMT",30-MAR-24,"","001k","CREANCES RATTACHEES - MANUELLES","DE","1"
"Liquidation of the Accrued interest of  CG2J00000099 544 000 000 099OTAP233040002","099001k240890065","511800101","XAF",,24637984,29-MAR-24,"D","BINEID00087","MBATOHID0012","TXN_AMT",30-MAR-24,"","001k","CREANCES RATTACHEES - MANUELLES","DE","1"
"""Accrued interest Purchase of the security CG2J00000099 544 000 000		""","099001k240890066","511800101","XAF",,24637984,29-MAR-24,"C","BINEID00087","MBATOHID0012","TXN_AMT",30-MAR-24,"","001k","CREANCES RATTACHEES - MANUELLES","DE","1"
"Purchase of the security CG2J00000099 550 000 000","099001k240890069","511800101","XAF",,24909726,29-MAR-24,"C","BINEID00087","MBATOHID0012","TXN_AMT",30-MAR-24,"","001k","CREANCES RATTACHEES - MANUELLES","DE","1"
"Liquidation of the Accrued interest of  CG2J00000099 550 000 000","099001k240890070","511800101","XAF",,24909726,29-MAR-24,"D","BINEID00087","MBATOHID0012","TXN_AMT",30-MAR-24,"","001k","CREANCES RATTACHEES - MANUELLES","DE","1"
""" Accrued interest Purchase of the security CG2J00000099 584 000 000		""","099001k240890073","511800101","XAF",,24998301,29-MAR-24,"C","BINEID00087","MBATOHID0012","TXN_AMT",30-MAR-24,"","001k","CREANCES RATTACHEES - MANUELLES","DE","1"
"interest of  CG2J00000099 554 000 000 099OTAP233040001","099001k240890074","511800101","XAF",,24998301,29-MAR-24,"D","BINEID00087","MBATOHID0012","TXN_AMT",30-MAR-24,"","001k","CREANCES RATTACHEES - MANUELLES","DE","1"
"SALES  CM2B00000053  AT 5.5 PCT 10 000 000 000  099OTAP233030007","099001k240890083","511800101","XAF",,25616438,29-MAR-24,"C","BINEID00087","MBATOHID0012","TXN_AMT",30-MAR-24,"","001k","CREANCES RATTACHEES - MANUELLES","DE","1"
"INTEREST PURCHASE CG2B00000014 AT 6.5PCT","099001k240890089","511800101","XAF",,25643836,29-MAR-24,"C","BINEID00087","MBATOHID0012","TXN_AMT",30-MAR-24,"","001k","CREANCES RATTACHEES - MANUELLES","DE","1"
"interest income on  PURCHASE  GQ2K00000039  AT 7PCT    400 000 000","099001k240890091","511800101","XAF",,25698630,29-MAR-24,"C","BINEID00087","MBATOHID0012","TXN_AMT",30-MAR-24,"","001k","CREANCES RATTACHEES - MANUELLES","DE","1"
"Reversal of 511800101 in 466000107 rf 099000f222630001 REGULARISATION REVENUE GA2J00000218","099001k240890093","511800101","XAF",,25717808,29-MAR-24,"C","BINEID00087","MBATOHID0012","TXN_AMT",30-MAR-24,"","001k","CREANCES RATTACHEES - MANUELLES","DE","1"
"REGUL INTEREST ISIN CM2B00000103  1 000 000 000  AT 5.25 PCT 099OTAP222450006","099001k240890099","511800101","XAF",,25963115,29-MAR-24,"C","BINEID00087","MBATOHID0012","TXN_AMT",30-MAR-24,"","001k","CREANCES RATTACHEES - MANUELLES","DE","1"
"interest income on  SALES CM2B00000103","099001k240890100","511800101","XAF",,25963115,29-MAR-24,"D","BINEID00087","MBATOHID0012","TXN_AMT",30-MAR-24,"","001k","CREANCES RATTACHEES - MANUELLES","DE","1"
"""interest income on    PURCHASE  CG2J00000222  AT 6 PCT  800 000 000		""","099001k240890105","511800101","XAF",,26301370,29-MAR-24,"C","BINEID00087","MBATOHID0012","TXN_AMT",30-MAR-24,"","001k","CREANCES RATTACHEES - MANUELLES","DE","1"
"Accrued interest Purchase of the security CG2J00000099 584 000 000","099001k240890107","511800101","XAF",,26352000,29-MAR-24,"C","BINEID00087","MBATOHID0012","TXN_AMT",30-MAR-24,"","001k","CREANCES RATTACHEES - MANUELLES","DE","1"
""" Liquidation of the Accrued interest of  CG2J00000099 584 000 000 		""","099001k240890108","511800101","XAF",,26352000,29-MAR-24,"D","BINEID00087","MBATOHID0012","TXN_AMT",30-MAR-24,"","001k","CREANCES RATTACHEES - MANUELLES","DE","1"
"""interest income on   SALES  CG2J00000222		""","099001k240890111","511800101","XAF",,26432877,29-MAR-24,"D","BINEID00087","MBATOHID0012","TXN_AMT",30-MAR-24,"","001k","CREANCES RATTACHEES - MANUELLES","DE","1"
"interest income on  sales CG2B0000014 AT 6.50PCT 1 000 000 000","099001k240890113","511800101","XAF",,26534247,29-MAR-24,"D","BINEID00087","MBATOHID0012","TXN_AMT",30-MAR-24,"","001k","CREANCES RATTACHEES - MANUELLES","DE","1"
"DISCOUNT AT SALE GA2B00000091 450 000 000 AT 6.25PCT","099001k240890115","511800101","XAF",,26660959,29-MAR-24,"D","BINEID00087","MBATOHID0012","TXN_AMT",30-MAR-24,"","001k","CREANCES RATTACHEES - MANUELLES","DE","1"
"""interest income on GA2B00000091 AT 92.5PCT 450 000 000		""","099001k240890116","511800101","XAF",,26660959,29-MAR-24,"C","BINEID00087","MBATOHID0012","TXN_AMT",30-MAR-24,"","001k","CREANCES RATTACHEES - MANUELLES","DE","1"
"interest income on purcahse GA2B00000091 6.25PCT 450 000 000","099001k240890119","511800101","XAF",,26738014,29-MAR-24,"C","BINEID00087","MBATOHID0012","TXN_AMT",30-MAR-24,"","001k","CREANCES RATTACHEES - MANUELLES","DE","1"
"SALE OF TBOND ISIN GA2K00000058 1.5BN AT 5.75PCT 099OTAP231850001","099001k240890121","511800101","XAF",,26938356,29-MAR-24,"C","BINEID00087","MBATOHID0012","TXN_AMT",30-MAR-24,"","001k","CREANCES RATTACHEES - MANUELLES","DE","1"
"""ACCRUED INTEREST Purchase OTA EOG620232027 AT 100 000 000  AT 6PCT		""","099001k240890127","511800101","XAF",,27049180,29-MAR-24,"D","BINEID00087","MBATOHID0012","TXN_AMT",30-MAR-24,"","001k","CREANCES RATTACHEES - MANUELLES","DE","1"
"GA2B00000117 1 180 000 000 AT 6.25 PCT 00101100284 /KADJI HOLDINGS","099001k240890129","511800101","XAF",,27202869,29-MAR-24,"D","BINEID00087","MBATOHID0012","TXN_AMT",30-MAR-24,"","001k","CREANCES RATTACHEES - MANUELLES","DE","1"
"REGUL COUPON COURU PL GA2B00000117 1.000.000.000 BN  099OTAP230580003","099001k240890131","511800101","XAF",,27739726,29-MAR-24,"C","BINEID00087","MBATOHID0012","TXN_AMT",30-MAR-24,"","001k","CREANCES RATTACHEES - MANUELLES","DE","1"
"""interest income on   SALES  CM2B00000095 	""","099001k240890135","511800101","XAF",,27950820,29-MAR-24,"D","BINEID00087","MBATOHID0012","TXN_AMT",30-MAR-24,"","001k","CREANCES RATTACHEES - MANUELLES","DE","1"
"""interest income on purchase GA2J00000142 AT 4.75PCT 1 150 000 000		""","099001k240890137","511800101","XAF",,27985959,29-MAR-24,"C","BINEID00087","MBATOHID0012","TXN_AMT",30-MAR-24,"","001k","CREANCES RATTACHEES - MANUELLES","DE","1"
"interest income on purcahse GA2B00000091 6.25PCT 450 000 000","099001k240890139","511800101","XAF",,28125000,29-MAR-24,"D","BINEID00087","MBATOHID0012","TXN_AMT",30-MAR-24,"","001k","CREANCES RATTACHEES - MANUELLES","DE","1"
"Regul interest GA2K00000058","099001k240890143","511800101","XAF",,28356165,29-MAR-24,"C","BINEID00087","MBATOHID0012","TXN_AMT",30-MAR-24,"","001k","CREANCES RATTACHEES - MANUELLES","DE","1"
"Reversal of 511800101 in 466000107 REGUL ISIN GA2J00000017 DUE TO DECIMAL","099001k240890145","511800101","XAF",,28505688,29-MAR-24,"C","BINEID00087","MBATOHID0012","TXN_AMT",30-MAR-24,"","001k","CREANCES RATTACHEES - MANUELLES","DE","1"
"Reversal of 511800101 in 466000107 rf 099000j222980001 099OTAP222930008  099OTAP222930008 Principal Amount","099001k240890147","511800101","XAF",,28642734,29-MAR-24,"C","BINEID00087","MBATOHID0012","TXN_AMT",30-MAR-24,"","001k","CREANCES RATTACHEES - MANUELLES","DE","1"
"PURCHASE GQ2J00000032  AT 5 PCT 700 000 000 099OTAP233030011","099001k240890151","511800101","XAF",,28767123,29-MAR-24,"C","BINEID00087","MBATOHID0012","TXN_AMT",30-MAR-24,"","001k","CREANCES RATTACHEES - MANUELLES","DE","1"
"REGUL INTEREST  ISIN  CG2J00000099 783MN","099001k240890153","511800101","XAF",,28882915,29-MAR-24,"D","BINEID00087","MBATOHID0012","TXN_AMT",30-MAR-24,"","001k","CREANCES RATTACHEES - MANUELLES","DE","1"
"REGUL INTEREST  ISIN  CG2J00000099 758MN 099OTAP232580007","099001k240890154","511800101","XAF",,28882915,29-MAR-24,"C","BINEID00087","MBATOHID0012","TXN_AMT",30-MAR-24,"","001k","CREANCES RATTACHEES - MANUELLES","DE","1"
"REGUL INTEREST  ISIN  CG2J00000099 783MN","099001k240890157","511800101","XAF",,29073436,29-MAR-24,"D","BINEID00087","MBATOHID0012","TXN_AMT",30-MAR-24,"","001k","CREANCES RATTACHEES - MANUELLES","DE","1"
"REGUL ISIN GA2J00000267","099001k240890003","511800101","XAF",,18775381,29-MAR-24,"D","BINEID00087","MBATOHID0012","TXN_AMT",30-MAR-24,"","001k","CREANCES RATTACHEES - MANUELLES","DE","1"
"Reversal of 511800101 in 466000107 rf 099000z222930001 Purchase of the security GA2J00000267","099001k240890004","511800101","XAF",,18775381,29-MAR-24,"C","BINEID00087","MBATOHID0012","TXN_AMT",30-MAR-24,"","001k","CREANCES RATTACHEES - MANUELLES","DE","1"
"REGUL INTEREST CG2A0000254 099OTAP231280001 641 050 000 M","099001k240890007","511800101","XAF",,18994399,29-MAR-24,"C","BINEID00087","MBATOHID0012","TXN_AMT",30-MAR-24,"","001k","CREANCES RATTACHEES - MANUELLES","DE","1"
"REGUL INTEREST CG2A00000254 099OTAP231360003 641 050 000 M","099001k240890008","511800101","XAF",,18994399,29-MAR-24,"D","BINEID00087","MBATOHID0012","TXN_AMT",30-MAR-24,"","001k","CREANCES RATTACHEES - MANUELLES","DE","1"
"INTEREST INCOME ON THE PERIOD SALE CG2J00000438 1 500 000 000 AT 5.75PCT 099OTAP233620005","099001k240890011","511800101","XAF",,19323770,29-MAR-24,"D","BINEID00087","MBATOHID0012","TXN_AMT",30-MAR-24,"","001k","CREANCES RATTACHEES - MANUELLES","DE","1"
"Reversal of 511800101 in 466000107 rf 099000c222630001 Accrued interest at purchase of CM2B00000103","099001k240890013","511800101","XAF",,19417808,29-MAR-24,"C","BINEID00087","MBATOHID0012","TXN_AMT",30-MAR-24,"","001k","CREANCES RATTACHEES - MANUELLES","DE","1"
"Reversal of 511800101 in 466000107 rf 099001o223620001 Total interest income on Sales of the XAF 400 000 000 CG2Y00000222  6PCT","099001k240890017","511800101","XAF",,19857534,29-MAR-24,"D","BINEID00087","MBATOHID0012","TXN_AMT",30-MAR-24,"","001k","CREANCES RATTACHEES - MANUELLES","DE","1"
"Reversal of 511800101 in 466000107 rf 099001n223620001 interest income on CG2Y00000222  6PCT 400 000 000","099001k240890018","511800101","XAF",,19857534,29-MAR-24,"C","BINEID00087","MBATOHID0012","TXN_AMT",30-MAR-24,"","001k","CREANCES RATTACHEES - MANUELLES","DE","1"
"interest income on  PURCHASE  CG2K00000062 AT 6PCT   1 400 000 000","099001k240890021","511800101","XAF",,20196721,29-MAR-24,"C","BINEID00087","MBATOHID0012","TXN_AMT",30-MAR-24,"","001k","CREANCES RATTACHEES - MANUELLES","DE","1"
"SALE OF TBOND ISIN GA2J00000267 1BN AT 5.25PCT 099OTAP231570003","099001k240890023","511800101","XAF",,20340164,29-MAR-24,"C","BINEID00087","MBATOHID0012","TXN_AMT",30-MAR-24,"","001k","CREANCES RATTACHEES - MANUELLES","DE","1"
"Liquidation of the Accrued interest of  CG2J00000099 446 000 000 6.1PCT 099OTAP233110001","099001k240890027","511800101","XAF",,20423134,29-MAR-24,"D","BINEID00087","MBATOHID0012","TXN_AMT",30-MAR-24,"","001k","CREANCES RATTACHEES - MANUELLES","DE","1"
"Accrued interest Purchase of the security CG2J00000099 466 000 000 099OTAP233040002","099001k240890028","511800101","XAF",,20423134,29-MAR-24,"C","BINEID00087","MBATOHID0012","TXN_AMT",30-MAR-24,"","001k","CREANCES RATTACHEES - MANUELLES","DE","1"
"PURCHASE GA2J00000352  AT 5.5 PCT 2 500 000 000 099OTAP233030010","099001k240890033","511800101","XAF",,20662568,29-MAR-24,"C","BINEID00087","MBATOHID0012","TXN_AMT",30-MAR-24,"","001k","CREANCES RATTACHEES - MANUELLES","DE","1"
"interest income on SALES CG2K00000062 AT 6PCT 1 400 000 000","099001k240890035","511800101","XAF",,20885246,29-MAR-24,"D","BINEID00087","MBATOHID0012","TXN_AMT",30-MAR-24,"","001k","CREANCES RATTACHEES - MANUELLES","DE","1"
"SALES  GA2J00000325  AT 5.5 PCT 2 500 000 000 099OTAP233030010","099001k240890037","511800101","XAF",,21038251,29-MAR-24,"D","BINEID00087","MBATOHID0012","TXN_AMT",30-MAR-24,"","001k","CREANCES RATTACHEES - MANUELLES","DE","1"
"REGUL INTEREST RECEIVED COUPON COURU SALE 550 MN GA2J000000226","099001k240890039","511800101","XAF",,22388014,29-MAR-24,"C","BINEID00087","MBATOHID0012","TXN_AMT",30-MAR-24,"","001k","CREANCES RATTACHEES - MANUELLES","DE","1"
"Reversal of 511800101 in 466000107 rf 099000i222930001 Sales of the XAF 500 000 000 GA2J00000226","099001k240890040","511800101","XAF",,22388014,29-MAR-24,"D","BINEID00087","MBATOHID0012","TXN_AMT",30-MAR-24,"","001k","CREANCES RATTACHEES - MANUELLES","DE","1"
"REGUL INTEREST ISIN CG2K00000062 099OTAP231910002 1 4000 000 000","099001k240890043","511800101","XAF",,22491803,29-MAR-24,"D","BINEID00087","MBATOHID0012","TXN_AMT",30-MAR-24,"","001k","CREANCES RATTACHEES - MANUELLES","DE","1"
"interest income on  PURCHASE  6 PCT  AT 1 400 000 000","099001k240890044","511800101","XAF",,22491803,29-MAR-24,"C","BINEID00087","MBATOHID0012","TXN_AMT",30-MAR-24,"","001k","CREANCES RATTACHEES - MANUELLES","DE","1"
"Reclassification of 511800100 to 511800101 manual  good contract rf 099OTAP233620001 REGUL INTEREST ISIN CM2B00000087","099001k240890048","511800101","XAF",,22904110,29-MAR-24,"C","BINEID00087","MBATOHID0012","TXN_AMT",30-MAR-24,"","001k","CREANCES RATTACHEES - MANUELLES","DE","1"
"interest income on    PURCHASE  CM2B00000095 AT 5.5PCT 1 000 000 000","099001k240890049","511800101","XAF",,23292350,29-MAR-24,"C","BINEID00087","MBATOHID0012","TXN_AMT",30-MAR-24,"","001k","CREANCES RATTACHEES - MANUELLES","DE","1"
"Reclassification of accrued interests on securities","099001k240890051","511800101","XAF",,23390537,29-MAR-24,"C","BINEID00087","MBATOHID0012","TXN_AMT",30-MAR-24,"","001k","CREANCES RATTACHEES - MANUELLES","DE","1"
"REGUL INTERESTREVEIVED COUPON COURU SALE 600MN GA2J00000226","099001k240890053","511800101","XAF",,23905479,29-MAR-24,"C","BINEID00087","MBATOHID0012","TXN_AMT",30-MAR-24,"","001k","CREANCES RATTACHEES - MANUELLES","DE","1"
"REGUL INTEREST  ISIN  CG2A00000099  783MN","099001k240890158","511800101","XAF",,29073436,29-MAR-24,"C","BINEID00087","MBATOHID0012","TXN_AMT",30-MAR-24,"","001k","CREANCES RATTACHEES - MANUELLES","DE","1"
"interest income on   PURCHASE  CG2A00000270","099001k240890161","511800101","XAF",,29452055,29-MAR-24,"C","BINEID00087","MBATOHID0012","TXN_AMT",30-MAR-24,"","001k","CREANCES RATTACHEES - MANUELLES","DE","1"
"ACCRUED INTEREST OF XAF CG2J00000099 099OTAP232580002 803MN","099001k240890165","511800101","XAF",,29524000,29-MAR-24,"C","BINEID00087","MBATOHID0012","TXN_AMT",30-MAR-24,"","001k","CREANCES RATTACHEES - MANUELLES","DE","1"
"ACCRUED  INTEREST OF XAF CG2J00000099 099OTAP232580002 803MN","099001k240890166","511800101","XAF",,29524000,29-MAR-24,"D","BINEID00087","MBATOHID0012","TXN_AMT",30-MAR-24,"","001k","CREANCES RATTACHEES - MANUELLES","DE","1"
"REGUL INTEREST  ISIN  CG2A00000099 099OTAP232850002 758MN","099001k240890176","511800101","XAF",,29949830,29-MAR-24,"C","BINEID00087","MBATOHID0012","TXN_AMT",30-MAR-24,"","001k","CREANCES RATTACHEES - MANUELLES","DE","1"
"REGUL INTEREST ISIN CG2J00000099 099OTAP232580004 803MN","099001k240890171","511800101","XAF",,29835518,29-MAR-24,"C","BINEID00087","MBATOHID0012","TXN_AMT",30-MAR-24,"","001k","CREANCES RATTACHEES - MANUELLES","DE","1"
"REGUL INTEREST  ISIN  CG2A00000099  783MN","099001k240890172","511800101","XAF",,29835518,29-MAR-24,"D","BINEID00087","MBATOHID0012","TXN_AMT",30-MAR-24,"","001k","CREANCES RATTACHEES - MANUELLES","DE","1"
"interest of  CG2J00000099 684 000 000 099OTAP232920002","099001k240890175","511800101","XAF",,29949830,29-MAR-24,"D","BINEID00087","MBATOHID0012","TXN_AMT",30-MAR-24,"","001k","CREANCES RATTACHEES - MANUELLES","DE","1"
"""interest income on  CG2A00000270	""","099001k240890169","511800101","XAF",,29589041,29-MAR-24,"D","BINEID00087","MBATOHID0012","TXN_AMT",30-MAR-24,"","001k","CREANCES RATTACHEES - MANUELLES","DE","1"
"interest income on  sales GA2K00000058 5.75PCT 1 500 000 000","099000f240920001","511800101","XAF",,45842466,01-APR-24,"D","BINEID00087","MBATOHID0012","TXN_AMT",01-APR-24,"","000f","CREANCES RATTACHEES - MANUELLES","DE",""
"INTEREST INCOME ON GQ2J00000024","099000f240920001","511800101","XAF",,45452055,01-APR-24,"D","BINEID00087","MBATOHID0012","TXN_AMT",01-APR-24,"","000f","CREANCES RATTACHEES - MANUELLES","DE",""
"INTEREST RECIEVED purchase of CM2B00000103","099000f240920001","511800101","XAF",,52500000,01-APR-24,"D","BINEID00087","MBATOHID0012","TXN_AMT",01-APR-24,"","000f","CREANCES RATTACHEES - MANUELLES","DE",""
" NTEREST RECEIVED GA2J00000142","099000f240920001","511800101","XAF",,54625000,01-APR-24,"D","BINEID00087","MBATOHID0012","TXN_AMT",01-APR-24,"","000f","CREANCES RATTACHEES - MANUELLES","DE",""
"REGUL INTERET ISIN  LIQUIDATION  GA2J00000150 5.50PCT 2,000,000,000XAF 099OTAP233410001","099000f240920001","511800101","XAF",,55150685,01-APR-24,"D","BINEID00087","MBATOHID0012","TXN_AMT",01-APR-24,"","000f","CREANCES RATTACHEES - MANUELLES","DE",""
" REGUL INTEREST  ISIN  CG2A00000099 099OTAP232850002 708MN","099000f240920001","511800101","XAF",,30054115,01-APR-24,"D","BINEID00087","MBATOHID0012","TXN_AMT",01-APR-24,"","000f","CREANCES RATTACHEES - MANUELLES","DE",""
"interest income on   SALES  CG2J00000099 ","099000f240920001","511800101","XAF",,30463400,01-APR-24,"D","BINEID00087","MBATOHID0012","TXN_AMT",01-APR-24,"","000f","CREANCES RATTACHEES - MANUELLES","DE",""
"REGUL INTEREST ISIN CG2J00000099 099OTAP232580004 803MN","099000f240920001","511800101","XAF",,30597600,01-APR-24,"D","BINEID00087","MBATOHID0012","TXN_AMT",01-APR-24,"","000f","CREANCES RATTACHEES - MANUELLES","DE",""
"REGUL INTEREST ISIN CG2500000099 LIQUIDATION  099OTAP232210003 1BN","099000f240920001","511800101","XAF",,31920548,01-APR-24,"D","BINEID00087","MBATOHID0012","TXN_AMT",01-APR-24,"","000f","CREANCES RATTACHEES - MANUELLES","DE",""
"REGUL INTEREST ISIN CG2500000099 LIQUIDATION  099OTAP232210003950MN","099000f240920001","511800101","XAF",,32388493,01-APR-24,"D","BINEID00087","MBATOHID0012","TXN_AMT",01-APR-24,"","000f","CREANCES RATTACHEES - MANUELLES","DE",""
"INTERET ISIN CM1100001062 LIQUIDATION 099OTAP233410004 3,000,000,000XAF","099000f240920001","511800101","XAF",,32541667,01-APR-24,"D","BINEID00087","MBATOHID0012","TXN_AMT",01-APR-24,"","000f","CREANCES RATTACHEES - MANUELLES","DE",""
"""Reversal of 511800101 in 466000107 rf 099000x223000001 Sales of the XAF 1,000,000,000 CM2B00000095		""","099000f240920001","511800101","XAF",,33904110,01-APR-24,"D","BINEID00087","MBATOHID0012","TXN_AMT",01-APR-24,"","000f","CREANCES RATTACHEES - MANUELLES","DE",""
"ANNUAL INTEREST RECIEVED  GQ2J00000032 XAF 700,000,000 AT 5PCT","099000f240920001","511800101","XAF",,35000000,01-APR-24,"D","BINEID00087","MBATOHID0012","TXN_AMT",01-APR-24,"","000f","CREANCES RATTACHEES - MANUELLES","DE",""
"""INTEREST INCOME on GA2A0000142 AT 4.75 PCT  1 150 000 000  AT 1.74PCT DISCOUNT 		""","099000f240920001","511800101","XAF",,36217123,01-APR-24,"D","BINEID00087","MBATOHID0012","TXN_AMT",01-APR-24,"","000f","CREANCES RATTACHEES - MANUELLES","DE",""
"Reversal of 511800101 in 466000107 rf 099001k223620001 total interest income on Sales of the XAF 1 500 000 000 GA2A00000126  4.50PCT","099000f240920001","511800101","XAF",,61952055,01-APR-24,"D","BINEID00087","MBATOHID0012","TXN_AMT",01-APR-24,"","000f","CREANCES RATTACHEES - MANUELLES","DE",""
"ANNUAL INTEREST FOR T BOND GA2B00000117","099000f240920001","511800101","XAF",,73750000,01-APR-24,"D","BINEID00087","MBATOHID0012","TXN_AMT",01-APR-24,"","000f","CREANCES RATTACHEES - MANUELLES","DE",""
"SALE OF TBOND ISIN GA2K00000058 1.5BN AT 5.75PCT 099OTAP231850001","099000f240920001","511800101","XAF",,75852740,01-APR-24,"D","BINEID00087","MBATOHID0012","TXN_AMT",01-APR-24,"","000f","CREANCES RATTACHEES - MANUELLES","DE",""
"ANNUAL INTEREST GA2K00000058 1 500 000 000 AT  5.75 PCT 099OTAP233000002","099000f240920001","511800101","XAF",,76089041,01-APR-24,"D","BINEID00087","MBATOHID0012","TXN_AMT",01-APR-24,"","000f","CREANCES RATTACHEES - MANUELLES","DE",""
"""interest income on SALES OF CM2B0000087 	""","099000f240920001","511800101","XAF",,78883562,01-APR-24,"D","BINEID00087","MBATOHID0012","TXN_AMT",01-APR-24,"","000f","CREANCES RATTACHEES - MANUELLES","DE",""
" INTEREST   RECEIVED CM2J00000055","099000f240920001","511800101","XAF",,80000000,01-APR-24,"D","BINEID00087","MBATOHID0012","TXN_AMT",01-APR-24,"","000f","CREANCES RATTACHEES - MANUELLES","DE",""
" Interest income on the period  SALES security CM2B00000129  2 131 000 000 5.75 PCT 099OTAP233280001","099000f240920001","511800101","XAF",,84366639,01-APR-24,"D","BINEID00087","MBATOHID0012","TXN_AMT",01-APR-24,"","000f","CREANCES RATTACHEES - MANUELLES","DE",""
"Interest income on the period  SALES security CM2B00000095  2 500 000 000 5.5 PCT 099OTAP233100004","099000f240920001","511800101","XAF",,89412568,01-APR-24,"D","BINEID00087","MBATOHID0012","TXN_AMT",01-APR-24,"","000f","CREANCES RATTACHEES - MANUELLES","DE",""
"interest income on sales CG2J00000099 AT 6.1PCT","099000f240920001","511800101","XAF",,102279452,01-APR-24,"D","BINEID00087","MBATOHID0012","TXN_AMT",01-APR-24,"","000f","CREANCES RATTACHEES - MANUELLES","DE",""
" interest income on purchase CG2J00000099 AT 6.1PCT","099000f240920001","511800101","XAF",,102279452,01-APR-24,"D","BINEID00087","MBATOHID0012","TXN_AMT",01-APR-24,"","000f","CREANCES RATTACHEES - MANUELLES","DE",""
" interest income on   SALES  CG2A00000247","099000f240920001","511800101","XAF",,104575342,01-APR-24,"D","BINEID00087","MBATOHID0012","TXN_AMT",01-APR-24,"","000f","CREANCES RATTACHEES - MANUELLES","DE",""
"interest income on   SALES  CG2A00000247","099000f240920001","511800101","XAF",,105178082,01-APR-24,"D","BINEID00087","MBATOHID0012","TXN_AMT",01-APR-24,"","000f","CREANCES RATTACHEES - MANUELLES","DE",""
"Sales of 4 Bls Gabon OTA bonds at 5.25PCT and a discount of 94 PCT_Gain of 1PCTSales of the 4 Bls Gabon OTA bonds","099000f240920001","511800101","XAF",,136931507,01-APR-24,"D","BINEID00087","MBATOHID0012","TXN_AMT",01-APR-24,"","000f","CREANCES RATTACHEES - MANUELLES","DE",""
"INTEREST GQ2K00000039 DU 27/AOUT 2023","099000f240920001","511800101","XAF",,147000000,01-APR-24,"D","BINEID00087","MBATOHID0012","TXN_AMT",01-APR-24,"","000f","CREANCES RATTACHEES - MANUELLES","DE",""
"Reversal of 511800101 in 466000107 rf 099i099231610102 ZERORISING THE IGL","099000f240920001","511800101","XAF",,268801541,01-APR-24,"D","BINEID00087","MBATOHID0012","TXN_AMT",01-APR-24,"","000f","CREANCES RATTACHEES - MANUELLES","DE",""
"Interest income on the period  SALES security CM2L00000036  5 000 000 000 5.9 PCT 099OTAP233280004","099000f240920001","511800101","XAF",,281260274,01-APR-24,"D","BINEID00087","MBATOHID0012","TXN_AMT",01-APR-24,"","000f","CREANCES RATTACHEES - MANUELLES","DE",""
"Interest income on the period  SALES security CM2L00000036  5 000 000 000 5.9 PCT 099OTAP233280003","099000f240920001","511800101","XAF",,285301370,01-APR-24,"D","BINEID00087","MBATOHID0012","TXN_AMT",01-APR-24,"","000f","CREANCES RATTACHEES - MANUELLES","DE",""
"Liquidation of the Accrued interest of CM2L00000036  5 000 000 000  5.90 PCT 099OTAP233330003","099000f240920001","511800101","XAF",,292575342,01-APR-24,"D","BINEID00087","MBATOHID0012","TXN_AMT",01-APR-24,"","000f","CREANCES RATTACHEES - MANUELLES","DE",""
" SALES  CM2B00000053  AT 5.5 PCT 10 000 000 000  099OTAP233030007","099000f240920001","511800101","XAF",,391780822,01-APR-24,"D","BINEID00087","MBATOHID0012","TXN_AMT",01-APR-24,"","000f","CREANCES RATTACHEES - MANUELLES","DE",""
"REGUL INTEREST  ISIN  CG2J00000099 758MN  099OTAP232850002","099000f240920001","511800101","XAF",,30054115,01-APR-24,"C","BINEID00087","MBATOHID0012","TXN_AMT",01-APR-24,"","000f","CREANCES RATTACHEES - MANUELLES","DE",""
"ACCRUED  INTEREST OF XAF CG2J00000099 099OTAP232580002 803MN","099000f240920001","511800101","XAF",,30463400,01-APR-24,"C","BINEID00087","MBATOHID0012","TXN_AMT",01-APR-24,"","000f","CREANCES RATTACHEES - MANUELLES","DE",""
"Reversal of PURCHASE CG2J00000099 ","099000f240920001","511800101","XAF",,30597600,01-APR-24,"C","BINEID00087","MBATOHID0012","TXN_AMT",01-APR-24,"","000f","CREANCES RATTACHEES - MANUELLES","DE",""
"Ireversal  nterest income on the period  SALES security CM2B00000111  3 000 000 000 5.5 PCT 099OTAP233310002","099000f240920001","511800101","XAF",,31106557,01-APR-24,"C","BINEID00087","MBATOHID0012","TXN_AMT",01-APR-24,"","000f","CREANCES RATTACHEES - MANUELLES","DE",""
"INTEREST ICOME ON PURCHASE CM2B00000111 AT 5.5PCT AT 97.75PCT DISCOUNT 3,000,000,000 099OTAP233310002","099000f240920001","511800101","XAF",,31106557,01-APR-24,"C","BINEID00087","MBATOHID0012","TXN_AMT",01-APR-24,"","000f","CREANCES RATTACHEES - MANUELLES","DE",""
"PURCHASE CM2B00000111 AT 5.5PCT AT 97.75PCT DISCOUNT 3,000,000,000 099OTAP233310002","099000f240920001","511800101","XAF",,31106557,01-APR-24,"C","BINEID00087","MBATOHID0012","TXN_AMT",01-APR-24,"","000f","CREANCES RATTACHEES - MANUELLES","DE",""
"interest income on  SALES  CG2A000000247","099000f240920001","511800101","XAF",,104876712,01-APR-24,"D","BINEID00087","MBATOHID0012","TXN_AMT",01-APR-24,"","000f","CREANCES RATTACHEES - MANUELLES","DE",""
"SALE OF TBOND ISIN GA2J00000267 1BN AT 5.25PCT 099OTAP231570003","099000f240920001","511800101","XAF",,30840164,01-APR-24,"D","BINEID00087","MBATOHID0012","TXN_AMT",01-APR-24,"","000f","CREANCES RATTACHEES - MANUELLES","DE",""
"Interest income on the period  SALES security CM2B00000111  3 000 000 000 5.5 PCT 099OTAP233310002","099000f240920001","511800101","XAF",,31106557,01-APR-24,"D","BINEID00087","MBATOHID0012","TXN_AMT",01-APR-24,"","000f","CREANCES RATTACHEES - MANUELLES","DE",""
"""Interest income on the period  SALES security CM2B00000111  3 000 000 000 5.5 PCT 099OTAP233310002		""","099000f240920001","511800101","XAF",,31106557,01-APR-24,"D","BINEID00087","MBATOHID0012","TXN_AMT",01-APR-24,"","000f","CREANCES RATTACHEES - MANUELLES","DE",""
"PURCHASE  CM2B0000111AT 5.5PCT  AT 97.75PCT DISCOUNT  3 000 000 000 099OTAP233310002","099000f240920001","511800101","XAF",,31106557,01-APR-24,"D","BINEID00087","MBATOHID0012","TXN_AMT",01-APR-24,"","000f","CREANCES RATTACHEES - MANUELLES","DE",""
"Reversal of 511800101 in 466000107 rf 099000n223000001 Coupon interest received of XAF 31 500 000 GA2J00000218","099000f240920001","511800101","XAF",,31500000,01-APR-24,"D","BINEID00087","MBATOHID0012","TXN_AMT",01-APR-24,"","000f","CREANCES RATTACHEES - MANUELLES","DE",""
"REGUL INTEREST ISIN  CG2500000099 LIQUIDATION  099OTAP232210003 950 MN","099000f240920001","511800101","XAF",,31887123,01-APR-24,"D","BINEID00087","MBATOHID0012","TXN_AMT",01-APR-24,"","000f","CREANCES RATTACHEES - MANUELLES","DE",""
"Interest income of XAF 21,682,292 GQ1300001047099TBTR222690001 ","099000f240920001","511800101","XAF",,40968750,01-APR-24,"D","BINEID00087","MBATOHID0012","TXN_AMT",01-APR-24,"","000f","CREANCES RATTACHEES - MANUELLES","DE",""
"INTEREST AT PARTIAL SALES 1.3 BN CG2K00000062 099OTAP231910002","099000f240920001","511800101","XAF",,44540984,01-APR-24,"D","BINEID00087","MBATOHID0012","TXN_AMT",01-APR-24,"","000f","CREANCES RATTACHEES - MANUELLES","DE",""
"REVERSAL REGUL INTEREST ISIN CG2K00000062 100M","099000f240920001","511800101","XAF",,44540984,01-APR-24,"D","BINEID00087","MBATOHID0012","TXN_AMT",01-APR-24,"","000f","CREANCES RATTACHEES - MANUELLES","DE",""
"INTERETS SALES on CG2A00000270","099000f240920001","511800101","XAF",,44589041,01-APR-24,"D","BINEID00087","MBATOHID0012","TXN_AMT",01-APR-24,"","000f","CREANCES RATTACHEES - MANUELLES","DE",""
"""Accrued interest of  CG2K00000062 1 300 000 000  AT 6 PCT  099OTAP233030013		""","099000f240920001","511800101","XAF",,44754098,01-APR-24,"D","BINEID00087","MBATOHID0012","TXN_AMT",01-APR-24,"","000f","CREANCES RATTACHEES - MANUELLES","DE",""
"REVERSAL INTEREST CINCOME ON GQ2J00000024 ","099000f240920001","511800101","XAF",,45452055,01-APR-24,"D","BINEID00087","MBATOHID0012","TXN_AMT",01-APR-24,"","000f","CREANCES RATTACHEES - MANUELLES","DE",""
"Reversal of 511800101 in 466000107 rf 0990008223340001 INTEREST INCOME OF XAF CG2J00000222","099000f240920001","511800101","XAF",,48156164,01-APR-24,"D","BINEID00087","MBATOHID0012","TXN_AMT",01-APR-24,"","000f","CREANCES RATTACHEES - MANUELLES","DE",""
" interest income on  CG2A00000247","099000f240920001","511800101","XAF",,104876712,01-APR-24,"C","BINEID00087","MBATOHID0012","TXN_AMT",01-APR-24,"","000f","CREANCES RATTACHEES - MANUELLES","DE",""
"Reversal Purchase of 4 Bls Gabon OTA bonds at 5.25PCT and a discount of 93PCT","099000f240920001","511800101","XAF",,136931507,01-APR-24,"C","BINEID00087","MBATOHID0012","TXN_AMT",01-APR-24,"","000f","CREANCES RATTACHEES - MANUELLES","DE",""
"Reversal of 511800101 in 466000107 rf 099z099231610106 REUPLOAD THE GL","099000f240920001","511800101","XAF",,268801541,01-APR-24,"C","BINEID00087","MBATOHID0012","TXN_AMT",01-APR-24,"","000f","CREANCES RATTACHEES - MANUELLES","DE",""
"PURCHASE CM2L00000036  AT 5.9  PCT 5 000 000 000  099OTAP233280004","099000f240920001","511800101","XAF",,281260274,01-APR-24,"C","BINEID00087","MBATOHID0012","TXN_AMT",01-APR-24,"","000f","CREANCES RATTACHEES - MANUELLES","DE",""
"PURCHASE CM2L00000036  AT 5.9  PCT 5 000 000 000  099OTAP233280003","099000f240920001","511800101","XAF",,285301370,01-APR-24,"C","BINEID00087","MBATOHID0012","TXN_AMT",01-APR-24,"","000f","CREANCES RATTACHEES - MANUELLES","DE",""
"INTEREST ACCRUED AT PURCHASE 1.3 BN CG2K00000062 099OTAP233030013","099000f240920001","511800101","XAF",,44754098,01-APR-24,"C","BINEID00087","MBATOHID0012","TXN_AMT",01-APR-24,"","000f","CREANCES RATTACHEES - MANUELLES","DE",""
"Interest   income on GQ2J00000024","099000f240920001","511800101","XAF",,45452055,01-APR-24,"C","BINEID00087","MBATOHID0012","TXN_AMT",01-APR-24,"","000f","CREANCES RATTACHEES - MANUELLES","DE",""
" Interest   income on GQ2J00000024 AT 7 PCT  3 000 000 000 AT 0.5PCT DISCOUNT ","099000f240920001","511800101","XAF",,45452055,01-APR-24,"C","BINEID00087","MBATOHID0012","TXN_AMT",01-APR-24,"","000f","CREANCES RATTACHEES - MANUELLES","DE",""
"Reversal of 511800101 in 466000107 rf 099000o223320001 ACRUDE INTEREST OF XAF 1 050 000 000 CG2J0000222","099000f240920001","511800101","XAF",,47810959,01-APR-24,"C","BINEID00087","MBATOHID0012","TXN_AMT",01-APR-24,"","000f","CREANCES RATTACHEES - MANUELLES","DE",""
" interest income on  PURCHASE  GA2K00000058 AT 6PCT   1 500 000 000","099000f240920001","511800101","XAF",,48914384,01-APR-24,"C","BINEID00087","MBATOHID0012","TXN_AMT",01-APR-24,"","000f","CREANCES RATTACHEES - MANUELLES","DE",""
"Reclassification of 511800100 to 511800101 manual good contract rf 099OTAP223340002 ANNUAL INTEREST INCOME OF XAF GA2B00000125","099000f240920001","511800101","XAF",,51287760,01-APR-24,"C","BINEID00087","MBATOHID0012","TXN_AMT",01-APR-24,"","000f","CREANCES RATTACHEES - MANUELLES","DE",""
"\interest income on  PURCHASE  GA2J00000150 AT 5.50PCT  2 000 000 000","099000f240920001","511800101","XAF",,55150685,01-APR-24,"C","BINEID00087","MBATOHID0012","TXN_AMT",01-APR-24,"","000f","CREANCES RATTACHEES - MANUELLES","DE",""
" ACCRUED INTEREST AT PRUCHASE 4PCT CM2J00000055  2BN","099000f240920001","511800101","XAF",,61808219,01-APR-24,"C","BINEID00087","MBATOHID0012","TXN_AMT",01-APR-24,"","000f","CREANCES RATTACHEES - MANUELLES","DE",""
"Reversal of 511800101 in 466000107 rf 099001g223620001 Interest income of XAF  GA2A00000126 4.50PCT","099000f240920001","511800101","XAF",,61952055,01-APR-24,"C","BINEID00087","MBATOHID0012","TXN_AMT",01-APR-24,"","000f","CREANCES RATTACHEES - MANUELLES","DE",""
"PURCHASE CM2B00000053  AT 5.5 PCT 10 000 000 000 099OTAP233030007","099000f240920001","511800101","XAF",,366164384,01-APR-24,"C","BINEID00087","MBATOHID0012","TXN_AMT",01-APR-24,"","000f","CREANCES RATTACHEES - MANUELLES","DE",""
" ACCRUED INTEREST AT PURCHASE ISIN CG2K00000062  1 300 000 000 M","099000f240920001","511800101","XAF",,44540984,01-APR-24,"C","BINEID00087","MBATOHID0012","TXN_AMT",01-APR-24,"","000f","CREANCES RATTACHEES - MANUELLES","DE",""
"Reversal of 511800101 in 466000107REGUL INTEREST ISIN CG2K00000062 100M","099000f240920001","511800101","XAF",,44540984,01-APR-24,"C","BINEID00087","MBATOHID0012","TXN_AMT",01-APR-24,"","000f","CREANCES RATTACHEES - MANUELLES","DE",""
" REGUL INTEREST ISIN CG2500000099 BOOKING 900MN  099OTAP23240001 ","099000f240920001","511800101","XAF",,31887123,01-APR-24,"C","BINEID00087","MBATOHID0012","TXN_AMT",01-APR-24,"","000f","CREANCES RATTACHEES - MANUELLES","DE",""
" interest income on PURCHASE CG2J00000099 AT 6.1PCT 1 000 000 000","099000f240920001","511800101","XAF",,31920548,01-APR-24,"C","BINEID00087","MBATOHID0012","TXN_AMT",01-APR-24,"","000f","CREANCES RATTACHEES - MANUELLES","DE",""
"REGUL INTEREST ISIN CG2500000099 BOOKING 950 MN   099OTAP232330003 ","099000f240920001","511800101","XAF",,32388493,01-APR-24,"C","BINEID00087","MBATOHID0012","TXN_AMT",01-APR-24,"","000f","CREANCES RATTACHEES - MANUELLES","DE",""
"interest income on  PURCHASE    CM1100001062 AT 5.0PCT    3 000 000 000 099OTAP233410004","099000f240920001","511800101","XAF",,32541667,01-APR-24,"C","BINEID00087","MBATOHID0012","TXN_AMT",01-APR-24,"","000f","CREANCES RATTACHEES - MANUELLES","DE",""
"interest income on purchase  GQ2k00000039  AT 7 PCT 1 000 000 000","099000f240920001","511800101","XAF",,32602740,01-APR-24,"C","BINEID00087","MBATOHID0012","TXN_AMT",01-APR-24,"","000f","CREANCES RATTACHEES - MANUELLES","DE",""
"REGUL INTEREST ISIN CM2B00000103  1 000 000 000  AT 5.25 PCT 099OTAP222450006","099000f240920001","511800101","XAF",,33082192,01-APR-24,"C","BINEID00087","MBATOHID0012","TXN_AMT",01-APR-24,"","000f","CREANCES RATTACHEES - MANUELLES","DE",""
"Reversal of 511800101 in 466000107 rf 099000v223000001 Purchase of the XAF 1,000,000,000 CM2B00000095","099000f240920001","511800101","XAF",,33904110,01-APR-24,"C","BINEID00087","MBATOHID0012","TXN_AMT",01-APR-24,"","000f","CREANCES RATTACHEES - MANUELLES","DE",""
"REGUL PURCHASE ISIN  GA2B00000117 1,000,000,000 MN INTEREST SALE ","099000f240920001","511800101","XAF",,34075342,01-APR-24,"C","BINEID00087","MBATOHID0012","TXN_AMT",01-APR-24,"","000f","CREANCES RATTACHEES - MANUELLES","DE",""
"Accrued interest at purchase of GA2B00000117 AT 6.25PCT","099000f240920001","511800101","XAF",,34760274,01-APR-24,"C","BINEID00087","MBATOHID0012","TXN_AMT",01-APR-24,"","000f","CREANCES RATTACHEES - MANUELLES","DE",""
"Reversal of 511800101 in 466000107 rf 099000f222930001 Coupon interest received of XAF 336,000,000 GA2J00000226","099000f240920001","511800101","XAF",,37337137,01-APR-24,"C","BINEID00087","MBATOHID0012","TXN_AMT",01-APR-24,"","000f","CREANCES RATTACHEES - MANUELLES","DE",""
"""REGUL INTEREST ISIN GQ2K00000039 	""","099000f240920001","511800101","XAF",,37397260,01-APR-24,"C","BINEID00087","MBATOHID0012","TXN_AMT",01-APR-24,"","000f","CREANCES RATTACHEES - MANUELLES","DE",""
" interest income on purchase GA2A00000142  AT 4.75PCT 1 150 000 000","099000f240920001","511800101","XAF",,38312329,01-APR-24,"C","BINEID00087","MBATOHID0012","TXN_AMT",01-APR-24,"","000f","CREANCES RATTACHEES - MANUELLES","DE",""
"interest income on PURCHASES OF CM2B0000087","099000f240920001","511800101","XAF",,44383562,01-APR-24,"C","BINEID00087","MBATOHID0012","TXN_AMT",01-APR-24,"","000f","CREANCES RATTACHEES - MANUELLES","DE",""
" interest income on   PURCHASE  CM2L00000036  AT 5.9PCT 5 000 000 000 099OTAP233330003","099000f240920001","511800101","XAF",,292575342,01-APR-24,"C","BINEID00087","MBATOHID0012","TXN_AMT",01-APR-24,"","000f","CREANCES RATTACHEES - MANUELLES","DE",""
"PURCHASE GA2K00000058 AT 5.75PCT 1 500 000 000 ","099000f240920001","511800101","XAF",,76089041,01-APR-24,"C","BINEID00087","MBATOHID0012","TXN_AMT",01-APR-24,"","000f","CREANCES RATTACHEES - MANUELLES","DE",""
""" PURCHASE CM2B00000129  AT 5.75  PCT 2 131 000 000  099OTAP233280001		""","099000f240920001","511800101","XAF",,84366639,01-APR-24,"C","BINEID00087","MBATOHID0012","TXN_AMT",01-APR-24,"","000f","CREANCES RATTACHEES - MANUELLES","DE",""
"PURCHASE CM2B00000095 AT 5.50PCT 099OTAP233100004","099000f240920001","511800101","XAF",,89412568,01-APR-24,"C","BINEID00087","MBATOHID0012","TXN_AMT",01-APR-24,"","000f","CREANCES RATTACHEES - MANUELLES","DE",""
" interest income on    CG2J00000099  AT 0.5PCT 3 000 000 0000","099000f240920001","511800101","XAF",,102279452,01-APR-24,"C","BINEID00087","MBATOHID0012","TXN_AMT",01-APR-24,"","000f","CREANCES RATTACHEES - MANUELLES","DE",""
"interest income on purchase  CG2J00000099 AT 6.1PCT","099000f240920001","511800101","XAF",,102279452,01-APR-24,"C","BINEID00087","MBATOHID0012","TXN_AMT",01-APR-24,"","000f","CREANCES RATTACHEES - MANUELLES","DE",""
"interest income on   PURCHASE  CG2A00000247","099000f240920001","511800101","XAF",,104273973,01-APR-24,"C","BINEID00087","MBATOHID0012","TXN_AMT",01-APR-24,"","000f","CREANCES RATTACHEES - MANUELLES","DE",""
"interest income on   PURCHASE  CG2A000000247","099000f240920001","511800101","XAF",,104575342,01-APR-24,"C","BINEID00087","MBATOHID0012","TXN_AMT",01-APR-24,"","000f","CREANCES RATTACHEES - MANUELLES","DE",""
"interest income on   PURCHASE  CM2B00000038  AT 5.7% 1 000 000 000 099OTAP240930001 from ESS BOURSE ","099000s240930001","511800101","XAF",,55598361,02-APR-24,"D","BINEID00087","MBATOHID0012","TXN_AMT",02-APR-24,"","000s","CREANCES RATTACHEES - MANUELLES","DE",""
"interest income on   PURCHASE  GQ2J00000024  AT 7%  500 000 000 099OTAP240930004  from ASCA ","099000v240930001","511800101","XAF",,25532787,02-APR-24,"D","BINEID00087","MBATOHID0012","TXN_AMT",02-APR-24,"","000v","CREANCES RATTACHEES - MANUELLES","DE",""
"REVERSAL OF 511800101 IN 466000107 REF 099000U223000001 INTEREST INCOME OF XAF 704.795 GA2J00000218","099000e240940001","511800101","XAF",,704795,03-APR-24,"C","BINEID00087","MBATOHID0012","TXN_AMT",03-APR-24,"","000e","CREANCES RATTACHEES - MANUELLES","DE",""
"interest income on   PURCHASE  GA2B00000034 AT 7% 1 134 820 000  099OTAP240940001 FROM ASCA ","099000x240940001","511800101","XAF",,48834467,03-APR-24,"D","BINEID00087","MBATOHID0012","TXN_AMT",03-APR-24,"","000x","CREANCES RATTACHEES - MANUELLES","DE",""
"interest income on   PURCHASE  CM2L00000036  AT 5.90% 5 500 000 000 099OTAP240950001","099000g240950001","511800101","XAF",,114372951,04-APR-24,"D","BINEID00087","MBATOHID0012","TXN_AMT",04-APR-24,"","000g","CREANCES RATTACHEES - MANUELLES","DE",""
"interest income on   PURCHASE  GA2K00000090  AT 6.25%  3 000 000 000 099OTAP240950002","099000h240950001","511800101","XAF",,63524590,04-APR-24,"D","BINEID00087","MBATOHID0012","TXN_AMT",04-APR-24,"","000h","CREANCES RATTACHEES - MANUELLES","DE",""
"Accrued interest PURCAHSE  of the security CG2A00000353   355 500 000 5.5% 099OTAP240460001","0990011240950001","511800101","XAF",,2896892,04-APR-24,"D","BINEID00087","MBATOHID0012","TXN_AMT",04-APR-24,"","0011","CREANCES RATTACHEES - MANUELLES","DE",""
"Interest income on the period  SALES security CGA2K00000090 3 000 000 000 6.25 %   099OTAP240950002","099000a240960001","511800101","XAF",,63524590,05-APR-24,"C","BINEID00087","MBATOHID0012","TXN_AMT",05-APR-24,"","000a","CREANCES RATTACHEES - MANUELLES","DE",""
"REVERSAL Interest income on the period  SALES security CGA2K00000090 3 000 000 000 6.25 %   099OTAP240950002","099000a240960001","511800101","XAF",,63542590,05-APR-24,"D","BINEID00087","MBATOHID0012","TXN_AMT",05-APR-24,"","000a","CREANCES RATTACHEES - MANUELLES","DE",""
"interest income on   PURCHASE   CM2L00000036  AT 5.90% 4 400 000 000 099OTAP240990001","0990005240990001","511800101","XAF",,92916940,08-APR-24,"D","BINEID00087","MBATOHID0012","TXN_AMT",08-APR-24,"","0005","CREANCES RATTACHEES - MANUELLES","DE",""
""" ACCRUED INTEREST Purchase OTA  CG2A00000254   ""","099000u241000001","511800101","XAF",,142397,09-APR-24,"D","BINEID00087","MBATOHID0012","TXN_AMT",09-APR-24,"","000u","CREANCES RATTACHEES - MANUELLES","DE",""
"Reversal of 511800101 in 466000107 rf 099001h232960001 REGUL INTEREST CG2A0000254 099OTAP231280001 641 050 000 M","099000u241000001","511800101","XAF",,131507,09-APR-24,"D","BINEID00087","MBATOHID0012","TXN_AMT",09-APR-24,"","000u","CREANCES RATTACHEES - MANUELLES","DE",""
"Reversal of 511800101 in 466000107 rf 099000k223330001 reversal INTEREST INCOME FOR XAF 800 000 000 OF GA2B00000125 /S202R1582812/202//56129758103","099000u241000001","511800101","XAF",,117039,09-APR-24,"D","BINEID00087","MBATOHID0012","TXN_AMT",09-APR-24,"","000u","CREANCES RATTACHEES - MANUELLES","DE",""
"DISCOUNT SALES OF CG2J00000321 250 000 000 AT 5.75PCT","099000u241000001","511800101","XAF",,157534,09-APR-24,"D","BINEID00087","MBATOHID0012","TXN_AMT",09-APR-24,"","000u","CREANCES RATTACHEES - MANUELLES","DE",""
"Reversal of 511800101 in 466000107 rf 099000i232580001    ACCRUED INTEREST Purchase OTA CG2J00000099 AT 20 000 000  AT 6.1PCT","099000w241000001","511800101","XAF",,758740,09-APR-24,"D","NDJOCKOS0067","MBATOHID0012","TXN_AMT",09-APR-24,"","000w","CREANCES RATTACHEES - MANUELLES","DE",""
"Reversal of 511800101 in 466000107 rf 099000i232970001 REGUL INTEREST ISIN CG2J00000099 099OTAP232580004 803MN","099000w241000001","511800101","XAF",,762082,09-APR-24,"D","NDJOCKOS0067","MBATOHID0012","TXN_AMT",09-APR-24,"","000w","CREANCES RATTACHEES - MANUELLES","DE",""
"Reversal of 511800101 in 466000107 rf 0990008223140001 Accrued interest of the XAF 300 000 000 CG2A00000254","099000w241000001","511800101","XAF",,819863,09-APR-24,"D","NDJOCKOS0067","MBATOHID0012","TXN_AMT",09-APR-24,"","000w","CREANCES RATTACHEES - MANUELLES","DE",""
"Reversal of 511800101 in 466000107 rf 099000p233060001 ACCRUED INTEREST AT PURCHASE ISIN GA2J00000267 47.2MN","099000w241000001","511800101","XAF",,835052,09-APR-24,"D","NDJOCKOS0067","MBATOHID0012","TXN_AMT",09-APR-24,"","000w","CREANCES RATTACHEES - MANUELLES","DE",""
"Reversal of contract 099OTAP232150005 Customer ETAT DU CAMEROUN Cust nO 040730818 from GL 511800100 to 466000107","099000w241000001","511800101","XAF",,6082192,09-APR-24,"D","NDJOCKOS0067","MBATOHID0012","TXN_AMT",09-APR-24,"","000w","CREANCES RATTACHEES - MANUELLES","DE",""
"""Reversal of 511800101 in 466000107 rf 099000i232470001 interest income on  PURCHASE  CM2L00000028 AT 5.6 PCT  500 000 000  ""","099000w241000001","511800101","XAF",,6164384,09-APR-24,"D","NDJOCKOS0067","MBATOHID0012","TXN_AMT",09-APR-24,"","000w","CREANCES RATTACHEES - MANUELLES","DE",""
"Reversal of 511800101 in 466000107 rf 099000h232910001 REGUL INTEREST ISIN GQ2J00000032 AT 5PCT 700 000 000 099OTAP222980004","099000w241000001","511800101","XAF",,6424658,09-APR-24,"D","NDJOCKOS0067","MBATOHID0012","TXN_AMT",09-APR-24,"","000w","CREANCES RATTACHEES - MANUELLES","DE",""
"Reversal of 511800101 in 466000107 rf 099000f222980001 PURCHASE OF THE SECURITY  COUPON INTEREST RECIEVED OF XAF 1369863  GA2J00000267","099000w241000001","511800101","XAF",,1418910,09-APR-24,"D","NDJOCKOS0067","MBATOHID0012","TXN_AMT",09-APR-24,"","000w","CREANCES RATTACHEES - MANUELLES","DE",""
"Regul interest CM2L00000028","099000w241000001","511800101","XAF",,966764,09-APR-24,"D","NDJOCKOS0067","MBATOHID0012","TXN_AMT",09-APR-24,"","000w","CREANCES RATTACHEES - MANUELLES","DE",""
"Reversal of contract 099OTAP232470006 Customer ETAT DU CAMEROUN Cust nO 040730818 from GL 511800100 to 466000107","099000w241000001","511800101","XAF",,3164384,09-APR-24,"D","NDJOCKOS0067","MBATOHID0012","TXN_AMT",09-APR-24,"","000w","CREANCES RATTACHEES - MANUELLES","DE",""
"Reversal of 511800101 in 466000107 rf 099000z222930001 Interest income of XAF  GA2J00000127","099000w241000001","511800101","XAF",,890936,09-APR-24,"D","NDJOCKOS0067","MBATOHID0012","TXN_AMT",09-APR-24,"","000w","CREANCES RATTACHEES - MANUELLES","DE",""
"Reversal of 511800101 in 466000107 rf 0990006233030001 interest income on    PURCHASE CG2J00000438  AT 5.75 PCT 2 000 000 000 099OTAP233030004","099000w241000001","511800101","XAF",,6598361,09-APR-24,"D","NDJOCKOS0067","MBATOHID0012","TXN_AMT",09-APR-24,"","000w","CREANCES RATTACHEES - MANUELLES","DE",""
"Reversal of Accrued interest at purchase of CM2B00000103","099000w241000001","511800101","XAF",,6616438,09-APR-24,"D","NDJOCKOS0067","MBATOHID0012","TXN_AMT",09-APR-24,"","000w","CREANCES RATTACHEES - MANUELLES","DE",""
"Reversal of 511800101 in 466000107 rf 0990002223350001 INTEREST INCOME OF XAF CG2B0000097","099000w241000001","511800101","XAF",,1605589,09-APR-24,"D","NDJOCKOS0067","MBATOHID0012","TXN_AMT",09-APR-24,"","000w","CREANCES RATTACHEES - MANUELLES","DE",""
"Reversal of 511800101 in 466000107 rf 099000i222980001 099OTAP222930004  099OTAP222930004 Principal Amount","099000w241000001","511800101","XAF",,1639726,09-APR-24,"D","NDJOCKOS0067","MBATOHID0012","TXN_AMT",09-APR-24,"","000w","CREANCES RATTACHEES - MANUELLES","DE",""
"Reversal of  REGUL INTEREST ISIN SECURITY GA2J00000226 63 000 000 AT SALE","099000w241000001","511800101","XAF",,3280315,09-APR-24,"D","NDJOCKOS0067","MBATOHID0012","TXN_AMT",09-APR-24,"","000w","CREANCES RATTACHEES - MANUELLES","DE",""
"Reversal of 511800101 in 466000107 rf 099000g230160001 interest income on  CG2A00000353 5.5PCT 200 000 000","099000w241000001","511800101","XAF",,753425,09-APR-24,"D","NDJOCKOS0067","MBATOHID0012","TXN_AMT",09-APR-24,"","000w","CREANCES RATTACHEES - MANUELLES","DE",""
"Reversal of 511800101 in 466000107 rf 099000w222930001 Interest income of XAF  GA2J00000267","099000w241000001","511800101","XAF",,719178,09-APR-24,"D","NDJOCKOS0067","MBATOHID0012","TXN_AMT",09-APR-24,"","000w","CREANCES RATTACHEES - MANUELLES","DE",""
"Reversal of 511800101 in 466000107 rf 099000m223000001 Interest income of XAF 715 870 GA2J000000226","099000w241000001","511800101","XAF",,715870,09-APR-24,"D","NDJOCKOS0067","MBATOHID0012","TXN_AMT",09-APR-24,"","000w","CREANCES RATTACHEES - MANUELLES","DE",""
"Reversal of 511800101 in 466000107 rf 099000y232560001 interest income on   PURCHASE  CG2J00000240  AT 6 PCT  700 000 000","099000w241000001","511800101","XAF",,688525,09-APR-24,"D","NDJOCKOS0067","MBATOHID0012","TXN_AMT",09-APR-24,"","000w","CREANCES RATTACHEES - MANUELLES","DE",""
"Reversal of 511800101 in 466000107 rf 099000a223340001 INTEREST INCOME OF XAF GA2B00000125","099000w241000001","511800101","XAF",,712329,09-APR-24,"D","NDJOCKOS0067","MBATOHID0012","TXN_AMT",09-APR-24,"","000w","CREANCES RATTACHEES - MANUELLES","DE",""
"Reversal of 511800101 in 466000107 rf 099000t222930001 Interest income of XAF  GA2J00000267","0990015241000001","511800101","XAF",,14671233,09-APR-24,"D","NDJOCKOS0067","MBATOHID0012","TXN_AMT",09-APR-24,"","0015","CREANCES RATTACHEES - MANUELLES","DE",""
"Reversal of 511800101 in 466000107 rf 099000l232570001 interest income on    PURCHASE  CM2J00000222  AT 6 PCT 453 000 000","0990015241000001","511800101","XAF",,14967616,09-APR-24,"D","NDJOCKOS0067","MBATOHID0012","TXN_AMT",09-APR-24,"","0015","CREANCES RATTACHEES - MANUELLES","DE",""
"Reversal of REGUL INTEREST ISIN SECURITY GA2J00000226 63 000 000 AT COUPON ANNIVERSARY","0990015241000001","511800101","XAF",,3307500,09-APR-24,"D","NDJOCKOS0067","MBATOHID0012","TXN_AMT",09-APR-24,"","0015","CREANCES RATTACHEES - MANUELLES","DE",""
"Reversal of 511800101 in 466000107 rf 099000u223620001 interest income on CG2A000000353  5.50PCT 400 000 000","0990015241000001","511800101","XAF",,47260,09-APR-24,"D","NDJOCKOS0067","MBATOHID0012","TXN_AMT",09-APR-24,"","0015","CREANCES RATTACHEES - MANUELLES","DE",""
"Reversal of 511800101 in 466000107 rf 099000d232490001 Iinteret  income on CM2L00000028  AT 6PCT 700000000","0990015241000001","511800101","XAF",,8975342,09-APR-24,"D","NDJOCKOS0067","MBATOHID0012","TXN_AMT",09-APR-24,"","0015","CREANCES RATTACHEES - MANUELLES","DE",""
"Reversal of 511800101 in 466000107 rf 0990000230950001 INTEREST PURCHASE  CG2J00000065 6.3 PCT 400 000 000","0990015241000001","511800101","XAF",,9872877,09-APR-24,"D","NDJOCKOS0067","MBATOHID0012","TXN_AMT",09-APR-24,"","0015","CREANCES RATTACHEES - MANUELLES","DE",""
"Reversal of 511800101 in 466000107 rf 099000p231570001 ACCRUED INTEREST AT PURCHASE OF GA2J00000267 AT 5.25PCT  1 000 000 000","0990015241000001","511800101","XAF",,10500000,09-APR-24,"D","NDJOCKOS0067","MBATOHID0012","TXN_AMT",09-APR-24,"","0015","CREANCES RATTACHEES - MANUELLES","DE",""
"Reversal of 511800101 in 466000107 rf 099001j232960001 REGUL INTEREST CG2A00000254 099OTAP231360003 641 050 000 M","0990015241000001","511800101","XAF",,16179536,09-APR-24,"D","NDJOCKOS0067","MBATOHID0012","TXN_AMT",09-APR-24,"","0015","CREANCES RATTACHEES - MANUELLES","DE",""
"Regul interest  ISIN GA2A0000142","0990015241000001","511800101","XAF",,16312671,09-APR-24,"D","NDJOCKOS0067","MBATOHID0012","TXN_AMT",09-APR-24,"","0015","CREANCES RATTACHEES - MANUELLES","DE",""
"Reversal of 511800101 in 466000107 rf 099001g232960001 REGUL INTEREST ISIN CG2A00000254 099OTAP231580001 526 050 000MN","0990015241000001","511800101","XAF",,16484633,09-APR-24,"D","NDJOCKOS0067","MBATOHID0012","TXN_AMT",09-APR-24,"","0015","CREANCES RATTACHEES - MANUELLES","DE",""
"Reversal of contract 099OTAP233480001 Customer ETAT DU CAMEROUN Cust nO 040730818 from GL 511800100 to 466000107","0990015241000001","511800101","XAF",,10547945,09-APR-24,"D","NDJOCKOS0067","MBATOHID0012","TXN_AMT",09-APR-24,"","0015","CREANCES RATTACHEES - MANUELLES","DE",""
"Reversal  LIQUIDATION 099OTAP222930007 63M PURCHASE 099OTAP230760001 53.5 M","0990015241000001","511800101","XAF",,1100414,09-APR-24,"D","NDJOCKOS0067","MBATOHID0012","TXN_AMT",09-APR-24,"","0015","CREANCES RATTACHEES - MANUELLES","DE",""
"Reversal of contract 099OTAP233030008 Customer ETAT DU CAMEROUN Cust nO 040730818 from GL 511800100 to 466000107","0990015241000001","511800101","XAF",,10547945,09-APR-24,"D","NDJOCKOS0067","MBATOHID0012","TXN_AMT",09-APR-24,"","0015","CREANCES RATTACHEES - MANUELLES","DE",""
"Reversal of 511800101 in 466000107 rf 099000d232920001 REGUL ISIN CG2A000000353 LIQUIDATION 099OTAP230160002","0990015241000001","511800101","XAF",,2380821,09-APR-24,"D","NDJOCKOS0067","MBATOHID0012","TXN_AMT",09-APR-24,"","0015","CREANCES RATTACHEES - MANUELLES","DE",""
"Reversal of 511800101 in 466000107 rf 099000f222930001 Interest income of XAF  GA2J00000226","0990015241000001","511800101","XAF",,10991774,09-APR-24,"D","NDJOCKOS0067","MBATOHID0012","TXN_AMT",09-APR-24,"","0015","CREANCES RATTACHEES - MANUELLES","DE",""
"Reversal of 511800101 in 466000107 rf 099000s223000001 Interest income of XAF 11 046 575 CG2A000000197","0990015241000001","511800101","XAF",,11046575,09-APR-24,"D","NDJOCKOS0067","MBATOHID0012","TXN_AMT",09-APR-24,"","0015","CREANCES RATTACHEES - MANUELLES","DE",""
"Reversal of 511800101 in 466000107 rf 0990005230880001 INTEREST ON PURCHASE EOG 6PCT NET 2023-2027  1 000 000 000","0990015241000001","511800101","XAF",,11342466,09-APR-24,"D","NDJOCKOS0067","MBATOHID0012","TXN_AMT",09-APR-24,"","0015","CREANCES RATTACHEES - MANUELLES","DE",""
"Reversal of 511800101 in 466000107 rf 099000v222930001 Interest income of XAF  GA2J00000226","0990015241000001","511800101","XAF",,16856729,09-APR-24,"D","NDJOCKOS0067","MBATOHID0012","TXN_AMT",09-APR-24,"","0015","CREANCES RATTACHEES - MANUELLES","DE",""
"Reversal of 511800101 in 466000107 rf 099000m230520001 Accrued interest at purchase of GA2K00000058 AT 5.75PCT","0990015241000001","511800101","XAF",,17486301,09-APR-24,"D","NDJOCKOS0067","MBATOHID0012","TXN_AMT",09-APR-24,"","0015","CREANCES RATTACHEES - MANUELLES","DE",""
"Reversal of 511800101 in 466000107 rf 099000v222930001 Purchase of the security GA2J00000267","0990015241000001","511800101","XAF",,17825342,09-APR-24,"D","NDJOCKOS0067","MBATOHID0012","TXN_AMT",09-APR-24,"","0015","CREANCES RATTACHEES - MANUELLES","DE",""
"Reversal of 511800101 in 466000107 rf 099000k222980001 099OTAP222930007 099OTAP222930007 Principal Amount","0990015241000001","511800101","XAF",,3289377,09-APR-24,"D","NDJOCKOS0067","MBATOHID0012","TXN_AMT",09-APR-24,"","0015","CREANCES RATTACHEES - MANUELLES","DE",""
"Reversal of contract 099OTAP232560003 Customer ETAT DU CONGO Cust nO 040730819 from GL 511800100 to 466000107","0990015241000001","511800101","XAF",,74466,09-APR-24,"D","NDJOCKOS0067","MBATOHID0012","TXN_AMT",09-APR-24,"","0015","CREANCES RATTACHEES - MANUELLES","DE",""
"Reversal of 511800101 in 466000107 rf 0990005230620001 interest income on purchase GQ2K00000039 AT 7PCT 500 000 000","0990015241000001","511800101","XAF",,17835616,09-APR-24,"D","NDJOCKOS0067","MBATOHID0012","TXN_AMT",09-APR-24,"","0015","CREANCES RATTACHEES - MANUELLES","DE",""
"Reversal of 511800101 in 466000107 rf 099000x222930001 Purchase of the security GA2K00000017","0990015241000001","511800101","XAF",,11397260,09-APR-24,"D","NDJOCKOS0067","MBATOHID0012","TXN_AMT",09-APR-24,"","0015","CREANCES RATTACHEES - MANUELLES","DE",""
"Reversal of 511800101 in 466000107 rf 099000z222930001 Interest income of XAF  GA2K00000017","0990015241000001","511800101","XAF",,12643836,09-APR-24,"D","NDJOCKOS0067","MBATOHID0012","TXN_AMT",09-APR-24,"","0015","CREANCES RATTACHEES - MANUELLES","DE",""
"Reversal of 511800101 in 466000107 rf 0990000232620001 interest income on  CG2A00000247 AT 5.5PCT 2 000 000 000","0990015241000001","511800101","XAF",,104876712,09-APR-24,"D","NDJOCKOS0067","MBATOHID0012","TXN_AMT",09-APR-24,"","0015","CREANCES RATTACHEES - MANUELLES","DE",""
"Reversal Purchase of 4 Bls Gabon OTA bonds at 5.25PCT and a discount of 93PCT","0990015241000001","511800101","XAF",,136931507,09-APR-24,"D","NDJOCKOS0067","MBATOHID0012","TXN_AMT",09-APR-24,"","0015","CREANCES RATTACHEES - MANUELLES","DE",""
"Reversal of PURCHASE CM2L00000036  AT 5.9  PCT 5 000 000 000  099OTAP233280004","0990015241000001","511800101","XAF",,281260274,09-APR-24,"D","NDJOCKOS0067","MBATOHID0012","TXN_AMT",09-APR-24,"","0015","CREANCES RATTACHEES - MANUELLES","DE",""
"Reversal of 511800101 in 466000107 rf 099000t222930001 Interest income of XAF  GA2J00000267","0990014241000001","511800101","XAF",,14671233,09-APR-24,"D","BINEID00087","MBATOHID0012","TXN_AMT",09-APR-24,"","0014","CREANCES RATTACHEES - MANUELLES","DE",""
"Reversal of 511800101 in 466000107 rf 099000k222980001 099OTAP222930007 099OTAP222930007 Principal Amount","0990014241000001","511800101","XAF",,3289377,09-APR-24,"D","BINEID00087","MBATOHID0012","TXN_AMT",09-APR-24,"","0014","CREANCES RATTACHEES - MANUELLES","DE",""
"Reversal of REGUL INTEREST ISIN SECURITY GA2J00000226 63 000 000 AT COUPON ANNIVERSARY","0990014241000001","511800101","XAF",,3307500,09-APR-24,"D","BINEID00087","MBATOHID0012","TXN_AMT",09-APR-24,"","0014","CREANCES RATTACHEES - MANUELLES","DE",""
"Reversal of 511800101 in 466000107 rf 099000u223620001 interest income on CG2A000000353  5.50PCT 400 000 000","0990014241000001","511800101","XAF",,47260,09-APR-24,"D","BINEID00087","MBATOHID0012","TXN_AMT",09-APR-24,"","0014","CREANCES RATTACHEES - MANUELLES","DE",""
"Reversal of 511800101 in 466000107 rf 099000d232490001 Iinteret  income on CM2L00000028  AT 6PCT 700000000","0990014241000001","511800101","XAF",,8975342,09-APR-24,"D","BINEID00087","MBATOHID0012","TXN_AMT",09-APR-24,"","0014","CREANCES RATTACHEES - MANUELLES","DE",""
"Reversal Purchase of 4 Bls Gabon OTA bonds at 5.25PCT and a discount of 93PCT","0990014241000001","511800101","XAF",,136931507,09-APR-24,"D","BINEID00087","MBATOHID0012","TXN_AMT",09-APR-24,"","0014","CREANCES RATTACHEES - MANUELLES","DE",""
"Reversal of PURCHASE CM2L00000036  AT 5.9  PCT 5 000 000 000  099OTAP233280004","0990014241000001","511800101","XAF",,281260274,09-APR-24,"D","BINEID00087","MBATOHID0012","TXN_AMT",09-APR-24,"","0014","CREANCES RATTACHEES - MANUELLES","DE",""
"Reversal of PURCHASE CM2L00000036  AT 5.9  PCT 5 000 000 000  099OTAP233280003","0990014241000001","511800101","XAF",,285301370,09-APR-24,"D","BINEID00087","MBATOHID0012","TXN_AMT",09-APR-24,"","0014","CREANCES RATTACHEES - MANUELLES","DE",""
"Reversal of  interest income on   PURCHASE  CM2L00000036  AT 5.9PCT 5 000 000 000 099OTAP233330003","0990014241000001","511800101","XAF",,292575342,09-APR-24,"D","BINEID00087","MBATOHID0012","TXN_AMT",09-APR-24,"","0014","CREANCES RATTACHEES - MANUELLES","DE",""
"Reversal of 511800101 in 466000107 rf 099000e233030001 interest income on PURCHASE CM2B00000053  AT 5.5 PCT 10 000 000 000 099OTAP233030007","0990014241000001","511800101","XAF",,366164384,09-APR-24,"D","BINEID00087","MBATOHID0012","TXN_AMT",09-APR-24,"","0014","CREANCES RATTACHEES - MANUELLES","DE",""
"Reversal of 511800101 in 466000107 rf 099000p232570001 interest income on   PURCHASE  CG2A000000247  AT 5.5 PCT 2 000 000 000","0990014241000001","511800101","XAF",,104575342,09-APR-24,"D","BINEID00087","MBATOHID0012","TXN_AMT",09-APR-24,"","0014","CREANCES RATTACHEES - MANUELLES","DE",""
"Reversal of INTEREST ICOME ON PURCHASE CM2B00000111 099OTAP233310002","0990014241000001","511800101","XAF",,31106557,09-APR-24,"D","BINEID00087","MBATOHID0012","TXN_AMT",09-APR-24,"","0014","CREANCES RATTACHEES - MANUELLES","DE",""
"Reversal of 511800101 in 466000107 rf 099000h232960001 REGUL INTEREST ISIN CG2500000099 BOOKING 900MN  099OTAP23240001","0990014241000001","511800101","XAF",,31887123,09-APR-24,"D","BINEID00087","MBATOHID0012","TXN_AMT",09-APR-24,"","0014","CREANCES RATTACHEES - MANUELLES","DE",""
"Reversal of 511800101 in 466000107 rf 099000f222930001 Coupon interest received of XAF 336,000,000 GA2J00000226","0990014241000001","511800101","XAF",,37337137,09-APR-24,"D","BINEID00087","MBATOHID0012","TXN_AMT",09-APR-24,"","0014","CREANCES RATTACHEES - MANUELLES","DE",""
"Reversal of 511800101 in 466000107 rf 099000l231630001 interest income on purchase GA2A00000142  AT 4.75PCT 1 150 000 000","0990014241000001","511800101","XAF",,38312329,09-APR-24,"D","BINEID00087","MBATOHID0012","TXN_AMT",09-APR-24,"","0014","CREANCES RATTACHEES - MANUELLES","DE",""
"Reversal of 511800101 in 466000107 rf 0990018232580001 interest income on PURCHASES OF CM2B0000087 AT 5PCT   1 500 000 000","0990014241000001","511800101","XAF",,44383562,09-APR-24,"D","BINEID00087","MBATOHID0012","TXN_AMT",09-APR-24,"","0014","CREANCES RATTACHEES - MANUELLES","DE",""
"Reversal of 511800101 in 466000107 rf 099000o223320001 ACRUDE INTEREST OF XAF 1 050 000 000 CG2J0000222","0990014241000001","511800101","XAF",,47810959,09-APR-24,"D","BINEID00087","MBATOHID0012","TXN_AMT",09-APR-24,"","0014","CREANCES RATTACHEES - MANUELLES","DE",""
"Reversal of 511800101 in 466000107 rf 099000e231850001 interest income on  PURCHASE  GA2K00000058 AT 6PCT   1 500 000 000","0990014241000001","511800101","XAF",,48914384,09-APR-24,"D","BINEID00087","MBATOHID0012","TXN_AMT",09-APR-24,"","0014","CREANCES RATTACHEES - MANUELLES","DE",""
"Reversal of 511800101 in 466000107 rf 099000n232970001 REGUL INTEREST  ISIN  CG2J00000099 758MN  099OTAP232850002","0990014241000001","511800101","XAF",,30054115,09-APR-24,"D","BINEID00087","MBATOHID0012","TXN_AMT",09-APR-24,"","0014","CREANCES RATTACHEES - MANUELLES","DE",""
"Reversal of 511800101 in 466000107 rf 0990011232930001 ACCRUED  INTEREST OF XAF CG2J00000099 099OTAP232580002 803MN","0990014241000001","511800101","XAF",,30463400,09-APR-24,"D","BINEID00087","MBATOHID0012","TXN_AMT",09-APR-24,"","0014","CREANCES RATTACHEES - MANUELLES","DE",""
"Reversal of 511800100 in 466000107 rf 099000t232960001 ACCRUED INTEREST OF CG2J00000099 099OTAP232580002 803MN","0990014241000001","511800101","XAF",,30463400,09-APR-24,"D","BINEID00087","MBATOHID0012","TXN_AMT",09-APR-24,"","0014","CREANCES RATTACHEES - MANUELLES","DE",""
"Reversal of 511800101 in 466000107 rf 099000b232210001 interest income on PURCHASE CG2J00000099 AT 6.1PCT 1 000 000 000","0990014241000001","511800101","XAF",,31920548,09-APR-24,"D","BINEID00087","MBATOHID0012","TXN_AMT",09-APR-24,"","0014","CREANCES RATTACHEES - MANUELLES","DE",""
"Reversal of 511800101 in 466000107 rf 099000g232960001 REGUL INTEREST ISIN CG2500000099 BOOKING 950 MN   099OTAP232330003","0990014241000001","511800101","XAF",,32388493,09-APR-24,"D","BINEID00087","MBATOHID0012","TXN_AMT",09-APR-24,"","0014","CREANCES RATTACHEES - MANUELLES","DE",""
"Reversal interest income on  PURCHASE    CM1100001062 AT 5.0PCT    3 000 000 000 099OTAP233410004","0990014241000001","511800101","XAF",,32541667,09-APR-24,"D","BINEID00087","MBATOHID0012","TXN_AMT",09-APR-24,"","0014","CREANCES RATTACHEES - MANUELLES","DE",""
"Reversal of 511800101 in 466000107 rf 0990009230450001 interest income on purchase  GQ2k00000039  AT 7 PCT 1 000 000 000","0990014241000001","511800101","XAF",,32602740,09-APR-24,"D","BINEID00087","MBATOHID0012","TXN_AMT",09-APR-24,"","0014","CREANCES RATTACHEES - MANUELLES","DE",""
"Reversal of 511800101 in 466000107 rf 099000v223000001 Purchase of the XAF 1,000,000,000 CM2B00000095","0990014241000001","511800101","XAF",,33904110,09-APR-24,"D","BINEID00087","MBATOHID0012","TXN_AMT",09-APR-24,"","0014","CREANCES RATTACHEES - MANUELLES","DE",""
"Reversal of REGUL PURCHASE ISIN  GA2B00000117 1,000,000,000 MN INTEREST SALE","0990014241000001","511800101","XAF",,34075342,09-APR-24,"D","BINEID00087","MBATOHID0012","TXN_AMT",09-APR-24,"","0014","CREANCES RATTACHEES - MANUELLES","DE",""
"Reversal of 511800101 in 466000107 rf 099000g230580001 Accrued interest at purchase of GA2B00000117 AT 6.25PCT","0990014241000001","511800101","XAF",,34760274,09-APR-24,"D","BINEID00087","MBATOHID0012","TXN_AMT",09-APR-24,"","0014","CREANCES RATTACHEES - MANUELLES","DE",""
"Reversal of 511800101 in 466000107 rf 0990000230950001 INTEREST PURCHASE  CG2J00000065 6.3 PCT 400 000 000","0990014241000001","511800101","XAF",,9872877,09-APR-24,"D","BINEID00087","MBATOHID0012","TXN_AMT",09-APR-24,"","0014","CREANCES RATTACHEES - MANUELLES","DE",""
"Reversal of 511800101 in 466000107 rf 099000p231570001 ACCRUED INTEREST AT PURCHASE OF GA2J00000267 AT 5.25PCT  1 000 000 000","0990014241000001","511800101","XAF",,10500000,09-APR-24,"D","BINEID00087","MBATOHID0012","TXN_AMT",09-APR-24,"","0014","CREANCES RATTACHEES - MANUELLES","DE",""
"Reversal of 511800101 in 466000107 rf 099001j232960001 REGUL INTEREST CG2A00000254 099OTAP231360003 641 050 000 M","0990014241000001","511800101","XAF",,16179536,09-APR-24,"D","BINEID00087","MBATOHID0012","TXN_AMT",09-APR-24,"","0014","CREANCES RATTACHEES - MANUELLES","DE",""
"Regul interest  ISIN GA2A0000142","0990014241000001","511800101","XAF",,16312671,09-APR-24,"D","BINEID00087","MBATOHID0012","TXN_AMT",09-APR-24,"","0014","CREANCES RATTACHEES - MANUELLES","DE",""
"Reversal of 511800101 in 466000107 rf 099001g232960001 REGUL INTEREST ISIN CG2A00000254 099OTAP231580001 526 050 000MN","0990014241000001","511800101","XAF",,16484633,09-APR-24,"D","BINEID00087","MBATOHID0012","TXN_AMT",09-APR-24,"","0014","CREANCES RATTACHEES - MANUELLES","DE",""
"Reversal of contract 099OTAP233480001 Customer ETAT DU CAMEROUN Cust nO 040730818 from GL 511800100 to 466000107","0990014241000001","511800101","XAF",,10547945,09-APR-24,"D","BINEID00087","MBATOHID0012","TXN_AMT",09-APR-24,"","0014","CREANCES RATTACHEES - MANUELLES","DE",""
"Reversal of contract 099OTAP233030008 Customer ETAT DU CAMEROUN Cust nO 040730818 from GL 511800100 to 466000107","0990014241000001","511800101","XAF",,10547945,09-APR-24,"D","BINEID00087","MBATOHID0012","TXN_AMT",09-APR-24,"","0014","CREANCES RATTACHEES - MANUELLES","DE",""
"Reversal of 511800101 in 466000107 rf 099000d232920001 REGUL ISIN CG2A000000353 LIQUIDATION 099OTAP230160002","0990014241000001","511800101","XAF",,2380821,09-APR-24,"D","BINEID00087","MBATOHID0012","TXN_AMT",09-APR-24,"","0014","CREANCES RATTACHEES - MANUELLES","DE",""
"Reversal of 511800101 in 466000107 rf 099000f222930001 Interest income of XAF  GA2J00000226","0990014241000001","511800101","XAF",,10991774,09-APR-24,"D","BINEID00087","MBATOHID0012","TXN_AMT",09-APR-24,"","0014","CREANCES RATTACHEES - MANUELLES","DE",""
"Reversal of 511800101 in 466000107 rf 099000s223000001 Interest income of XAF 11 046 575 CG2A000000197","0990014241000001","511800101","XAF",,11046575,09-APR-24,"D","BINEID00087","MBATOHID0012","TXN_AMT",09-APR-24,"","0014","CREANCES RATTACHEES - MANUELLES","DE",""
"Reversal of 511800101 in 466000107 rf 0990005230880001 INTEREST ON PURCHASE EOG 6PCT NET 2023-2027  1 000 000 000","0990014241000001","511800101","XAF",,11342466,09-APR-24,"D","BINEID00087","MBATOHID0012","TXN_AMT",09-APR-24,"","0014","CREANCES RATTACHEES - MANUELLES","DE",""
"Reversal of 511800101 in 466000107 rf 099000v222930001 Interest income of XAF  GA2J00000226","0990014241000001","511800101","XAF",,16856729,09-APR-24,"D","BINEID00087","MBATOHID0012","TXN_AMT",09-APR-24,"","0014","CREANCES RATTACHEES - MANUELLES","DE",""
"Reversal of 511800101 in 466000107 rf 099000m230520001 Accrued interest at purchase of GA2K00000058 AT 5.75PCT","0990014241000001","511800101","XAF",,17486301,09-APR-24,"D","BINEID00087","MBATOHID0012","TXN_AMT",09-APR-24,"","0014","CREANCES RATTACHEES - MANUELLES","DE",""
"Reversal of 511800101 in 466000107 rf 099000v222930001 Purchase of the security GA2J00000267","0990014241000001","511800101","XAF",,17825342,09-APR-24,"D","BINEID00087","MBATOHID0012","TXN_AMT",09-APR-24,"","0014","CREANCES RATTACHEES - MANUELLES","DE",""
"Reversal  LIQUIDATION 099OTAP222930007 63M PURCHASE 099OTAP230760001 53.5 M","0990014241000001","511800101","XAF",,1100414,09-APR-24,"D","BINEID00087","MBATOHID0012","TXN_AMT",09-APR-24,"","0014","CREANCES RATTACHEES - MANUELLES","DE",""
"Reversal of contract 099OTAP232560003 Customer ETAT DU CONGO Cust nO 040730819 from GL 511800100 to 466000107","0990014241000001","511800101","XAF",,74466,09-APR-24,"D","BINEID00087","MBATOHID0012","TXN_AMT",09-APR-24,"","0014","CREANCES RATTACHEES - MANUELLES","DE",""
"Reversal of 511800101 in 466000107 rf 0990005230620001 interest income on purchase GQ2K00000039 AT 7PCT 500 000 000","0990014241000001","511800101","XAF",,17835616,09-APR-24,"D","BINEID00087","MBATOHID0012","TXN_AMT",09-APR-24,"","0014","CREANCES RATTACHEES - MANUELLES","DE",""
"Reversal of 511800101 in 466000107 rf 099000x222930001 Purchase of the security GA2K00000017","0990014241000001","511800101","XAF",,11397260,09-APR-24,"D","BINEID00087","MBATOHID0012","TXN_AMT",09-APR-24,"","0014","CREANCES RATTACHEES - MANUELLES","DE",""
"Reversal of 511800101 in 466000107 rf 099000z222930001 Interest income of XAF  GA2K00000017","0990014241000001","511800101","XAF",,12643836,09-APR-24,"D","BINEID00087","MBATOHID0012","TXN_AMT",09-APR-24,"","0014","CREANCES RATTACHEES - MANUELLES","DE",""
"Reversal of 511800101 in 466000107 rf 0990000232620001 interest income on  CG2A00000247 AT 5.5PCT 2 000 000 000","0990014241000001","511800101","XAF",,104876712,09-APR-24,"D","BINEID00087","MBATOHID0012","TXN_AMT",09-APR-24,"","0014","CREANCES RATTACHEES - MANUELLES","DE",""
"Reversal of 511800101 in 466000107 rf 099000f231800001  ACCRUED INTEREST AT PRUCHASE 4PCT CM2J00000055  2BN","0990014241000001","511800101","XAF",,61808219,09-APR-24,"D","BINEID00087","MBATOHID0012","TXN_AMT",09-APR-24,"","0014","CREANCES RATTACHEES - MANUELLES","DE",""
"Reversal of 511800101 in 466000107 rf 099000r233000001 interest income on    PURCHASE GA2K00000058 AT 5.75PCT 1 500 000 000","0990014241000001","511800101","XAF",,76089041,09-APR-24,"D","BINEID00087","MBATOHID0012","TXN_AMT",09-APR-24,"","0014","CREANCES RATTACHEES - MANUELLES","DE",""
"""Reversal of interest income on PURCHASE CM2B00000129  099OTAP233280001  ""","0990014241000001","511800101","XAF",,84366639,09-APR-24,"D","BINEID00087","MBATOHID0012","TXN_AMT",09-APR-24,"","0014","CREANCES RATTACHEES - MANUELLES","DE",""
"Reversal of PURCHASE CM2B00000095 AT 5.50PCT 099OTAP233100004","0990014241000001","511800101","XAF",,89412568,09-APR-24,"D","BINEID00087","MBATOHID0012","TXN_AMT",09-APR-24,"","0014","CREANCES RATTACHEES - MANUELLES","DE",""
"Reversal of 511800101 in 466000107 rf 099000j232350001 interest income on    CG2J00000099  AT 0.5PCT 3 000 000 0000","0990014241000001","511800101","XAF",,102279452,09-APR-24,"D","BINEID00087","MBATOHID0012","TXN_AMT",09-APR-24,"","0014","CREANCES RATTACHEES - MANUELLES","DE",""
"Reversal of 511800101 in 466000107 rf 099000o232350001 interest income on purchase  CG2J00000099 AT 6.1PCT","0990014241000001","511800101","XAF",,102279452,09-APR-24,"D","BINEID00087","MBATOHID0012","TXN_AMT",09-APR-24,"","0014","CREANCES RATTACHEES - MANUELLES","DE",""
"Reversal of 511800101 in 466000107 rf 0990010232560001 interest income on   PURCHASE  CG2A00000247  AT 5.5 PCT  2 000 000 000","0990014241000001","511800101","XAF",,103744274,09-APR-24,"D","BINEID00087","MBATOHID0012","TXN_AMT",09-APR-24,"","0014","CREANCES RATTACHEES - MANUELLES","DE",""
"REVERSAL OF 511800101 IN 466000107 REF 099000U223000001 INTEREST INCOME OF XAF 704.795 GA2J00000218","0990014241000001","511800101","XAF",,704795,09-APR-24,"D","BINEID00087","MBATOHID0012","TXN_AMT",09-APR-24,"","0014","CREANCES RATTACHEES - MANUELLES","DE",""
"Reversal of 511800101 in 466000107 rf 099000l232570001 interest income on    PURCHASE  CM2J00000222  AT 6 PCT 453 000 000","0990014241000001","511800101","XAF",,14967616,09-APR-24,"D","BINEID00087","MBATOHID0012","TXN_AMT",09-APR-24,"","0014","CREANCES RATTACHEES - MANUELLES","DE",""
"ACCRUED INTEREST AT PURCHASE OF SECURITY GA2B00000117 1 180 000 000 AT 6.25 PCT 00101100284 /KADJI HOLDINGS","0990019241000001","511800101","XAF",,27202869,09-APR-24,"C","NDJOCKOS0067","MBATOHID0012","TXN_AMT",09-APR-24,"","0019","CREANCES RATTACHEES - MANUELLES","DE",""
"""Reversal of 511800101 in 466000107 rf 099000u232080001    ACCRUED INTEREST Purchase OTA EOG620232027 AT 100 000 000  AT 6PCT  ""","0990019241000001","511800101","XAF",,27049180,09-APR-24,"C","NDJOCKOS0067","MBATOHID0012","TXN_AMT",09-APR-24,"","0019","CREANCES RATTACHEES - MANUELLES","DE",""
"Reversal of 511800101 in 466000107 rf 099000b230590001 interest income on purcahse GA2B00000091 6.25PCT 450 000 000","0990019241000001","511800101","XAF",,28125000,09-APR-24,"C","NDJOCKOS0067","MBATOHID0012","TXN_AMT",09-APR-24,"","0019","CREANCES RATTACHEES - MANUELLES","DE",""
"""Reversal of 511800101 in 466000107 rf 099000o232570001 interest income on  CG2A00000270  AT 5 PCT 1 000 000 000  ""","0990019241000001","511800101","XAF",,29589041,09-APR-24,"C","NDJOCKOS0067","MBATOHID0012","TXN_AMT",09-APR-24,"","0019","CREANCES RATTACHEES - MANUELLES","DE",""
"Reversal INTEREST INCOME ON THE PERIOD SALE CG2J00000438 1 500 000 000 AT 5.75PCT 099OTAP233620005","0990019241000001","511800101","XAF",,19323770,09-APR-24,"C","NDJOCKOS0067","MBATOHID0012","TXN_AMT",09-APR-24,"","0019","CREANCES RATTACHEES - MANUELLES","DE",""
"Reversal of 511800101 in 466000107 rf 099000p233060001 REGUL INTEREST ISIN GA2J00000267 1BN","0990019241000001","511800101","XAF",,14671233,09-APR-24,"C","NDJOCKOS0067","MBATOHID0012","TXN_AMT",09-APR-24,"","0019","CREANCES RATTACHEES - MANUELLES","DE",""
"Reversal of 511800101 in 466000107 rf 099000p231510001 CM1200001244 XAF 500 000 000 AT 3.95PCT Being losses due to sale at 5.5PCT","0990019241000001","511800101","XAF",,604167,09-APR-24,"C","NDJOCKOS0067","MBATOHID0012","TXN_AMT",09-APR-24,"","0019","CREANCES RATTACHEES - MANUELLES","DE",""
"Reversal of REGUL INTEREST ISIN SECURITY GA2J00000226 63 000 000","0990019241000001","511800101","XAF",,715870,09-APR-24,"C","NDJOCKOS0067","MBATOHID0012","TXN_AMT",09-APR-24,"","0019","CREANCES RATTACHEES - MANUELLES","DE",""
"Reversal of 511800101 in 466000107 rf 0990016232560001    ACCRUED INTEREST Purchase OTA CG2J00000099 AT 20 000 000  AT 6.1PCT","0990019241000001","511800101","XAF",,758740,09-APR-24,"C","NDJOCKOS0067","MBATOHID0012","TXN_AMT",09-APR-24,"","0019","CREANCES RATTACHEES - MANUELLES","DE",""
"""Reversal of 511800101 in 466000107 rf 099000s232580001    ACCRUED INTEREST Purchase OTA CG2J00000099 AT 20 000 000  AT 6.1PCT  ""","0990019241000001","511800101","XAF",,762082,09-APR-24,"C","NDJOCKOS0067","MBATOHID0012","TXN_AMT",09-APR-24,"","0019","CREANCES RATTACHEES - MANUELLES","DE",""
"Reversal of REGUL INTEREST ISIN GA2J00000267 1BN","0990019241000001","511800101","XAF",,835052,09-APR-24,"C","NDJOCKOS0067","MBATOHID0012","TXN_AMT",09-APR-24,"","0019","CREANCES RATTACHEES - MANUELLES","DE",""
"Reversal of 511800101 in 466000107 rf 099000b223330001 INTEREST INCOME FOR XAF 450 000 000 AND 300 000 000 CG2A00000254/S202R1582932/202//56132628516","0990019241000001","511800101","XAF",,3991438,09-APR-24,"C","NDJOCKOS0067","MBATOHID0012","TXN_AMT",09-APR-24,"","0019","CREANCES RATTACHEES - MANUELLES","DE",""
"Reversal of 511800101 in 466000107 rf 099000c232980001 REGUL INTEREST ISIN GA2J0000226 099OTAP230760001 53.5 M","0990019241000001","511800101","XAF",,1100414,09-APR-24,"C","NDJOCKOS0067","MBATOHID0012","TXN_AMT",09-APR-24,"","0019","CREANCES RATTACHEES - MANUELLES","DE",""
"Reversal of 511800101 in 466000107 rf 099000c222940001 Interest income of XAF  GA2J00000127","0990019241000001","511800101","XAF",,890636,09-APR-24,"C","NDJOCKOS0067","MBATOHID0012","TXN_AMT",09-APR-24,"","0019","CREANCES RATTACHEES - MANUELLES","DE",""
"Reversal of 511800101 in 466000107 rf 099000c222940001 Interest income of XAF  GA2J00000127","0990019241000001","511800101","XAF",,890636,09-APR-24,"C","NDJOCKOS0067","MBATOHID0012","TXN_AMT",09-APR-24,"","0019","CREANCES RATTACHEES - MANUELLES","DE",""
"""Reversal of 511800101 in 466000107 rf 099000d230950001 interest income on SALES  CG2A00000353 AT 5.50PCT 400 000 000  ""","0990019241000001","511800101","XAF",,5846575,09-APR-24,"C","NDJOCKOS0067","MBATOHID0012","TXN_AMT",09-APR-24,"","0019","CREANCES RATTACHEES - MANUELLES","DE",""
"""Reversal  Interest income on the period  SALES GA2K00000058  2 000 000 000 5.75 PCT 099OTAP233480002  ""","0990019241000001","511800101","XAF",,1571038,09-APR-24,"C","NDJOCKOS0067","MBATOHID0012","TXN_AMT",09-APR-24,"","0019","CREANCES RATTACHEES - MANUELLES","DE",""
"Reversal of interest income on   SALES   CG2J00000438  AT 5.75 PCT 2 000 000 000 099OTAP233030004","0990019241000001","511800101","XAF",,6912568,09-APR-24,"C","NDJOCKOS0067","MBATOHID0012","TXN_AMT",09-APR-24,"","0019","CREANCES RATTACHEES - MANUELLES","DE",""
"Reversal of 511800101 in 466000107 rf 099000f232570001 interest income on   SALES  CM2L00000028 AT 5.6 PCT 500 000 000","0990019241000001","511800101","XAF",,7131147,09-APR-24,"C","NDJOCKOS0067","MBATOHID0012","TXN_AMT",09-APR-24,"","0019","CREANCES RATTACHEES - MANUELLES","DE",""
"Reversal of 511800101 in 466000107 rf 099000l223330001 INTEREST INCOME OF XAF 322 000 000 CG2B0000097","0990019241000001","511800101","XAF",,1433562,09-APR-24,"C","NDJOCKOS0067","MBATOHID0012","TXN_AMT",09-APR-24,"","0019","CREANCES RATTACHEES - MANUELLES","DE",""
"Reversal of 511800101 in 466000107 rf 0990000231520001 CM1200001244 XAF 500 000 000 AT 3.95PCT Being forfieted interest 23 May 21 June 2023","0990019241000001","511800101","XAF",,1611111,09-APR-24,"C","NDJOCKOS0067","MBATOHID0012","TXN_AMT",09-APR-24,"","0019","CREANCES RATTACHEES - MANUELLES","DE",""
"Reversal of REGUL INTEREST ISIN SECURITY GA2J00000226 63 000 000","0990019241000001","511800101","XAF",,3289377,09-APR-24,"C","NDJOCKOS0067","MBATOHID0012","TXN_AMT",09-APR-24,"","0019","CREANCES RATTACHEES - MANUELLES","DE",""
"Reversal of 511800101 in 466000107 rf 099000b222940001 Interest income of XAF  GA2B00000083","0990019241000001","511800101","XAF",,18544521,09-APR-24,"C","NDJOCKOS0067","MBATOHID0012","TXN_AMT",09-APR-24,"","0019","CREANCES RATTACHEES - MANUELLES","DE",""
"Reversal of 511800101 in 466000107 rf 099000g230940001 interest income on  sales CGJ00000321 AT 5.75PCT","0990019241000001","511800101","XAF",,2717466,09-APR-24,"C","NDJOCKOS0067","MBATOHID0012","TXN_AMT",09-APR-24,"","0019","CREANCES RATTACHEES - MANUELLES","DE",""
"Reversal FINAL INTEREST RECIEVED AT SALES ON CG2J00000321  AT 5.75 PCT 250 000 000  099OTAP231010001","0990019241000001","511800101","XAF",,2914384,09-APR-24,"C","NDJOCKOS0067","MBATOHID0012","TXN_AMT",09-APR-24,"","0019","CREANCES RATTACHEES - MANUELLES","DE",""
"""Reversal  Interest income on the period SALES GA2K00000058 2 000 000 000 575 PCT 099OTAP233480002  ""","0990019241000001","511800101","XAF",,573770,09-APR-24,"C","NDJOCKOS0067","MBATOHID0012","TXN_AMT",09-APR-24,"","0019","CREANCES RATTACHEES - MANUELLES","DE",""
"Reversal of 511800101 in 466000107 rf 099000t231840001 interest income on SALES CG2K00000062 AT 6PCT 1 400 000 000","0990019241000001","511800101","XAF",,20885246,09-APR-24,"C","NDJOCKOS0067","MBATOHID0012","TXN_AMT",09-APR-24,"","0019","CREANCES RATTACHEES - MANUELLES","DE",""
"Reversal of 511800101 in 466000107 rf 099000l233030001 interest income on    SALES  GA2J00000325  AT 5.5 PCT 2 500 000 000 099OTAP233030010","0990019241000001","511800101","XAF",,21038251,09-APR-24,"C","NDJOCKOS0067","MBATOHID0012","TXN_AMT",09-APR-24,"","0019","CREANCES RATTACHEES - MANUELLES","DE",""
"Reversal of REGUL INTEREST ISIN SECURITY  GA2J00000226 613 000 000","0990019241000001","511800101","XAF",,24423432,09-APR-24,"C","NDJOCKOS0067","MBATOHID0012","TXN_AMT",09-APR-24,"","0019","CREANCES RATTACHEES - MANUELLES","DE",""
"Reversal of 511800101 in 466000107 rf 0990010232570001 interest income on  SALES CM2B00000103 AT 5.25PCT 1 000 000 000","0990019241000001","511800101","XAF",,25963115,09-APR-24,"C","NDJOCKOS0067","MBATOHID0012","TXN_AMT",09-APR-24,"","0019","CREANCES RATTACHEES - MANUELLES","DE",""
"""Reversal of 511800101 in 466000107 rf 099000t232560001 interest income on   SALES  CG2J00000222  AT 6 PCT  800 000 000  ""","0990019241000001","511800101","XAF",,26432877,09-APR-24,"C","NDJOCKOS0067","MBATOHID0012","TXN_AMT",09-APR-24,"","0019","CREANCES RATTACHEES - MANUELLES","DE",""
"Reversal of 511800101 in 466000107 rf 099000q231010001 interest income on  sales CG2B0000014 AT 6.50PCT 1 000 000 000","0990019241000001","511800101","XAF",,26534247,09-APR-24,"C","NDJOCKOS0067","MBATOHID0012","TXN_AMT",09-APR-24,"","0019","CREANCES RATTACHEES - MANUELLES","DE",""
"""Reversal of 511800101 in 466000107 rf 099000o232560001 interest income on   SALES  CM2B00000095 AT 5.5PCT  1 000 000 000  ""","0990019241000001","511800101","XAF",,27950820,09-APR-24,"C","NDJOCKOS0067","MBATOHID0012","TXN_AMT",09-APR-24,"","0019","CREANCES RATTACHEES - MANUELLES","DE",""
"Reversal of 511800101 in 466000107 rf 099000p233060001 REGUL INTEREST ISIN GA2J00000267 1BN","099001b241000001","511800101","XAF",,3020548,09-APR-24,"C","BINEID00087","MBATOHID0012","TXN_AMT",09-APR-24,"","001b","CREANCES RATTACHEES - MANUELLES","DE",""
"""REGUL INTEREST ISIN GQ2K00000039 1 000 000 000 AT 7PCT 099OTAP230450003  ""","099001b241000001","511800101","XAF",,3060109,09-APR-24,"C","BINEID00087","MBATOHID0012","TXN_AMT",09-APR-24,"","001b","CREANCES RATTACHEES - MANUELLES","DE",""
"Reversal of contract 099OTAP230300002 Customer ETAT DU CONGO Cust nO 040730819 from GL 511800100 to 466000107","099001b241000001","511800101","XAF",,80563,09-APR-24,"C","BINEID00087","MBATOHID0012","TXN_AMT",09-APR-24,"","001b","CREANCES RATTACHEES - MANUELLES","DE",""
"REGUL INTEREST ISIN CG2A000000353 400 000 000 AT 5.50PCT 099OTAP223560001","099001b241000001","511800101","XAF",,117039,09-APR-24,"C","BINEID00087","MBATOHID0012","TXN_AMT",09-APR-24,"","001b","CREANCES RATTACHEES - MANUELLES","DE",""
"""Reversal of 511800101 in 466000107 rf 099000f232570001 interest income on   SALES  CM2L00000028 AT 6PCT 700000000   ""","099001b241000001","511800101","XAF",,9983607,09-APR-24,"C","BINEID00087","MBATOHID0012","TXN_AMT",09-APR-24,"","001b","CREANCES RATTACHEES - MANUELLES","DE",""
"Reversal of 511800101 in 466000107 rf 099000e231000001 interest income on  sales CG2J00000065  6.30 PCT AT 400 000 000","099001b241000001","511800101","XAF",,10218082,09-APR-24,"C","BINEID00087","MBATOHID0012","TXN_AMT",09-APR-24,"","001b","CREANCES RATTACHEES - MANUELLES","DE",""
"Reversal of 511800101 in 466000107 rf 099000m223000001 Coupon interest received of XAF 3 307 500 GA2J00000226","099001b241000001","511800101","XAF",,3307500,09-APR-24,"C","BINEID00087","MBATOHID0012","TXN_AMT",09-APR-24,"","001b","CREANCES RATTACHEES - MANUELLES","DE",""
"""Reversal of 511800101 in 466000107 rf 099000i231460001 INTEREST RECIEVED AT SALES OF GA2J00000267  ""","099001b241000001","511800101","XAF",,8486301,09-APR-24,"C","BINEID00087","MBATOHID0012","TXN_AMT",09-APR-24,"","001b","CREANCES RATTACHEES - MANUELLES","DE",""
"""Reversal of 511800101 in 466000107 rf 099000m232570001 interest income on    SALES  CG2J00000222 AT 6 PCT  453 000 000  ""","099001b241000001","511800101","XAF",,15042082,09-APR-24,"C","BINEID00087","MBATOHID0012","TXN_AMT",09-APR-24,"","001b","CREANCES RATTACHEES - MANUELLES","DE",""
"REGUL INTEREST ISIN CG2J00000222  453 000 000 AT 6PCT 099OTAP232570003","099001b241000001","511800101","XAF",,136986,09-APR-24,"C","BINEID00087","MBATOHID0012","TXN_AMT",09-APR-24,"","001b","CREANCES RATTACHEES - MANUELLES","DE",""
"REGUL INTEREST ISIN CG2J00000222  453 000 000 AT 6PCT 099OTAP232570003","099001b241000001","511800101","XAF",,142397,09-APR-24,"C","BINEID00087","MBATOHID0012","TXN_AMT",09-APR-24,"","001b","CREANCES RATTACHEES - MANUELLES","DE",""
"ACCRUED INTEREST Purchase OTA CM2B0000002 60 000 000 AT 5.6PCT","099001b241000001","511800101","XAF",,157534,09-APR-24,"C","BINEID00087","MBATOHID0012","TXN_AMT",09-APR-24,"","001b","CREANCES RATTACHEES - MANUELLES","DE",""
"REGUL INTEREST ISIN CG2J00000222  800 000 000 AT 6PCT 099OTAP232560003","099001b241000001","511800101","XAF",,189685,09-APR-24,"C","BINEID00087","MBATOHID0012","TXN_AMT",09-APR-24,"","001b","CREANCES RATTACHEES - MANUELLES","DE",""
"Reversal of 511800101 in 466000107 rf 0990016232580001    ACCRUED INTEREST Purchase OTA CG2J00000099 AT 5 000 000  AT 6.1PCT","099001b241000001","511800101","XAF",,190521,09-APR-24,"C","BINEID00087","MBATOHID0012","TXN_AMT",09-APR-24,"","001b","CREANCES RATTACHEES - MANUELLES","DE",""
"Reversal of 511800101 in 466000107 rf 099000q232130001 interest income on  SALES  CG2B00000097 AT 6.5PCT   322 000 000","099001b241000001","511800101","XAF",,15539808,09-APR-24,"C","BINEID00087","MBATOHID0012","TXN_AMT",09-APR-24,"","001b","CREANCES RATTACHEES - MANUELLES","DE",""
"Reversal of 511800101 in 466000107 rf 099001e232960001 REGUL INTEREST ISIN CG2A00000254 099OTAP231580001 526 050 000MN","099001b241000001","511800101","XAF",,16179536,09-APR-24,"C","BINEID00087","MBATOHID0012","TXN_AMT",09-APR-24,"","001b","CREANCES RATTACHEES - MANUELLES","DE",""
"Reversal Liquidation of the Accrued interest of CM2B00000020  3 500 000 000  5.60 PCT 099OTAP232610002","099001b241000001","511800101","XAF",,49803279,09-APR-24,"C","BINEID00087","MBATOHID0012","TXN_AMT",09-APR-24,"","001b","CREANCES RATTACHEES - MANUELLES","DE",""
"Reversal of 511800101 in 466000107 rf 099000r232130001 interest income on  SALES  CM2L00000044 AT 6.PCT   250 000 000","099001b241000001","511800101","XAF",,10602740,09-APR-24,"C","BINEID00087","MBATOHID0012","TXN_AMT",09-APR-24,"","001b","CREANCES RATTACHEES - MANUELLES","DE",""
"Reversal of 511800101 in 466000107 rf 099000b222940001 Interest income of XAF  GA2J00000226","099001b241000001","511800101","XAF",,16856729,09-APR-24,"C","BINEID00087","MBATOHID0012","TXN_AMT",09-APR-24,"","001b","CREANCES RATTACHEES - MANUELLES","DE",""
"Reversal of 511800101 in 466000107 rf 0990007230960001 INTEREST PURCHASE CG2B00000014 AT 6.5PCT","099001a241000001","511800101","XAF",,25643836,09-APR-24,"D","CHOHOS00066","MBATOHID0012","TXN_AMT",09-APR-24,"","001a","CREANCES RATTACHEES - MANUELLES","DE",""
"Reversal of 511800101 in 466000107 rf 099000q232220001 interest income on  PURCHASE  GQ2K00000039  AT 7PCT    400 000 000","099001a241000001","511800101","XAF",,25698630,09-APR-24,"D","CHOHOS00066","MBATOHID0012","TXN_AMT",09-APR-24,"","001a","CREANCES RATTACHEES - MANUELLES","DE",""
"Reversal of REGULARISATION REVENUE GA2J00000218","099001a241000001","511800101","XAF",,25717808,09-APR-24,"D","CHOHOS00066","MBATOHID0012","TXN_AMT",09-APR-24,"","001a","CREANCES RATTACHEES - MANUELLES","DE",""
"""Reversal of 511800101 in 466000107 rf 099000r232560001 interest income on    PURCHASE  CG2J00000222  AT 6 PCT  800 000 000  ""","099001a241000001","511800101","XAF",,26301370,09-APR-24,"D","CHOHOS00066","MBATOHID0012","TXN_AMT",09-APR-24,"","001a","CREANCES RATTACHEES - MANUELLES","DE",""
"Reversal of 511800101 in 466000107 rf 099000z230310001 interest income on purcahse GA2B00000091 6.25PCT 450 000 000","099001a241000001","511800101","XAF",,26738014,09-APR-24,"D","CHOHOS00066","MBATOHID0012","TXN_AMT",09-APR-24,"","001a","CREANCES RATTACHEES - MANUELLES","DE",""
"Reversal of contract 099OTAP230620001 Customer ETAT DE GUINEE EQUATORIALE Cust nO 040730821 from GL 511800100 to 466000107","099001a241000001","511800101","XAF",,27985959,09-APR-24,"D","CHOHOS00066","MBATOHID0012","TXN_AMT",09-APR-24,"","001a","CREANCES RATTACHEES - MANUELLES","DE",""
"Reversal of 511800101 in 466000107 rf 0990011232850001 Regul interest GA2K00000058 5.75PCT 1 500 000 000 099OTAP230520001","099001a241000001","511800101","XAF",,28356165,09-APR-24,"D","CHOHOS00066","MBATOHID0012","TXN_AMT",09-APR-24,"","001a","CREANCES RATTACHEES - MANUELLES","DE",""
"Reversal of 511800101 in 466000107 rf 099000q233060001 REGUL ISIN GA2J00000017 DUE TO DECIMAL","099001a241000001","511800101","XAF",,28505688,09-APR-24,"D","CHOHOS00066","MBATOHID0012","TXN_AMT",09-APR-24,"","001a","CREANCES RATTACHEES - MANUELLES","DE",""
"Reversal of 511800101 in 466000107 rf 099000j222980001 099OTAP222930008  099OTAP222930008 Principal Amount","099001a241000001","511800101","XAF",,28642734,09-APR-24,"D","CHOHOS00066","MBATOHID0012","TXN_AMT",09-APR-24,"","001a","CREANCES RATTACHEES - MANUELLES","DE",""
"Reversal of 511800101 in 466000107 rf 099000n232570001 interest income on   PURCHASE  CG2A00000270  AT 5 PCT 1 000 000 000","099001a241000001","511800101","XAF",,29452055,09-APR-24,"D","CHOHOS00066","MBATOHID0012","TXN_AMT",09-APR-24,"","001a","CREANCES RATTACHEES - MANUELLES","DE",""
"Reversal of contract 099OTAP223290002 Customer ETAT DU CONGO Cust nO 040730819 from GL 511800100 to 466000107","099001a241000001","511800101","XAF",,375683,09-APR-24,"D","CHOHOS00066","MBATOHID0012","TXN_AMT",09-APR-24,"","001a","CREANCES RATTACHEES - MANUELLES","DE",""
"Reversal of contract 099OTAP233630003 Customer ETAT DU CONGO Cust nO 040730819 from GL 511800100 to 466000107","099001a241000001","511800101","XAF",,420765,09-APR-24,"D","CHOHOS00066","MBATOHID0012","TXN_AMT",09-APR-24,"","001a","CREANCES RATTACHEES - MANUELLES","DE",""
"Reversal ofAccrued interest at purchase of CM2B00000103","099001a241000001","511800101","XAF",,19417808,09-APR-24,"D","CHOHOS00066","MBATOHID0012","TXN_AMT",09-APR-24,"","001a","CREANCES RATTACHEES - MANUELLES","DE",""
"Reversal of 511800101 in 466000107 rf 099000d231810001 interest income on  PURCHASE  CG2K00000062 AT 6PCT   1 400 000 000","099001a241000001","511800101","XAF",,20196721,09-APR-24,"D","CHOHOS00066","MBATOHID0012","TXN_AMT",09-APR-24,"","001a","CREANCES RATTACHEES - MANUELLES","DE",""
"Reversal of contract 099OTAP233040002 Customer ETAT DU CONGO Cust nO 040730819 from GL 511800100 to 466000107","099001a241000001","511800101","XAF",,472603,09-APR-24,"D","CHOHOS00066","MBATOHID0012","TXN_AMT",09-APR-24,"","001a","CREANCES RATTACHEES - MANUELLES","DE",""
"Reversal of contract 099OTAP232560005 Customer ETAT DU CONGO Cust nO 040730819 from GL 511800100 to 466000107","099001a241000001","511800101","XAF",,542466,09-APR-24,"D","CHOHOS00066","MBATOHID0012","TXN_AMT",09-APR-24,"","001a","CREANCES RATTACHEES - MANUELLES","DE",""
"Reversal of 511800101 in 466000107 rf 099000k232340001 interest income on   PURCHASE  GQ2K00000039 AT 7PCT 200 000 000","099001a241000001","511800101","XAF",,12849315,09-APR-24,"D","CHOHOS00066","MBATOHID0012","TXN_AMT",09-APR-24,"","001a","CREANCES RATTACHEES - MANUELLES","DE",""
"PURCHASE CG2J00000321 AT 5.75PCT 250 000 000 099OTAP233630008","099001a241000001","511800101","XAF",,13547945,09-APR-24,"D","CHOHOS00066","MBATOHID0012","TXN_AMT",09-APR-24,"","001a","CREANCES RATTACHEES - MANUELLES","DE",""
"Reversal of 511800101 in 466000107 rf 099001b232960001 REGUL  INTEREST ISIN CG2J00000099 099OTAP23107000 650MN","099001a241000001","511800101","XAF",,2505740,09-APR-24,"D","CHOHOS00066","MBATOHID0012","TXN_AMT",09-APR-24,"","001a","CREANCES RATTACHEES - MANUELLES","DE",""
"""ACCRUED INTEREST Purchase OTA CG2J00000099 ""","099001a241000001","511800101","XAF",,189685,09-APR-24,"D","CHOHOS00066","MBATOHID0012","TXN_AMT",09-APR-24,"","001a","CREANCES RATTACHEES - MANUELLES","DE",""
"REGUL INTEREST  ISIN  CG2J00000099 758MN 099OTAP232580007","099001a241000001","511800101","XAF",,190521,09-APR-24,"D","CHOHOS00066","MBATOHID0012","TXN_AMT",09-APR-24,"","001a","CREANCES RATTACHEES - MANUELLES","DE",""
"Reversal of 511800101 in 466000107 rf 0990019232850001 Regul interest CG2A00000270 4PCT 1 500 000 000 099OTAP232580008","099001a241000001","511800101","XAF",,205479,09-APR-24,"D","CHOHOS00066","MBATOHID0012","TXN_AMT",09-APR-24,"","001a","CREANCES RATTACHEES - MANUELLES","DE",""
"Reversal of contract 099OTAP232620002 Customer ETAT DU CONGO Cust nO 040730819 from GL 511800100 to 466000107","099001a241000001","511800101","XAF",,301370,09-APR-24,"D","CHOHOS00066","MBATOHID0012","TXN_AMT",09-APR-24,"","001a","CREANCES RATTACHEES - MANUELLES","DE",""
"Reversal of 511800101 in 466000107 rf 0990009230300001 interest income on CG2J00000321 AT 575PCT 250 000 000","099001a241000001","511800101","XAF",,275685,09-APR-24,"D","CHOHOS00066","MBATOHID0012","TXN_AMT",09-APR-24,"","001a","CREANCES RATTACHEES - MANUELLES","DE",""
""" REGUL INTEREST ISIN CG2A00000247 ""","099001a241000001","511800101","XAF",,301370,09-APR-24,"D","CHOHOS00066","MBATOHID0012","TXN_AMT",09-APR-24,"","001a","CREANCES RATTACHEES - MANUELLES","DE",""
"Reversal of  interest income on   SALES   CG2J00000438  AT 575 PCT 2 000 000 000 099OTAP233030004","099001a241000001","511800101","XAF",,314207,09-APR-24,"D","CHOHOS00066","MBATOHID0012","TXN_AMT",09-APR-24,"","001a","CREANCES RATTACHEES - MANUELLES","DE",""
"Reversal of 511800101 in 466000107 rf 099000w222930001 Interest income of XAF  GA2J00000127","099001a241000001","511800101","XAF",,336997,09-APR-24,"D","CHOHOS00066","MBATOHID0012","TXN_AMT",09-APR-24,"","001a","CREANCES RATTACHEES - MANUELLES","DE",""
"Reversal of contract 099OTAP223320001 Customer ETAT DU CONGO Cust nO 040730819 from GL 511800100 to 466000107","099001a241000001","511800101","XAF",,345205,09-APR-24,"D","CHOHOS00066","MBATOHID0012","TXN_AMT",09-APR-24,"","001a","CREANCES RATTACHEES - MANUELLES","DE",""
"Reversal of contract 099OTAP222870006 Customer ETAT DU GABON Cust nO 040730820 from GL 511800100 to 466000107","099001a241000001","511800101","XAF",,2828767,09-APR-24,"D","CHOHOS00066","MBATOHID0012","TXN_AMT",09-APR-24,"","001a","CREANCES RATTACHEES - MANUELLES","DE",""
"Reversal of  PURCHASE OF SECURITY GA2B00000117 099OTAP222870005 680MN","099001a241000001","511800101","XAF",,2910959,09-APR-24,"D","CHOHOS00066","MBATOHID0012","TXN_AMT",09-APR-24,"","001a","CREANCES RATTACHEES - MANUELLES","DE",""
"Reversal of  interest income on   SALES   CG2J00000438  AT 575 PCT 2 000 000 000 099OTAP233030004","099001a241000001","511800101","XAF",,553638,09-APR-24,"D","CHOHOS00066","MBATOHID0012","TXN_AMT",09-APR-24,"","001a","CREANCES RATTACHEES - MANUELLES","DE",""
"Reversal of 511800101 in 466000107 rf 099000w222930001 Interest income of XAF  GA2J00000127","099001a241000001","511800101","XAF",,575342,09-APR-24,"D","CHOHOS00066","MBATOHID0012","TXN_AMT",09-APR-24,"","001a","CREANCES RATTACHEES - MANUELLES","DE",""
"Reversal of 511800101 in 466000107 rf 099000g233030001 interest income on PURCHASE GA2J00000352  AT 5.5 PCT 2 500 000 000 099OTAP233030010","099001a241000001","511800101","XAF",,20662568,09-APR-24,"D","CHOHOS00066","MBATOHID0012","TXN_AMT",09-APR-24,"","001a","CREANCES RATTACHEES - MANUELLES","DE",""
"Reversal of 511800101 in 466000107 rf 099000l232340001 interest income on    PURCHASE  CM2B00000095 AT 5.5PCT 1 000 000 000","099001a241000001","511800101","XAF",,23292350,09-APR-24,"D","CHOHOS00066","MBATOHID0012","TXN_AMT",09-APR-24,"","001a","CREANCES RATTACHEES - MANUELLES","DE",""
"Reversal of 511800101 in 466000107 rf 0990003223350001 interest income of XAF CG2A0000254","099001a241000001","511800101","XAF",,4315068,09-APR-24,"D","CHOHOS00066","MBATOHID0012","TXN_AMT",09-APR-24,"","001a","CREANCES RATTACHEES - MANUELLES","DE",""
"Reversal of contract 099OTAP232400002 Customer ETAT DU CAMEROUN Cust nO 040730818 from GL 511800100 to 466000107","099001a241000001","511800101","XAF",,4219178,09-APR-24,"D","CHOHOS00066","MBATOHID0012","TXN_AMT",09-APR-24,"","001a","CREANCES RATTACHEES - MANUELLES","DE",""
"Reversal of contract 099OTAP232560002 Customer ETAT DU CAMEROUN Cust nO 040730818 from GL 511800100 to 466000107","099001a241000001","511800101","XAF",,4219178,09-APR-24,"D","CHOHOS00066","MBATOHID0012","TXN_AMT",09-APR-24,"","001a","CREANCES RATTACHEES - MANUELLES","DE",""
"Reversal of contract 099OTAP232470002 Customer ETAT DU CAMEROUN Cust nO 040730818 from GL 511800100 to 466000107","099001a241000001","511800101","XAF",,986301,09-APR-24,"D","CHOHOS00066","MBATOHID0012","TXN_AMT",09-APR-24,"","001a","CREANCES RATTACHEES - MANUELLES","DE",""
"Reversal of contract 099OTAP222870004 Customer ETAT DU GABON Cust nO 040730820 from GL 511800100 to 466000107","099001a241000001","511800101","XAF",,1006849,09-APR-24,"D","CHOHOS00066","MBATOHID0012","TXN_AMT",09-APR-24,"","001a","CREANCES RATTACHEES - MANUELLES","DE",""
"Reversal of contract 099OTAP232490004 Customer ETAT DU CAMEROUN Cust nO 040730818 from GL 511800100 to 466000107","099001a241000001","511800101","XAF",,1035616,09-APR-24,"D","CHOHOS00066","MBATOHID0012","TXN_AMT",09-APR-24,"","001a","CREANCES RATTACHEES - MANUELLES","DE",""
"Reversal of contract 099OTAP222940001 Customer ETAT DU CAMEROUN Cust nO 040730818 from GL 511800100 to 466000107","099001a241000001","511800101","XAF",,602740,09-APR-24,"D","CHOHOS00066","MBATOHID0012","TXN_AMT",09-APR-24,"","001a","CREANCES RATTACHEES - MANUELLES","DE",""
"Reversal of 511800101 in 466000107 rf 0990007223050001 interest income of XAF CG2A0000254","099001a241000001","511800101","XAF",,647260,09-APR-24,"D","CHOHOS00066","MBATOHID0012","TXN_AMT",09-APR-24,"","001a","CREANCES RATTACHEES - MANUELLES","DE",""
"Reversal of 511800101 in 466000107 rf 0990025232850001 REGUL INTEREST ISIN GA2Y00000218 600 000 000   AT 5.25 PCT O99OTAP222280001","099001a241000001","511800101","XAF",,5782192,09-APR-24,"D","CHOHOS00066","MBATOHID0012","TXN_AMT",09-APR-24,"","001a","CREANCES RATTACHEES - MANUELLES","DE",""
"Reversal of contract 099OTAP233410004 Customer ETAT DU CAMEROUN Cust nO 040730818 from GL 511800100 to 466000107","099001a241000001","511800101","XAF",,4520548,09-APR-24,"D","CHOHOS00066","MBATOHID0012","TXN_AMT",09-APR-24,"","001a","CREANCES RATTACHEES - MANUELLES","DE",""
"Reversal of contract 099OTAP232340006 Customer ETAT DU CAMEROUN Cust nO 040730818 from GL 511800100 to 466000107","099001a241000001","511800101","XAF",,4671233,09-APR-24,"D","CHOHOS00066","MBATOHID0012","TXN_AMT",09-APR-24,"","001a","CREANCES RATTACHEES - MANUELLES","DE",""
"Reversal of contract 099OTAP232000002 Customer ETAT DU GABON Cust nO 040730820 from GL 511800100 to 466000107","099001a241000001","511800101","XAF",,5136986,09-APR-24,"D","CHOHOS00066","MBATOHID0012","TXN_AMT",09-APR-24,"","001a","CREANCES RATTACHEES - MANUELLES","DE",""
"Reversal of 511800101 in 466000107 rf 0990005231810001 Reclassification of accrued interests on securities","099001a241000001","511800101","XAF",,23390537,09-APR-24,"D","CHOHOS00066","MBATOHID0012","TXN_AMT",09-APR-24,"","001a","CREANCES RATTACHEES - MANUELLES","DE",""
"Reversal of 511800101 in 466000107 rf 099000e232910001 REGUL INTEREST ISIN GQ2J00000032 AT 5PCT 700 000 000 099OTAP222710002","099001a241000001","511800101","XAF",,2684931,09-APR-24,"D","CHOHOS00066","MBATOHID0012","TXN_AMT",09-APR-24,"","001a","CREANCES RATTACHEES - MANUELLES","DE",""
"Reversal of contract 099OTAP222450008 Customer ETAT DU GABON Cust nO 040730820 from GL 511800100 to 466000107","099001a241000001","511800101","XAF",,3510274,09-APR-24,"D","CHOHOS00066","MBATOHID0012","TXN_AMT",09-APR-24,"","001a","CREANCES RATTACHEES - MANUELLES","DE",""
"Reversal of contract 099OTAP233030007 Customer ETAT DU CAMEROUN Cust nO 040730818 from GL 511800100 to 466000107","099001a241000001","511800101","XAF",,25616438,09-APR-24,"D","CHOHOS00066","MBATOHID0012","TXN_AMT",09-APR-24,"","001a","CREANCES RATTACHEES - MANUELLES","DE",""
"Reversal of 511800101 in 466000107 rf 099000t232610001 INTEREST   RECEIVED CM2J00000055 OTA3ANS 5.60 18092023","099001d241000001","511800101","XAF",,80000000,09-APR-24,"C","CHOHOS00066","MBATOHID0012","TXN_AMT",09-APR-24,"","001d","CREANCES RATTACHEES - MANUELLES","DE",""
"Reversal of 511800101 in 466000107 rf 099000r232570001 interest income on  SALES  CG2A000000247  AT 5.5 PCT 2 000 000 000","099001d241000001","511800101","XAF",,104876712,09-APR-24,"C","CHOHOS00066","MBATOHID0012","TXN_AMT",09-APR-24,"","001d","CREANCES RATTACHEES - MANUELLES","DE",""
"Reversal of 511800101 in 466000107 rf 099000n232190001 ANNUAL INTEREST FOR T BOND GA2B00000117","099001d241000001","511800101","XAF",,73750000,09-APR-24,"C","CHOHOS00066","MBATOHID0012","TXN_AMT",09-APR-24,"","001d","CREANCES RATTACHEES - MANUELLES","DE",""
"Reversal of 511800101 in 466000107 rf 099000g232680001 NTEREST RECEIVED GA2J00000142 OTA 4.75PCT 24 SEPT 2023","099001d241000001","511800101","XAF",,54625000,09-APR-24,"C","CHOHOS00066","MBATOHID0012","TXN_AMT",09-APR-24,"","001d","CREANCES RATTACHEES - MANUELLES","DE",""
"Reversal of 511800101 in 466000107 rf 099000o230760001 iINTEREST RECIEVED purchase of CM2B00000103","099001d241000001","511800101","XAF",,52500000,09-APR-24,"C","CHOHOS00066","MBATOHID0012","TXN_AMT",09-APR-24,"","001d","CREANCES RATTACHEES - MANUELLES","DE",""
"Reversal of 511800101 in 466000107 rf 0990008223340001 INTEREST INCOME OF XAF CG2J00000222","099001d241000001","511800101","XAF",,48156164,09-APR-24,"C","CHOHOS00066","MBATOHID0012","TXN_AMT",09-APR-24,"","001d","CREANCES RATTACHEES - MANUELLES","DE",""
"Reversal of 511800101 in 466000107 rf 099000k231720001 interest income on  sales GA2K00000058 5.75PCT 1 500 000 000","099001d241000001","511800101","XAF",,45842466,09-APR-24,"C","CHOHOS00066","MBATOHID0012","TXN_AMT",09-APR-24,"","001d","CREANCES RATTACHEES - MANUELLES","DE",""
"Reversal of 511800101 in 466000107 rf 0990019232580001 INTERETS SALES on CG2A00000270  AT 5PCT 1500000000","099001d241000001","511800101","XAF",,44589041,09-APR-24,"C","CHOHOS00066","MBATOHID0012","TXN_AMT",09-APR-24,"","001d","CREANCES RATTACHEES - MANUELLES","DE",""
"Reversal of Interest income on the period  SALES security CM2L00000036  5 000 000 000 5.9 PCT 099OTAP233280003","099001d241000001","511800101","XAF",,285301370,09-APR-24,"C","CHOHOS00066","MBATOHID0012","TXN_AMT",09-APR-24,"","001d","CREANCES RATTACHEES - MANUELLES","DE",""
"Interest income on the period  SALES security CM2L00000036  5 000 000 000 5.9 PCT 099OTAP233280004","099001d241000001","511800101","XAF",,281260274,09-APR-24,"C","CHOHOS00066","MBATOHID0012","TXN_AMT",09-APR-24,"","001d","CREANCES RATTACHEES - MANUELLES","DE",""
"Reversal of 511800101 in 466000107 rf 099i099231610102 ZERORISING THE IGL","099001d241000001","511800101","XAF",,268801541,09-APR-24,"C","CHOHOS00066","MBATOHID0012","TXN_AMT",09-APR-24,"","001d","CREANCES RATTACHEES - MANUELLES","DE",""
"Reversal of 511800101 in 466000107 rf 099000x232410001 INTEREST GQ2K00000039 DU 27/AOUT 2023","099001d241000001","511800101","XAF",,147000000,09-APR-24,"C","CHOHOS00066","MBATOHID0012","TXN_AMT",09-APR-24,"","001d","CREANCES RATTACHEES - MANUELLES","DE",""
"Reversal Sales of 4 Bls Gabon OTA bonds at 5.25PCT and a discount of 94 PCT","099001d241000001","511800101","XAF",,136931507,09-APR-24,"C","CHOHOS00066","MBATOHID0012","TXN_AMT",09-APR-24,"","001d","CREANCES RATTACHEES - MANUELLES","DE",""
"Reversal of interest income on  SALES  CM2B00000053 099OTAP233030007","099001d241000001","511800101","XAF",,391780822,09-APR-24,"C","CHOHOS00066","MBATOHID0012","TXN_AMT",09-APR-24,"","001d","CREANCES RATTACHEES - MANUELLES","DE",""
"Reversal Liquidation of the Accrued interest of CM2L00000036  5 000 000 000  5.90 PCT 099OTAP233330003","099001d241000001","511800101","XAF",,292575342,09-APR-24,"C","CHOHOS00066","MBATOHID0012","TXN_AMT",09-APR-24,"","001d","CREANCES RATTACHEES - MANUELLES","DE",""
"Reversal ANNUAL INTEREST GA2K00000058 1 500 000 000 AT  5.75 PCT 099OTAP233000002","099001d241000001","511800101","XAF",,76089041,09-APR-24,"C","CHOHOS00066","MBATOHID0012","TXN_AMT",09-APR-24,"","001d","CREANCES RATTACHEES - MANUELLES","DE",""
"""Reversal of 511800101 in 466000107 rf 099000x223000001 Sales of the XAF 1,000,000,000 CM2B00000095  ""","099001d241000001","511800101","XAF",,33904110,09-APR-24,"C","CHOHOS00066","MBATOHID0012","TXN_AMT",09-APR-24,"","001d","CREANCES RATTACHEES - MANUELLES","DE",""
"Reversal of 511800101 in 466000107 rf 0990001230030001 ANNUAL INTEREST RECIEVED  GQ2J00000032 XAF 700,000,000 AT 5PCT","099001d241000001","511800101","XAF",,35000000,09-APR-24,"C","CHOHOS00066","MBATOHID0012","TXN_AMT",09-APR-24,"","001d","CREANCES RATTACHEES - MANUELLES","DE",""
"""Reversal of 511800101 in 466000107 rf 0990015232580001 interest income on SALES OF CM2B0000087 AT 5.5PCT   1 500 000 000  ""","099001d241000001","511800101","XAF",,78883562,09-APR-24,"C","CHOHOS00066","MBATOHID0012","TXN_AMT",09-APR-24,"","001d","CREANCES RATTACHEES - MANUELLES","DE",""
"""Reversal of 511800101 in 466000107 rf 099000d231490001 INTEREST INCOME on GA2A0000142 AT 4.75 PCT  1 150 000 000  AT 1.74PCT DISCOUNT   ""","099001d241000001","511800101","XAF",,36217123,09-APR-24,"C","CHOHOS00066","MBATOHID0012","TXN_AMT",09-APR-24,"","001d","CREANCES RATTACHEES - MANUELLES","DE",""
"Reversal of 511800101 in 466000107 rf 099000m230590001 Interest income of XAF 21,682,292 GQ1300001047099TBTR222690001","099001d241000001","511800101","XAF",,40968750,09-APR-24,"C","CHOHOS00066","MBATOHID0012","TXN_AMT",09-APR-24,"","001d","CREANCES RATTACHEES - MANUELLES","DE",""
"Reversal Interest income on the period  SALES security CM2B00000129  2 131 000 000 5.75 PCT 099OTAP233280001","099001d241000001","511800101","XAF",,84366639,09-APR-24,"C","CHOHOS00066","MBATOHID0012","TXN_AMT",09-APR-24,"","001d","CREANCES RATTACHEES - MANUELLES","DE",""
"Reversal of Interest income on the period  SALES security CM2B00000095  2 500 000 000 5.5 PCT 099OTAP233100004","099001d241000001","511800101","XAF",,89412568,09-APR-24,"C","CHOHOS00066","MBATOHID0012","TXN_AMT",09-APR-24,"","001d","CREANCES RATTACHEES - MANUELLES","DE",""
"Reversal of 511800101 in 466000107 rf 099000c232360001 interest income on sales CG2J00000099 AT 6.1PCT","099001d241000001","511800101","XAF",,102279452,09-APR-24,"C","CHOHOS00066","MBATOHID0012","TXN_AMT",09-APR-24,"","001d","CREANCES RATTACHEES - MANUELLES","DE",""
"Reversal of 511800101 in 466000107 rf 099000c232360001 interest income on purchase CG2J00000099 AT 6.1PCT","099001d241000001","511800101","XAF",,102279452,09-APR-24,"C","CHOHOS00066","MBATOHID0012","TXN_AMT",09-APR-24,"","001d","CREANCES RATTACHEES - MANUELLES","DE",""
"Reversal of 511800101 in 466000107 rf 0990011232560001 interest income on   SALES  CG2A00000247  AT 5.5 PCT  2 000 000 000","099001d241000001","511800101","XAF",,104575342,09-APR-24,"C","CHOHOS00066","MBATOHID0012","TXN_AMT",09-APR-24,"","001d","CREANCES RATTACHEES - MANUELLES","DE",""
"Reversal of 511800101 in 466000107 rf 099000q233000001 SALE OF TBOND ISIN GA2K00000058 1.5BN AT 5.75PCT 099OTAP231850001","099001d241000001","511800101","XAF",,75852740,09-APR-24,"C","CHOHOS00066","MBATOHID0012","TXN_AMT",09-APR-24,"","001d","CREANCES RATTACHEES - MANUELLES","DE",""
"Reversal of 511800101 in 466000107 rf 099000c222940001 Interest income of XAF  GA2K00000017","099001c241000001","511800101","XAF",,12643836,09-APR-24,"C","BINEID00087","MBATOHID0012","TXN_AMT",09-APR-24,"","001c","CREANCES RATTACHEES - MANUELLES","DE",""
"Reversal of 511800101 in 466000107 rf 0990007232970001 REGUL INTEREST  ISIN  CG2A00000099 099OTAP2310700 650MN","099001c241000001","511800101","XAF",,2505740,09-APR-24,"C","BINEID00087","MBATOHID0012","TXN_AMT",09-APR-24,"","001c","CREANCES RATTACHEES - MANUELLES","DE",""
"Reversal of 511800101 in 466000107 rf 099000q232970001 REGUL INTEREST  ISIN  CG2A00000099 099OTAP232850002 708MN","099001c241000001","511800101","XAF",,30054115,09-APR-24,"C","BINEID00087","MBATOHID0012","TXN_AMT",09-APR-24,"","001c","CREANCES RATTACHEES - MANUELLES","DE",""
"Reversal  REGUL INTEREST GA2J00000226 LIQUIDATION 099OTAP222930007 63M PURCHASE 099OTAP230760001 53.5 M","099001c241000001","511800101","XAF",,1295815,09-APR-24,"C","BINEID00087","MBATOHID0012","TXN_AMT",09-APR-24,"","001c","CREANCES RATTACHEES - MANUELLES","DE",""
"Regul interest CM2L00000028 6PCT  500 000 000 099OTAP232470002","099001c241000001","511800101","XAF",,19537,09-APR-24,"C","BINEID00087","MBATOHID0012","TXN_AMT",09-APR-24,"","001c","CREANCES RATTACHEES - MANUELLES","DE",""
"Reversal  REGUL INTEREST ISIN CQ2K00000039 500 000 000 AT 7PCT 099OTAP230620001","099001c241000001","511800101","XAF",,4185,09-APR-24,"C","BINEID00087","MBATOHID0012","TXN_AMT",09-APR-24,"","001c","CREANCES RATTACHEES - MANUELLES","DE",""
"Reversal INTERET ISIN CM1100001062 LIQUIDATION 099OTAP233410004 3,000,000,000XAF","099001c241000001","511800101","XAF",,32541667,09-APR-24,"C","BINEID00087","MBATOHID0012","TXN_AMT",09-APR-24,"","001c","CREANCES RATTACHEES - MANUELLES","DE",""
"Reversal of 511800101 in 466000107 rf 099000h232960001 REGUL INTEREST ISIN CG2500000099 LIQUIDATION  099OTAP232210003950MN","099001c241000001","511800101","XAF",,32388493,09-APR-24,"C","BINEID00087","MBATOHID0012","TXN_AMT",09-APR-24,"","001c","CREANCES RATTACHEES - MANUELLES","DE",""
"Reversal of 511800101 in 466000107 rf 099000g232960001 REGUL INTEREST ISIN CG2500000099 LIQUIDATION  099OTAP232210003 1BN","099001c241000001","511800101","XAF",,31920548,09-APR-24,"C","BINEID00087","MBATOHID0012","TXN_AMT",09-APR-24,"","001c","CREANCES RATTACHEES - MANUELLES","DE",""
"Reversal of 511800101 in 466000107 rf 099001c232960001 REGUL INTEREST ISIN  CG2500000099 LIQUIDATION  099OTAP232210003 950 MN","099001c241000001","511800101","XAF",,31887123,09-APR-24,"C","BINEID00087","MBATOHID0012","TXN_AMT",09-APR-24,"","001c","CREANCES RATTACHEES - MANUELLES","DE",""
"Reversal of 511800101 in 466000107 rf 099000n223000001 Coupon interest received of XAF 31 500 000 GA2J00000218","099001c241000001","511800101","XAF",,31500000,09-APR-24,"C","BINEID00087","MBATOHID0012","TXN_AMT",09-APR-24,"","001c","CREANCES RATTACHEES - MANUELLES","DE",""
"Reversal of 511800101 in 466000107 rf 099000n223000001 Coupon interest received of XAF 31 500 000 GA2J00000218","099001c241000001","511800101","XAF",,30840164,09-APR-24,"C","BINEID00087","MBATOHID0012","TXN_AMT",09-APR-24,"","001c","CREANCES RATTACHEES - MANUELLES","DE",""
"Reversal of 511800101 in 466000107 rf 099000i232970001 REGUL INTEREST ISIN CG2J00000099 099OTAP232580004 803MN","099001c241000001","511800101","XAF",,30463400,09-APR-24,"C","BINEID00087","MBATOHID0012","TXN_AMT",09-APR-24,"","001c","CREANCES RATTACHEES - MANUELLES","DE",""
"Reversal of 511800101 in 466000107 rf 099000g233000001 SALE OF TBOND ISIN GA2J00000267 1BN AT 5.25PCT 099OTAP231570003","099001c241000001","511800101","XAF",,30597600,09-APR-24,"C","BINEID00087","MBATOHID0012","TXN_AMT",09-APR-24,"","001c","CREANCES RATTACHEES - MANUELLES","DE",""
"Reversal of 511800101 in 466000107 rf 099000p231570001 ACCRUED INTEREST AT PURCHASE OF GA2J00000267 AT 5.25PCT  1 000 000 000","099000e241020001","511800101","XAF",,10500000,11-APR-24,"C","NDJOCKOS0067","MBATOHID0012","TXN_AMT",11-APR-24,"","000e","CREANCES RATTACHEES - MANUELLES","DE",""
"Reversal of 511800101 in 466000107 rf 099001j232960001 REGUL INTEREST CG2A00000254 099OTAP231360003 641 050 000 M","099000e241020001","511800101","XAF",,16179536,11-APR-24,"C","NDJOCKOS0067","MBATOHID0012","TXN_AMT",11-APR-24,"","000e","CREANCES RATTACHEES - MANUELLES","DE",""
"Reversal of PURCHASE CM2L00000036  AT 5.9  PCT 5 000 000 000  099OTAP233280004","099000e241020001","511800101","XAF",,281260274,11-APR-24,"C","NDJOCKOS0067","MBATOHID0012","TXN_AMT",11-APR-24,"","000e","CREANCES RATTACHEES - MANUELLES","DE",""
"Reversal Purchase of 4 Bls Gabon OTA bonds at 5.25PCT and a discount of 93PCT","099000e241020001","511800101","XAF",,136931507,11-APR-24,"C","NDJOCKOS0067","MBATOHID0012","TXN_AMT",11-APR-24,"","000e","CREANCES RATTACHEES - MANUELLES","DE",""
"Reversal of 511800101 in 466000107 rf 0990000232620001 interest income on  CG2A00000247 AT 5.5PCT 2 000 000 000","099000e241020001","511800101","XAF",,104876712,11-APR-24,"C","NDJOCKOS0067","MBATOHID0012","TXN_AMT",11-APR-24,"","000e","CREANCES RATTACHEES - MANUELLES","DE",""
"Reversal of 511800101 in 466000107 rf 099000z222930001 Interest income of XAF  GA2K00000017","099000e241020001","511800101","XAF",,12643836,11-APR-24,"C","NDJOCKOS0067","MBATOHID0012","TXN_AMT",11-APR-24,"","000e","CREANCES RATTACHEES - MANUELLES","DE",""
"Reversal of 511800101 in 466000107 rf 099000x222930001 Purchase of the security GA2K00000017","099000e241020001","511800101","XAF",,11397260,11-APR-24,"C","NDJOCKOS0067","MBATOHID0012","TXN_AMT",11-APR-24,"","000e","CREANCES RATTACHEES - MANUELLES","DE",""
"Reversal of 511800101 in 466000107 rf 0990005230620001 interest income on purchase GQ2K00000039 AT 7PCT 500 000 000","099000e241020001","511800101","XAF",,17835616,11-APR-24,"C","NDJOCKOS0067","MBATOHID0012","TXN_AMT",11-APR-24,"","000e","CREANCES RATTACHEES - MANUELLES","DE",""
"Regul interest  ISIN GA2A0000142","099000e241020001","511800101","XAF",,16312671,11-APR-24,"C","NDJOCKOS0067","MBATOHID0012","TXN_AMT",11-APR-24,"","000e","CREANCES RATTACHEES - MANUELLES","DE",""
"Reversal of 511800101 in 466000107 rf 099001g232960001 REGUL INTEREST ISIN CG2A00000254 099OTAP231580001 526 050 000MN","099000e241020001","511800101","XAF",,16484633,11-APR-24,"C","NDJOCKOS0067","MBATOHID0012","TXN_AMT",11-APR-24,"","000e","CREANCES RATTACHEES - MANUELLES","DE",""
"Reversal of contract 099OTAP233480001 Customer ETAT DU CAMEROUN Cust nO 040730818 from GL 511800100 to 466000107","099000e241020001","511800101","XAF",,10547945,11-APR-24,"C","NDJOCKOS0067","MBATOHID0012","TXN_AMT",11-APR-24,"","000e","CREANCES RATTACHEES - MANUELLES","DE",""
"Reversal of contract 099OTAP233030008 Customer ETAT DU CAMEROUN Cust nO 040730818 from GL 511800100 to 466000107","099000e241020001","511800101","XAF",,10547945,11-APR-24,"C","NDJOCKOS0067","MBATOHID0012","TXN_AMT",11-APR-24,"","000e","CREANCES RATTACHEES - MANUELLES","DE",""
"Reversal of 511800101 in 466000107 rf 099000d232920001 REGUL ISIN CG2A000000353 LIQUIDATION 099OTAP230160002","099000e241020001","511800101","XAF",,2380821,11-APR-24,"C","NDJOCKOS0067","MBATOHID0012","TXN_AMT",11-APR-24,"","000e","CREANCES RATTACHEES - MANUELLES","DE",""
"Reversal of 511800101 in 466000107 rf 099000f222930001 Interest income of XAF  GA2J00000226","099000e241020001","511800101","XAF",,10991774,11-APR-24,"C","NDJOCKOS0067","MBATOHID0012","TXN_AMT",11-APR-24,"","000e","CREANCES RATTACHEES - MANUELLES","DE",""
"Reversal of 511800101 in 466000107 rf 099000s223000001 Interest income of XAF 11 046 575 CG2A000000197","099000e241020001","511800101","XAF",,11046575,11-APR-24,"C","NDJOCKOS0067","MBATOHID0012","TXN_AMT",11-APR-24,"","000e","CREANCES RATTACHEES - MANUELLES","DE",""
"Reversal of 511800101 in 466000107 rf 0990005230880001 INTEREST ON PURCHASE EOG 6PCT NET 2023-2027  1 000 000 000","099000e241020001","511800101","XAF",,11342466,11-APR-24,"C","NDJOCKOS0067","MBATOHID0012","TXN_AMT",11-APR-24,"","000e","CREANCES RATTACHEES - MANUELLES","DE",""
"Reversal of 511800101 in 466000107 rf 099000v222930001 Interest income of XAF  GA2J00000226","099000e241020001","511800101","XAF",,16856729,11-APR-24,"C","NDJOCKOS0067","MBATOHID0012","TXN_AMT",11-APR-24,"","000e","CREANCES RATTACHEES - MANUELLES","DE",""
"Reversal of 511800101 in 466000107 rf 099000m230520001 Accrued interest at purchase of GA2K00000058 AT 5.75PCT","099000e241020001","511800101","XAF",,17486301,11-APR-24,"C","NDJOCKOS0067","MBATOHID0012","TXN_AMT",11-APR-24,"","000e","CREANCES RATTACHEES - MANUELLES","DE",""
"Reversal of 511800101 in 466000107 rf 099000v222930001 Purchase of the security GA2J00000267","099000e241020001","511800101","XAF",,17825342,11-APR-24,"C","NDJOCKOS0067","MBATOHID0012","TXN_AMT",11-APR-24,"","000e","CREANCES RATTACHEES - MANUELLES","DE",""
"Reversal  LIQUIDATION 099OTAP222930007 63M PURCHASE 099OTAP230760001 53.5 M","099000e241020001","511800101","XAF",,1100414,11-APR-24,"C","NDJOCKOS0067","MBATOHID0012","TXN_AMT",11-APR-24,"","000e","CREANCES RATTACHEES - MANUELLES","DE",""
"Reversal of contract 099OTAP232560003 Customer ETAT DU CONGO Cust nO 040730819 from GL 511800100 to 466000107","099000e241020001","511800101","XAF",,74466,11-APR-24,"C","NDJOCKOS0067","MBATOHID0012","TXN_AMT",11-APR-24,"","000e","CREANCES RATTACHEES - MANUELLES","DE",""
"Reversal REGUL INTEREST ISIN CG2A000000353 400 000 000 AT 5.50PCT 099OTAP223560001","099000j241020001","511800101","XAF",,47260,11-APR-24,"C","BINEID00087","MBATOHID0012","TXN_AMT",11-APR-24,"","000j","CREANCES RATTACHEES - MANUELLES","DE",""
"Reversal of 511800101 in 466000107 rf 099000u223620001 interest income on CG2A000000353  5.50PCT 400 000 000","099000j241020001","511800101","XAF",,3307500,11-APR-24,"C","BINEID00087","MBATOHID0012","TXN_AMT",11-APR-24,"","000j","CREANCES RATTACHEES - MANUELLES","DE",""
"Reversal of REGUL INTEREST ISIN SECURITY GA2J00000226 63 000 000 AT COUPON ANNIVERSARY","099000j241020001","511800101","XAF",,14967616,11-APR-24,"C","BINEID00087","MBATOHID0012","TXN_AMT",11-APR-24,"","000j","CREANCES RATTACHEES - MANUELLES","DE",""
"Reversal of 511800101 in 466000107 rf 099000k222980001 099OTAP222930007 099OTAP222930007 Principal Amount","099000j241020001","511800101","XAF",,3289377,11-APR-24,"C","BINEID00087","MBATOHID0012","TXN_AMT",11-APR-24,"","000j","CREANCES RATTACHEES - MANUELLES","DE",""
"Reversal of 511800101 in 466000107 rf 099000t222930001 Interest income of XAF  GA2J00000267","099000j241020001","511800101","XAF",,14671233,11-APR-24,"C","BINEID00087","MBATOHID0012","TXN_AMT",11-APR-24,"","000j","CREANCES RATTACHEES - MANUELLES","DE",""
"Reversal of 511800101 in 466000107 rf 099000d232490001 Iinteret  income on CM2L00000028  AT 6PCT 700000000","099000j241020001","511800101","XAF",,8975342,11-APR-24,"C","BINEID00087","MBATOHID0012","TXN_AMT",11-APR-24,"","000j","CREANCES RATTACHEES - MANUELLES","DE",""
"Reversal of 511800101 in 466000107 rf 0990000230950001 INTEREST PURCHASE  CG2J00000065 6.3 PCT 400 000 000","099000j241020001","511800101","XAF",,9872877,11-APR-24,"C","BINEID00087","MBATOHID0012","TXN_AMT",11-APR-24,"","000j","CREANCES RATTACHEES - MANUELLES","DE",""
"INTEREST CM2B00000038 AT 5.7% 1 000 000 000 099OTAP240930001 from ESS BOURSE","099000c241030001","511800101","XAF",,55598361,12-APR-24,"C","BINEID00087","MBATOHID0012","TXN_AMT",12-APR-24,"","000c","CREANCES RATTACHEES - MANUELLES","DE",""
"Interest income on the period  SALES security CM2L00000036 4 400 000 000 5.90 % 099OTAP240990001 TO BACM AT 90.9076399951565","099000v241030001","511800101","XAF",,92916940,12-APR-24,"C","BINEID00087","MBATOHID0012","TXN_AMT",12-APR-24,"","000v","CREANCES RATTACHEES - MANUELLES","DE",""
"interest income on   PURCHASE  CM2L00000036  AT 5.90% 4 400 000 000 099OTAP241030001 TO BACM CM2L00000036 AT 90.91%","099000z241030001","511800101","XAF",,97881967,12-APR-24,"D","BINEID00087","MBATOHID0012","TXN_AMT",12-APR-24,"","000z","CREANCES RATTACHEES - MANUELLES","DE",""
"interest income on   PURCHASE  GA2J00000267  AT 5.25% 2 500 000 000  099OTAP241030002 TFROM UBC 100%","0990012241030001","511800101","XAF",,6454918,12-APR-24,"D","BINEID00087","MBATOHID0012","TXN_AMT",12-APR-24,"","0012","CREANCES RATTACHEES - MANUELLES","DE",""
"Interest income on the period  SALES security GA2J00000267 2  500 000 000 5.25 %  099OTAP241030002","099000n241060001","511800101","XAF",,6454918,15-APR-24,"C","BINEID00087","MBATOHID0012","TXN_AMT",15-APR-24,"","000n","CREANCES RATTACHEES - MANUELLES","DE",""
"interest income on   PURCHASE  CG2A00000486 AT 5.50% 2 500 000 000 099OTAP241060001","099000t241060001","511800101","XAF",,6762295,15-APR-24,"D","BINEID00087","MBATOHID0012","TXN_AMT",15-APR-24,"","000t","CREANCES RATTACHEES - MANUELLES","DE",""
"interest income on   PURCHASE  GA2J00000259 AT 5.25% 3 000 000 000 099OTAP241060002","099001a241060001","511800101","XAF",,24595890,15-APR-24,"D","BINEID00087","MBATOHID0012","TXN_AMT",15-APR-24,"","001a","CREANCES RATTACHEES - MANUELLES","DE",""
"Interest income on the period  SALES security GA2J00000259  3  000 000 000 5.25 %  099OTAP241060002","099001b241060001","511800101","XAF",,24595890,15-APR-24,"C","BINEID00087","MBATOHID0012","TXN_AMT",15-APR-24,"","001b","CREANCES RATTACHEES - MANUELLES","DE",""
"Interest income on the period  SALES security CM2L00000036 5 500 000 000 5.90 % 099OTAP240950001","099000y241080001","511800101","XAF",,114372951,17-APR-24,"C","BINEID00087","MBATOHID0012","TXN_AMT",17-APR-24,"","000y","CREANCES RATTACHEES - MANUELLES","DE",""
"interest income on   PURCHASE  GA2K00000090  AT 6.25% 3 000 000 000 099OTAP241080001","0990013241080001","511800101","XAF",,70696721,17-APR-24,"D","BINEID00087","MBATOHID0012","TXN_AMT",17-APR-24,"","0013","CREANCES RATTACHEES - MANUELLES","DE",""
"Interest income on the period  SALES security GA2K00000090 3 000 000 000 6.25 % 099OTAP241080001","0990017241080001","511800101","XAF",,70696721,17-APR-24,"C","BINEID00087","MBATOHID0012","TXN_AMT",17-APR-24,"","0017","CREANCES RATTACHEES - MANUELLES","DE",""
"Interest income on the period  SALES security CM2L00000036 4 400 000 000  5.90 % 099OTAP241030001","0990016241100001","511800101","XAF",,97881967,19-APR-24,"C","BINEID00087","MBATOHID0012","TXN_AMT",19-APR-24,"","0016","CREANCES RATTACHEES - MANUELLES","DE",""
"interest income on   PURCHASE  CGA2J00000283  AT 5.50%  1 550 000 000 099OTAP241130001","099000l241130001","511800101","XAF",,23758197,22-APR-24,"D","BINEID00087","MBATOHID0012","TXN_AMT",22-APR-24,"","000l","CREANCES RATTACHEES - MANUELLES","DE",""
"Interest income on the period  SALES security CM2L00000028 1 5500 000 000 6 % 099OTAP240670001","099000n241130001","511800101","XAF",,66065574,22-APR-24,"C","BINEID00087","MBATOHID0012","TXN_AMT",22-APR-24,"","000n","CREANCES RATTACHEES - MANUELLES","DE",""
"interest income on   PURCHASE  GA2J00000267  AT 5.25%  54 100 000 099OTAP241130002","099000p241130001","511800101","XAF",,217287,22-APR-24,"D","BINEID00087","MBATOHID0012","TXN_AMT",22-APR-24,"","000p","CREANCES RATTACHEES - MANUELLES","DE",""
"interest income on   PURCHASE  CM2L00000036  AT 5.90%  4 400 000 099OTAP241130004","099000r241130001","511800101","XAF",,102846995,22-APR-24,"D","BINEID00087","MBATOHID0012","TXN_AMT",22-APR-24,"","000r","CREANCES RATTACHEES - MANUELLES","DE",""
"Accrued interest SALE of the security GA2B00000125  521 400 000 6.5% 099OTAP241140001","099000v241140001","511800101","XAF",,121766844,23-APR-24,"D","BINEID00087","MBATOHID0012","TXN_AMT",23-APR-24,"","000v","CREANCES RATTACHEES - MANUELLES","DE",""
"interest income on   PURCHASE  CM2L00000036  AT 5.9% 5 000 000 000 099OTAP233330005","0990012241140001","511800101","XAF",,78770492,23-APR-24,"D","BINEID00087","MBATOHID0012","TXN_AMT",23-APR-24,"","0012","CREANCES RATTACHEES - MANUELLES","DE",""
"Interest income on the period  SALES security GA2J00000283  1 550 000 000  5.5 % 099OTAP241130001","0990013241140001","511800101","XAF",,23758197,23-APR-24,"C","BINEID00087","MBATOHID0012","TXN_AMT",23-APR-24,"","0013","CREANCES RATTACHEES - MANUELLES","DE",""
"interest income on   PURCHASE  CM2B00000020 AT 6% 54 100 000  099OTAP241140003","0990014241140001","511800101","XAF",,2599165,23-APR-24,"D","BINEID00087","MBATOHID0012","TXN_AMT",23-APR-24,"","0014","CREANCES RATTACHEES - MANUELLES","DE",""
"Interest income on the period  SALES security GA2J00000267  54 100 000  5.60 % 099OTAP241130002","0990016241140001","511800101","XAF",,217287,23-APR-24,"C","BINEID00087","MBATOHID0012","TXN_AMT",23-APR-24,"","0016","CREANCES RATTACHEES - MANUELLES","DE",""
"interest income on   PURCHASE  CM2B00000095 AT 5.50% 1 500 000 000 099OTAP241150001","099000m241150001","511800101","XAF",,10171233,24-APR-24,"D","BINEID00087","MBATOHID0012","TXN_AMT",24-APR-24,"","000m","CREANCES RATTACHEES - MANUELLES","DE",""
"Interest income on the period  SALES security CM2B0000087  500 000 000 5.50 % 099OTAP240670002","099001e241150001","511800101","XAF",,11646175,24-APR-24,"C","BINEID00087","MBATOHID0012","TXN_AMT",24-APR-24,"","001e","CREANCES RATTACHEES - MANUELLES","DE",""
"REVERSAL WRONG NARRATION interest income on   PURCHASE  CM2L00000036  AT 5.9% 5 000 000 000 099OTAP233330005","099000l241210001","511800101","XAF",,78770492,30-APR-24,"C","BINEID00087","MBATOHID0012","TXN_AMT",30-APR-24,"","000l","CREANCES RATTACHEES - MANUELLES","DE",""
"interest income on   PURCHASE  CM2L00000028  AT 6% 1.550.000.000XAF 099OTAP241140002","099000l241210001","511800101","XAF",,78770492,30-APR-24,"D","BINEID00087","MBATOHID0012","TXN_AMT",30-APR-24,"","000l","CREANCES RATTACHEES - MANUELLES","DE",""
"Interest income on the period  SALES security CM2L00000036 4.400.000.000XAF 5.90 % 099OTAP241130004","099000x241210001","511800101","XAF",,102846995,30-APR-24,"C","BINEID00087","MBATOHID0012","TXN_AMT",30-APR-24,"","000x","CREANCES RATTACHEES - MANUELLES","DE",""
"interest income on   PURCHASE   CM2L00000036 AT 5.90% 6 600 000 000 099OTAP241230001","099000l241230001","511800101","XAF",,168101639,02-MAY-24,"D","BINEID00087","MBATOHID0012","TXN_AMT",02-MAY-24,"","000l","CREANCES RATTACHEES - MANUELLES","DE",""
"interest income on   PURCHASE  CM2B00000087 AT  500.000.000  099OTAP241240004","099000t241240001","511800101","XAF",,16079235,03-MAY-24,"D","BINEID00087","MBATOHID0012","TXN_AMT",03-MAY-24,"","000t","CREANCES RATTACHEES - MANUELLES","DE",""
"interest income on   PURCHASE  CM2B00000103 AT  1 000.000.000 099OTAP241240005","099000r241240001","511800101","XAF",,6760274,03-MAY-24,"D","BINEID00087","MBATOHID0012","TXN_AMT",03-MAY-24,"","000r","CREANCES RATTACHEES - MANUELLES","DE",""
"Interest income on the period  SALES security CM2B00000095 1  500 000 000 5.5 % 099OTAP241150001","099000v241240001","511800101","XAF",,10171233,03-MAY-24,"C","BINEID00087","MBATOHID0012","TXN_AMT",03-MAY-24,"","000v","CREANCES RATTACHEES - MANUELLES","DE",""
"interest income on   PURCHASE  GA2K00000082 AT  3 .000.000.000 099OTAP241240001","099000z241240001","511800101","XAF",,164959016,03-MAY-24,"D","BINEID00087","MBATOHID0012","TXN_AMT",03-MAY-24,"","000z","CREANCES RATTACHEES - MANUELLES","DE",""
"Interest income on the period  SALES security CM2L00000036 6 600 000 000 5.90 % 099OTAP241230001","099000d241370001","511800101","XAF",,168101639,16-MAY-24,"C","BINEID00087","IHOYID000023","TXN_AMT",16-MAY-24,"","000d","CREANCES RATTACHEES - MANUELLES","DE",""
"interest income on   PURCHASE  CM2l00000036 AT 5.90%  6 600 000 000 099OTAP241370001","099000j241370001","511800101","XAF",,183498082,16-MAY-24,"D","BINEID00087","MBATOHID0012","TXN_AMT",16-MAY-24,"","000j","CREANCES RATTACHEES - MANUELLES","DE",""
"Interest income on the period  SALES security GA2K00000082  3 000 000 000 5.75 % 099OTAP241240001","0990008241440001","511800101","XAF",,164959016,23-MAY-24,"C","BINEID00087","MBATOHID0012","TXN_AMT",23-MAY-24,"","0008","CREANCES RATTACHEES - MANUELLES","DE",""
"interest income on   PURCHASE  CM2B00000095 AT 5.5% 4 400 000 000 099OTAP241440001","099000c241440001","511800101","XAF",,49726027,23-MAY-24,"D","BINEID00087","MBATOHID0012","TXN_AMT",23-MAY-24,"","000c","CREANCES RATTACHEES - MANUELLES","DE",""
"interest income on   PURCHASE  GA2B00000042 AT 6.5% 4 000 000 000 099OTAP241450001","099000h241450001","511800101","XAF",,171202186,24-MAY-24,"D","BINEID00087","MBATOHID0012","TXN_AMT",24-MAY-24,"","000h","CREANCES RATTACHEES - MANUELLES","DE",""
"Accrued interest PURCAHSE  of the security of 4 950 000 000  CM2A00000112  099OTAP241450002","099000r241450001","511800101","XAF",,69786885,24-MAY-24,"D","BINEID00087","MBATOHID0012","TXN_AMT",24-MAY-24,"","000r","CREANCES RATTACHEES - MANUELLES","DE",""
"Accrued interest at sales of 5 000 000 000 099OTAP240640014 CM2A00000112 ","099000r241450001","511800101","XAF",,1639344,24-MAY-24,"C","BINEID00087","MBATOHID0012","TXN_AMT",24-MAY-24,"","000r","CREANCES RATTACHEES - MANUELLES","DE",""
"Interest income on the period  SALES security GA2B00000042  4 000 000 000 6.50 % 099OTAP241450001","0990008241480001","511800101","XAF",,171202186,27-MAY-24,"C","BINEID00087","MBATOHID0012","TXN_AMT",27-MAY-24,"","0008","CREANCES RATTACHEES - MANUELLES","DE",""
"Interest income on the period  SALES security CM2B00000095  4 400 000 000 5.50 % 099OTAP241440001","0990005241480001","511800101","XAF",,49726027,27-MAY-24,"C","BINEID00087","MBATOHID0012","TXN_AMT",27-MAY-24,"","0005","CREANCES RATTACHEES - MANUELLES","DE",""
" ACCRUED INTEREST AT PRUCHASE 6% EOG20232027 ","099000m241480001","511800101","XAF",,52273973,27-MAY-24,"C","CHEICHEID059","MBATOHID0012","TXN_AMT",27-MAY-24,"","000m","CREANCES RATTACHEES - MANUELLES","DE",""
"Accrued interest at purchase of EOG620232027 AT 6%","099000m241480001","511800101","XAF",,44186301,27-MAY-24,"C","CHEICHEID059","MBATOHID0012","TXN_AMT",27-MAY-24,"","000m","CREANCES RATTACHEES - MANUELLES","DE",""
"Accrued interest at purchase of EOG620232027 AT 6%  ","099000m241480001","511800101","XAF",,21698630,27-MAY-24,"C","CHEICHEID059","MBATOHID0012","TXN_AMT",27-MAY-24,"","000m","CREANCES RATTACHEES - MANUELLES","DE",""
"INTEREST ON PURCHASE EOG 6% NET 2023-2027  1 000 000 000","099000m241480001","511800101","XAF",,10191781,27-MAY-24,"C","CHEICHEID059","MBATOHID0012","TXN_AMT",27-MAY-24,"","000m","CREANCES RATTACHEES - MANUELLES","DE",""
"Interest income on the period  SALES security CM2B0000020  1 000 000 000 5.60 % 099OTAP240330001","099000x241500001","511800101","XAF",,35497268,29-MAY-24,"C","BINEID00087","MBATOHID0012","TXN_AMT",29-MAY-24,"","000x","CREANCES RATTACHEES - MANUELLES","DE",""
"Interest income on the period  SALES security CM2B0000020  5 000 000 000 5.60 % 099OTAP240470002","099000x241500001","511800101","XAF",,188961749,29-MAY-24,"C","BINEID00087","MBATOHID0012","TXN_AMT",29-MAY-24,"","000x","CREANCES RATTACHEES - MANUELLES","DE",""
"Interest income on the period  SALES security CM2B0000020 54 100 000  5.60 % 099OTAP241140003","099000x241500001","511800101","XAF",,2599165,29-MAY-24,"C","BINEID00087","MBATOHID0012","TXN_AMT",29-MAY-24,"","000x","CREANCES RATTACHEES - MANUELLES","DE",""
"interest income on   PURCHASE   GA2B00000166 AT 6.75% 3 000 000 000 099OTAP241500002","099000z241500001","511800101","XAF",,99590164,29-MAY-24,"D","BINEID00087","MBATOHID0012","TXN_AMT",29-MAY-24,"","000z","CREANCES RATTACHEES - MANUELLES","DE",""
"Accrued interest  PURCAHSE  of the security CM2B0000087  500 000 000 5.50 % 099OTAP240670002","099000b241510001","511800101","XAF",,79180328,30-MAY-24,"D","BINEID00087","MBATOHID0012","TXN_AMT",30-MAY-24,"","000b","CREANCES RATTACHEES - MANUELLES","DE",""
"Interest income on the period  SALES security CM2L00000036 6 600 000 000 5.90 % 099OTAP241370001","099000j241510001","511800101","XAF",,183498082,30-MAY-24,"C","BINEID00087","MBATOHID0012","TXN_AMT",30-MAY-24,"","000j","CREANCES RATTACHEES - MANUELLES","DE",""
"RVSL ENTRY OF 29/02/2024","099000u241520001","511800101","XAF",,17056921,31-MAY-24,"D","CHOHOS00066","MBATOHID0012","TXN_AMT",31-MAY-24,"","000u","CREANCES RATTACHEES - MANUELLES","DE",""
"Interest income on the period  SALES security GA2B00000166  3 000 000 000 6.75 % 099OTAP241500002","0990002241570001","511800101","XAF",,99590164,05-JUN-24,"C","BINEID00087","MBATOHID0012","TXN_AMT",05-JUN-24,"","0002","CREANCES RATTACHEES - MANUELLES","DE",""
"interest income on   PURCHASE  GA2K00000082 AT 5.75% 3 000 000 000 099OTAP241570001","0990003241570001","511800101","XAF",,7089041,05-JUN-24,"D","BINEID00087","MBATOHID0012","TXN_AMT",05-JUN-24,"","0003","CREANCES RATTACHEES - MANUELLES","DE",""
"interest income on   PURCHASE  CM2L00000036 AT5.90% 6 600 000 000 099OTAP241570002","099000i241570001","511800101","XAF",,204835068,05-JUN-24,"D","BINEID00087","MBATOHID0012","TXN_AMT",05-JUN-24,"","000i","CREANCES RATTACHEES - MANUELLES","DE",""
"interest income on   PURCHASE  CM2B00000095 AT 5.500%  4 400 000 000 099OTAP241570003","099000l241570001","511800101","XAF",,58345205,05-JUN-24,"D","BINEID00087","MBATOHID0012","TXN_AMT",05-JUN-24,"","000l","CREANCES RATTACHEES - MANUELLES","DE",""
"Accrued interest at sales of CG2A00000353 350 500 000  5.5% 099OTAP240950003","099001c241660001","511800101","XAF",,2896892,14-JUN-24,"C","BINEID00087","MBATOHID0012","TXN_AMT",14-JUN-24,"","001c","CREANCES RATTACHEES - MANUELLES","DE",""
"Accrued interest PURCAHSE  of the security of CG2A00000353 335 950 000  5.5% 099OTAP240950003","099001c241660001","511800101","XAF",,8127971,14-JUN-24,"D","BINEID00087","MBATOHID0012","TXN_AMT",14-JUN-24,"","001c","CREANCES RATTACHEES - MANUELLES","DE",""
"Interest income on the period  SALES security CM2A00000104 3 000 000 000 6 % 099OTAP2415100004","099000k241700001","511800101","XAF",,79180328,18-JUN-24,"C","BINEID00087","MBATOHID0012","TXN_AMT",18-JUN-24,"","000k","CREANCES RATTACHEES - MANUELLES","DE",""
"Accrued interest at sales of CM2L00000028  1 550 000 000  6% 099OTAP241140002","0990005241710001","511800101","XAF",,78770492,19-JUN-24,"C","BINEID00087","MBATOHID0012","TXN_AMT",19-JUN-24,"","0005","CREANCES RATTACHEES - MANUELLES","DE",""
"interest income on   PURCHASE  CM2L00000093 AT 7% 1 000 000 000 099OTAP241710001","099000c241710001","511800101","XAF",,4016393,19-JUN-24,"D","BINEID00087","MBATOHID0012","TXN_AMT",19-JUN-24,"","000c","CREANCES RATTACHEES - MANUELLES","DE",""
"interest income on   PURCHASE  CM2A00000104 AT 6% 3 000 000 000  099OTAP241710002","099000e241710001","511800101","XAF",,89508197,19-JUN-24,"D","BINEID00087","MBATOHID0012","TXN_AMT",19-JUN-24,"","000e","CREANCES RATTACHEES - MANUELLES","DE",""
"interest income on   PURCHASE  CM2J00000121 AT 6.25% 1 000 000 000 099OTAP241710003","099000f241710001","511800101","XAF",,3586066,19-JUN-24,"D","BINEID00087","MBATOHID0012","TXN_AMT",19-JUN-24,"","000f","CREANCES RATTACHEES - MANUELLES","DE",""
"interest income on   PURCHASE  CM2K00000060 AT 6.50% 5 054 100  000  099OTAP241710004","099000g241710001","511800101","XAF",,18849307,19-JUN-24,"D","BINEID00087","MBATOHID0012","TXN_AMT",19-JUN-24,"","000g","CREANCES RATTACHEES - MANUELLES","DE",""
"Interest income on the period  SALES security CM2L00000036  6 600 000 000  5.90 % 099OTAP241570002","099000j241710001","511800101","XAF",,204835068,19-JUN-24,"C","BINEID00087","MBATOHID0012","TXN_AMT",19-JUN-24,"","000j","CREANCES RATTACHEES - MANUELLES","DE",""
"Interest income on the period  SALES security CM2B00000095  4 400 000 000  5.50 % 099OTAP241570003","099000l241710001","511800101","XAF",,58345205,19-JUN-24,"C","BINEID00087","MBATOHID0012","TXN_AMT",19-JUN-24,"","000l","CREANCES RATTACHEES - MANUELLES","DE",""
"Interest income on the period  SALES security CM2A0000104  3 000 000 000  6 % 099OTAP241730001","099000y241760001","511800101","XAF",,89508197,24-JUN-24,"C","CHEICHEID059","MBATOHID0012","TXN_AMT",24-JUN-24,"","000y","CREANCES RATTACHEES - MANUELLES","DE",""
"Accrued interest  PURCAHSE  of the security CM2A0000104  3 000 000 000  6 % 099OTAP241760001","099000y241760001","511800101","XAF",,91047541,24-JUN-24,"D","CHEICHEID059","MBATOHID0012","TXN_AMT",24-JUN-24,"","000y","CREANCES RATTACHEES - MANUELLES","DE",""
"Interest income on the period  SALES  of the security GQ2K00000021   105 970 000  7 % 099OTAP240440002		","099000d241860001","511800101","XAF",,4012962,04-JUL-24,"C","CHEICHEID059","MBATOHID0012","TXN_AMT",04-JUL-24,"","000d","CREANCES RATTACHEES - MANUELLES","DE",""
"Accrued interest  PURCAHSE  GQ2K00000021   103 970 000  7 % 099OTAP241860002","099000d241860001","511800101","XAF",,6741006,04-JUL-24,"D","CHEICHEID059","MBATOHID0012","TXN_AMT",04-JUL-24,"","000d","CREANCES RATTACHEES - MANUELLES","DE",""
"interest income on SALE GQ2J00000024AT 7% 500 000 000 099OTAP233600002","099000o241900001","511800101","XAF",,15778689,08-JUL-24,"C","CHEICHEID059","MBATOHID0012","TXN_AMT",08-JUL-24,"","000o","CREANCES RATTACHEES - MANUELLES","DE",""
"interest income on   SALE  GQ2J00000024  AT 7%  500 000 000 099OTAP240930004  ","099000o241900001","511800101","XAF",,25532787,08-JUL-24,"C","CHEICHEID059","MBATOHID0012","TXN_AMT",08-JUL-24,"","000o","CREANCES RATTACHEES - MANUELLES","DE",""
"Interest income on the period  SALES security GQ2J00000024 480 700 000 7 % 099OTAP240720001","099000o241900001","511800101","XAF",,22432667,08-JUL-24,"C","CHEICHEID059","MBATOHID0012","TXN_AMT",08-JUL-24,"","000o","CREANCES RATTACHEES - MANUELLES","DE",""
"interest income on   SALE  CG2A00000478  AT 5.4% 500 000 000 099OTAP240640001		","099000a241910001","511800101","XAF",,73770,09-JUL-24,"C","CHEICHEID059","MBATOHID0012","TXN_AMT",09-JUL-24,"","000a","CREANCES RATTACHEES - MANUELLES","DE",""
"interest income on   SALE CG2A00000478  AT 5.4% 2 500 000 000 099OTAP240650004		","099000a241910001","511800101","XAF",,368852,09-JUL-24,"C","CHEICHEID059","MBATOHID0012","TXN_AMT",09-JUL-24,"","000a","CREANCES RATTACHEES - MANUELLES","DE",""
"interest income on   SALE  CM2L00000093 AT 7% 1 000 000 000 099OTAP241710001","099000b241910001","511800101","XAF",,4016393,09-JUL-24,"C","CHEICHEID059","MBATOHID0012","TXN_AMT",09-JUL-24,"","000b","CREANCES RATTACHEES - MANUELLES","DE",""
"interest income on   PURCHASE  CM2J00000121 AT 6.25% 1 000 000 000 099OTAP241730004","099000c241910001","511800101","XAF",,3586066,09-JUL-24,"C","CHEICHEID059","MBATOHID0012","TXN_AMT",09-JUL-24,"","000c","CREANCES RATTACHEES - MANUELLES","DE",""
"Accrued interest  SALE  GQ2K00000021   103 970 000  7 % 099OTAP241860003","099000e241910001","511800101","XAF",,6741006,09-JUL-24,"C","CHEICHEID059","MBATOHID0012","TXN_AMT",09-JUL-24,"","000e","CREANCES RATTACHEES - MANUELLES","DE",""
"Accrued interest  PURCAHSE  of the security CG2J00000289  103 970 000  5.75% 099OTAP241910001","099000f241910001","511800101","XAF",,4736885,09-JUL-24,"D","CHEICHEID059","MBATOHID0012","TXN_AMT",09-JUL-24,"","000f","CREANCES RATTACHEES - MANUELLES","DE",""
"Accrued interest  PURCAHSE  of the security GA2J00000267  3 000 000 000  5.25% 099OTAP241910002","099000g241910001","511800101","XAF",,45308219,09-JUL-24,"D","CHEICHEID059","MBATOHID0012","TXN_AMT",09-JUL-24,"","000g","CREANCES RATTACHEES - MANUELLES","DE",""
"Accrued interest  PURCAHSE  of the security GA2J00000242  1 134 820 000  5.5% 099OTAP241910003		","099000h241910001","511800101","XAF",,28820087,09-JUL-24,"D","CHEICHEID059","MBATOHID0012","TXN_AMT",09-JUL-24,"","000h","CREANCES RATTACHEES - MANUELLES","DE",""
"Accrued interest  PURCAHSE  of the security GA2K00000058  1 000 000 000  5.75% 099OTAP241910004","099000o241910001","511800101","XAF",,33306011,09-JUL-24,"D","CHEICHEID059","MBATOHID0012","TXN_AMT",09-JUL-24,"","000o","CREANCES RATTACHEES - MANUELLES","DE",""
"Accrued interest  PURCAHSE  of the security CG3J00000438  1 480 700 000 5.75% 099OTAP241910005","099000s241910001","511800101","XAF",,64613286,09-JUL-24,"D","CHEICHEID059","MBATOHID0012","TXN_AMT",09-JUL-24,"","000s","CREANCES RATTACHEES - MANUELLES","DE",""
"Accrued interest  PURCAHSE  of the security GA2J00000325  1 000 000 00 5.50% 099OTAP241910006		","099000v241910001","511800101","XAF",,46734973,09-JUL-24,"D","CHEICHEID059","MBATOHID0012","TXN_AMT",09-JUL-24,"","000v","CREANCES RATTACHEES - MANUELLES","DE",""
"Interest income on the period  SALE of the security CG2J00000438  1 480 700 000   5.75 % 099OTAP241910005	","0990009241920001","511800101","XAF",,64613286,10-JUL-24,"C","CHEICHEID059","MBATOHID0012","TXN_AMT",10-JUL-24,"","0009","CREANCES RATTACHEES - MANUELLES","DE",""
"Interest income on the period  SALE of the security CG2J00000289  103 970 000   5.75 % 099OTAP241910001	","099000c241920001","511800101","XAF",,4736885,10-JUL-24,"C","CHEICHEID059","MBATOHID0012","TXN_AMT",10-JUL-24,"","000c","CREANCES RATTACHEES - MANUELLES","DE",""
"interest income on     PURCHASE  GQ2K00000021   AT 7 % 103 970 000 099OTAP241920001","099000e241920001","511800101","XAF",,6860316,10-JUL-24,"D","CHEICHEID059","MBATOHID0012","TXN_AMT",10-JUL-24,"","000e","CREANCES RATTACHEES - MANUELLES","DE",""
"interest income on  PURCHASE  CM2J00000121   AT 6.25 % 1000 000 000 099OTAP241920002","099000g241920001","511800101","XAF",,7020548,10-JUL-24,"D","CHEICHEID059","MBATOHID0012","TXN_AMT",10-JUL-24,"","000g","CREANCES RATTACHEES - MANUELLES","DE",""
"Interest income on the period  SALE of the security GA2J00000242  1 134 820 000  5.5  % 099OTAP241910003	","099000i241920001","511800101","XAF",,28820087,10-JUL-24,"C","CHEICHEID059","MBATOHID0012","TXN_AMT",10-JUL-24,"","000i","CREANCES RATTACHEES - MANUELLES","DE",""
"interest income on   PURCHASE  CM2L00000093   AT 7 % 1000 000 000 099OTAP241920005","099000j241920001","511800101","XAF",,7841530,10-JUL-24,"D","CHEICHEID059","MBATOHID0012","TXN_AMT",10-JUL-24,"","000j","CREANCES RATTACHEES - MANUELLES","DE",""
"Interest income on the period  SALE   of the security GA2J00000267  3 000 000 000   5.25 % 099OTAP241910002	","099000k241920001","511800101","XAF",,45308219,10-JUL-24,"C","CHEICHEID059","MBATOHID0012","TXN_AMT",10-JUL-24,"","000k","CREANCES RATTACHEES - MANUELLES","DE",""
"Interest income on the period  SALE of the security GA2K00000058  1 000 000 000   5.75 % 099OTAP241920003","099000o241920001","511800101","XAF",,33306011,10-JUL-24,"C","CHEICHEID059","MBATOHID0012","TXN_AMT",10-JUL-24,"","000o","CREANCES RATTACHEES - MANUELLES","DE",""
"interest income on   PURCHASE  CG2A00000478   AT 5.4 % 3 000 000 000 099OTAP241920007","099000n241920001","511800101","XAF",,57698630,10-JUL-24,"D","CHEICHEID059","MBATOHID0012","TXN_AMT",10-JUL-24,"","000n","CREANCES RATTACHEES - MANUELLES","DE",""
"Interest income on the period  SALE of the security GA2J00000325  1 000 000 000   5.50 % 099OTAP241920006		","099000q241920001","511800101","XAF",,46734973,10-JUL-24,"C","CHEICHEID059","MBATOHID0012","TXN_AMT",10-JUL-24,"","000q","CREANCES RATTACHEES - MANUELLES","DE",""
"Interest income on the period  SALE of the security  GQ2J00000024   500 000 000   7 % 099OTAP233620003","099000t241920001","511800101","XAF",,16256831,10-JUL-24,"C","CHEICHEID059","MBATOHID0012","TXN_AMT",10-JUL-24,"","000t","CREANCES RATTACHEES - MANUELLES","DE",""
"interest income on   PURCHASE  GA2J00000242  AT 5.5% 450 000 000 099OTAP241930001		","099000l241930001","511800101","XAF",,11631148,11-JUL-24,"D","NDJOCKOS0067","MBATOHID0012","TXN_AMT",11-JUL-24,"","000l","CREANCES RATTACHEES - MANUELLES","DE",""
"Interest income on the period  SALE   of the security CM2A00000112  4 950 000 000  6 % 099OTAP241450002		","099000x241930001","511800101","XAF",,69786885,11-JUL-24,"C","CHEICHEID059","MBATOHID0012","TXN_AMT",11-JUL-24,"","000x","CREANCES RATTACHEES - MANUELLES","DE",""
"GA2J00000283  AT 5.5% 4 500 000 000 099OTAP241930003","099000y241930001","511800101","XAF",,121721311,11-JUL-24,"D","NDJOCKOS0067","MBATOHID0012","TXN_AMT",11-JUL-24,"","000y","CREANCES RATTACHEES - MANUELLES","DE",""
"Interest income on the period  SALE   of the security  GA2B00000034 AT 7% 1 134 820 000  099OTAP240940001 FROM ASCA		","099001e241930001","511800101","XAF",,48834467,11-JUL-24,"C","CHEICHEID059","MBATOHID0012","TXN_AMT",11-JUL-24,"","001e","CREANCES RATTACHEES - MANUELLES","DE",""
"Interest income on the period  SALE   of the security GA2J00000283  4 500 000 000  7 % 099OTAP241930003","0990001241940001","511800101","XAF",,121721311,12-JUL-24,"C","CHEICHEID059","MBATOHID0012","TXN_AMT",12-JUL-24,"","0001","CREANCES RATTACHEES - MANUELLES","DE",""
"interest income on   PURCHASE  CM2A00000112  AT 6% 4 950 000 000 099OTAP241940001		","0990002241940001","511800101","XAF",,109549180,12-JUL-24,"D","NDJOCKOS0067","MBATOHID0012","TXN_AMT",12-JUL-24,"","0002","CREANCES RATTACHEES - MANUELLES","DE",""
"interest income on   GA2B00000034  AT 7% 1 134 820000 099OTAP241940002		","0990004241940001","511800101","XAF",,70755717,12-JUL-24,"D","NDJOCKOS0067","MBATOHID0012","TXN_AMT",12-JUL-24,"","0004","CREANCES RATTACHEES - MANUELLES","DE",""
"Interest income on the period  SALE   of the security GA2J00000242  450 000 000  5.5 % 099OTAP241930001","099000d241940001","511800101","XAF",,11631148,12-JUL-24,"C","CHEICHEID059","MBATOHID0012","TXN_AMT",12-JUL-24,"","000d","CREANCES RATTACHEES - MANUELLES","DE",""
"interest income on    PURCHASE  GQ2K00000039  AT 7% 260 000 000 099OTAP241940003		","099000x241940001","511800101","XAF",,15912568,12-JUL-24,"D","NDJOCKOS0067","MBATOHID0012","TXN_AMT",12-JUL-24,"","000x","CREANCES RATTACHEES - MANUELLES","DE",""
"interest income on     PURCHASE  GQ2K00000039  AT 7% 600 000 000 099OTAP241940004		","099000y241940001","511800101","XAF",,39934426,12-JUL-24,"D","NDJOCKOS0067","MBATOHID0012","TXN_AMT",12-JUL-24,"","000y","CREANCES RATTACHEES - MANUELLES","DE",""
"interest income on   PURCHASE  CM2L00000036  AT 5.9% 4 000 000 000 099OTAP241990003		","099000o241990001","511800101","XAF",,150885246,17-JUL-24,"D","NDJOCKOS0067","MBATOHID0012","TXN_AMT",17-JUL-24,"","000o","CREANCES RATTACHEES - MANUELLES","DE",""
"interest income on   PURCHASE  GA2K00000025  AT 5.75% 2 000 000 000 099OTAP242010002		","0990011242010001","511800101","XAF",,40958904,19-JUL-24,"D","NDJOCKOS0067","MBATOHID0012","TXN_AMT",19-JUL-24,"","0011","CREANCES RATTACHEES - MANUELLES","DE",""
"interest income on   PURCHASE  GA2B00000174  AT 6.5% 2 000 000 000 099OTAP242010003		","0990016242010001","511800101","XAF",,77076503,19-JUL-24,"D","NDJOCKOS0067","MBATOHID0012","TXN_AMT",19-JUL-24,"","0016","CREANCES RATTACHEES - MANUELLES","DE",""
"interest income on   PURCHASE  GA2K00000025  AT 5.75% 2 000 000 000 099OTAP242010002		","099000c242040001","511800101","XAF",,59071038,22-JUL-24,"D","NDJOCKOS0067","MBATOHID0012","TXN_AMT",22-JUL-24,"","000c","CREANCES RATTACHEES - MANUELLES","DE",""
"Reversal of interest income on   PURCHASE  GA2K00000025  AT 5.75% 2 000 000 000 099OTAP242010002		","099000c242040001","511800101","XAF",,40958904,22-JUL-24,"C","NDJOCKOS0067","MBATOHID0012","TXN_AMT",22-JUL-24,"","000c","CREANCES RATTACHEES - MANUELLES","DE",""
"Interest income on the period  SALES security GA2K00000025 2 000 000 0005.75% 099OTAP242010002		","099001i242060001","511800101","XAF",,40958904,24-JUL-24,"C","NDJOCKOS0067","MBATOHID0012","TXN_AMT",24-JUL-24,"","001i","CREANCES RATTACHEES - MANUELLES","DE",""
"Interest income on the period  SALES security GA2B00000174 2 000 000 000 6.5% 099OTAP242010003		","099001j242060001","511800101","XAF",,77076503,24-JUL-24,"C","NDJOCKOS0067","MBATOHID0012","TXN_AMT",24-JUL-24,"","001j","CREANCES RATTACHEES - MANUELLES","DE",""
"interest income on   PURCHASE  GA2J00000358  AT 5.5% 3 000 000 000 099OTAP242070003		","0990005242070001","511800101","XAF",,30287671,25-JUL-24,"D","NDJOCKOS0067","MBATOHID0012","TXN_AMT",25-JUL-24,"","0005","CREANCES RATTACHEES - MANUELLES","DE",""
"interest income on   PURCHASE  GA2J00000325  AT 5.5% 1 000 000 000 099OTAP242070004		","0990006242070001","511800101","XAF",,48989071,25-JUL-24,"D","NDJOCKOS0067","MBATOHID0012","TXN_AMT",25-JUL-24,"","0006","CREANCES RATTACHEES - MANUELLES","DE",""
"Interest income on the period  SALES security GA2J00000358  3 000 000 000  5.5% 099OTAP242070003		","0990008242070001","511800101","XAF",,30287671,25-JUL-24,"C","NDJOCKOS0067","MBATOHID0012","TXN_AMT",25-JUL-24,"","0008","CREANCES RATTACHEES - MANUELLES","DE",""
"Interest income on the period  SALES security GA2J00000325 1 000 000 000  5.5% 099OTAP242070004		","0990009242070001","511800101","XAF",,48989071,25-JUL-24,"C","NDJOCKOS0067","MBATOHID0012","TXN_AMT",25-JUL-24,"","0009","CREANCES RATTACHEES - MANUELLES","DE",""
"interest income on   PURCHASE  GA2K00000025  AT 5.75% 2 000 000 000 099OTAP242070006		","099000c242070001","511800101","XAF",,42849315,25-JUL-24,"D","NDJOCKOS0067","MBATOHID0012","TXN_AMT",25-JUL-24,"","000c","CREANCES RATTACHEES - MANUELLES","DE",""
"interest income on   PURCHASE  GA2B00000174  AT 6.5% 1 000 000 000 099OTAP242070007		","099000d242070001","511800101","XAF",,39603825,25-JUL-24,"D","NDJOCKOS0067","MBATOHID0012","TXN_AMT",25-JUL-24,"","000d","CREANCES RATTACHEES - MANUELLES","DE",""
"interest income on   PURCHASE  GA2B00000174  AT 6.5% 1 000 000 000 099OTAP242070008		","099000f242070001","511800101","XAF",,39603825,25-JUL-24,"D","NDJOCKOS0067","MBATOHID0012","TXN_AMT",25-JUL-24,"","000f","CREANCES RATTACHEES - MANUELLES","DE",""
"interest income on   PURCHASE  CM2L00000028  AT 6% 1 000 000 000 099OTAP242070009		interest income on   PURCHASE  CM2L00000028  AT 6% 1 000 000 000 099OTAP242070009		","099000k242070001","511800101","XAF",,118356,25-JUL-24,"D","NDJOCKOS0067","MBATOHID0012","TXN_AMT",25-JUL-24,"","000k","CREANCES RATTACHEES - MANUELLES","DE",""
"PURCHASE  GA5K00000025  AT 5.75% 2 000 000 000 099OTAP242010002		","0990003242080001","511800101","XAF",,18112134,26-JUL-24,"C","NDJOCKOS0067","MBATOHID0012","TXN_AMT",26-JUL-24,"","0003","CREANCES RATTACHEES - MANUELLES","DE",""
"interest income on   PURCHASE  CM2L00000036 AT 5.90% 4 000 000 000  099OTAP242120001","099000o242120001","511800101","XAF",,159267760,30-JUL-24,"D","BINEID00087","MBATOHID0012","TXN_AMT",30-JUL-24,"","000o","CREANCES RATTACHEES - MANUELLES","DE",""
"interest income on   PURCHASE  GA2J00000275 AT 5.25% 2 400 000 000  099OTAP242120002","099000p242120001","511800101","XAF",,24509589,30-JUL-24,"D","BINEID00087","MBATOHID0012","TXN_AMT",30-JUL-24,"","000p","CREANCES RATTACHEES - MANUELLES","DE",""
"interest income on   PURCHASE  CM2B00000095 AT 5.50% 5 000 000 000  099OTAP242120003","099000q242120001","511800101","XAF",,107739726,30-JUL-24,"D","BINEID00087","MBATOHID0012","TXN_AMT",30-JUL-24,"","000q","CREANCES RATTACHEES - MANUELLES","DE",""
"Interest income on the period  SALES security CM2L00000036   4 000 000 000  5.90 % 099OTAP241990003","099000s242120001","511800101","XAF",,150885246,30-JUL-24,"C","BINEID00087","MBATOHID0012","TXN_AMT",30-JUL-24,"","000s","CREANCES RATTACHEES - MANUELLES","DE",""
"interest income on   PURCHASE  GA2K00000090 AT6.25% 2 600 000 000  099OTAP242120007","099000u242120001","511800101","XAF",,107445355,30-JUL-24,"D","BINEID00087","MBATOHID0012","TXN_AMT",30-JUL-24,"","000u","CREANCES RATTACHEES - MANUELLES","DE",""
"ANNUAL  interest income on     PURCHASE  GQ2K00000021  AT 7% 600 000 000 099OTAP241940004  ","0990005242130001","511800101","XAF",,39934426,31-JUL-24,"C","CHEICHEID059","MBATOHID0012","TXN_AMT",31-JUL-24,"","0005","CREANCES RATTACHEES - MANUELLES","DE",""
"ANNUAL interest income on    PURCHASE  GQ2K00000021   AT 7 % 103 970 000 099OTAP241920001","0990005242130001","511800101","XAF",,6860316,31-JUL-24,"C","CHEICHEID059","MBATOHID0012","TXN_AMT",31-JUL-24,"","0005","CREANCES RATTACHEES - MANUELLES","DE",""
"interest income on   PURCHASE  GQ2K00000021 AT 7% 3 000 000 000 099OTAP242200003","099000c242200001","511800101","XAF",,4602740,07-AUG-24,"D","BINEID00087","MBATOHID0012","TXN_AMT",07-AUG-24,"","000c","CREANCES RATTACHEES - MANUELLES","DE",""
"reversal wrong narration interest income on PURCHASE CM2L00000028 AT 6% 1 000 000 000 099OTAP242070009 interest income on PURCHASE CM2L00000028 AT 6% 1 000 000 000 099OTAP242070009","099000y242210001","511800101","XAF",,118356,08-AUG-24,"C","BINEID00087","MBATOHID0012","TXN_AMT",08-AUG-24,"","000y","CREANCES RATTACHEES - MANUELLES","DE",""
" interest income on PURCHASE CM2L00000028 AT 6% 1 000 000 000 099OTAP242070009 interest income on PURCHASE CM2L00000028 AT 6% 20 000 000 xaf 099OTAP242070009","099000y242210001","511800101","XAF",,118356,08-AUG-24,"D","BINEID00087","MBATOHID0012","TXN_AMT",08-AUG-24,"","000y","CREANCES RATTACHEES - MANUELLES","DE",""
"interest income on   PURCHASE  CM2B00000095  AT 5.5% 5 000 000 000 099OTAP242260001		","099001e242260001","511800101","XAF",,118287671,13-AUG-24,"D","NDJOCKOS0067","MBATOHID0012","TXN_AMT",13-AUG-24,"","001e","CREANCES RATTACHEES - MANUELLES","DE",""
"Interest income on the period  SALES security GA2J00000274  2 400 000 5.25 % 099OTAP242120002","099001k242260001","511800101","XAF",,24509589,13-AUG-24,"C","BINEID00087","MBATOHID0012","TXN_AMT",13-AUG-24,"","001k","CREANCES RATTACHEES - MANUELLES","DE",""
"Interest income on the period  SALE   of the security  CM2L00000036  4 000 000 000  5.9 % 099OTAP242120001		","099001l242260001","511800101","XAF",,159267760,13-AUG-24,"C","CHEICHEID059","MBATOHID0012","TXN_AMT",13-AUG-24,"","001l","CREANCES RATTACHEES - MANUELLES","DE",""
"Interest income on the period  SALES security GA2K00000090  2 600 000 6.25 % 099OTAP242120007","099001m242260001","511800101","XAF",,107445355,13-AUG-24,"C","BINEID00087","MBATOHID0012","TXN_AMT",13-AUG-24,"","001m","CREANCES RATTACHEES - MANUELLES","DE",""
"Interest income on the period  SALE   of the security  CM2B00000095  5 000 000 000  5.50 % 099OTAP242120003		","099001o242260001","511800101","XAF",,107739726,13-AUG-24,"C","CHEICHEID059","MBATOHID0012","TXN_AMT",13-AUG-24,"","001o","CREANCES RATTACHEES - MANUELLES","DE",""
" interest income on   PURCHASE  CM2B00000095 AT 5.5% 5 000 000 000 099OTAP242400001","099000r242400001","511800101","XAF",,125835616,27-AUG-24,"D","BINEID00087","MBATOHID0012","TXN_AMT",27-AUG-24,"","000r","CREANCES RATTACHEES - MANUELLES","DE",""
"interest income on   PURCHASE  CM2B00000095 AT 5.5% 5 000 000 000 099OTAP242400001","0990007242420001","511800101","XAF",,128835616,29-AUG-24,"D","BINEID00087","MBATOHID0012","TXN_AMT",29-AUG-24,"","0007","CREANCES RATTACHEES - MANUELLES","DE",""
"REV interest income on   PURCHASE  CM2B00000095 AT 5.5% 5 000 000 000 099OTAP242400001","0990007242420001","511800101","XAF",,125835616,29-AUG-24,"C","BINEID00087","MBATOHID0012","TXN_AMT",29-AUG-24,"","0007","CREANCES RATTACHEES - MANUELLES","DE",""
"interest income on   PURCHASE  GA2J00000325  AT 5.5% 3 433 400 000 099OTAP242420001		","099000w242420001","511800101","XAF",,187289156,29-AUG-24,"D","NDJOCKOS0067","MBATOHID0012","TXN_AMT",29-AUG-24,"","000w","CREANCES RATTACHEES - MANUELLES","DE",""
"interest income on   PURCHASE  GA2B00000117  AT 6.25% 2 000 000 000 099OTAP242420002		","099000z242420001","511800101","XAF",,8219178,29-AUG-24,"D","NDJOCKOS0067","MBATOHID0012","TXN_AMT",29-AUG-24,"","000z","CREANCES RATTACHEES - MANUELLES","DE",""
"Interest income on the period  SALES GA2K00000082 3 000 000 000 5.75 % 099OTAP241570001","099001e242420001","511800101","XAF",,7089041,29-AUG-24,"C","BINEID00087","MBATOHID0012","TXN_AMT",29-AUG-24,"","001e","CREANCES RATTACHEES - MANUELLES","DE",""
"Interest income on the period  SALES security GA2K00000058  930 000 000 5.75  % 099OTAP233530001		","099001h242420001","511800101","XAF",,1318562,29-AUG-24,"C","CHEICHEID059","MBATOHID0012","TXN_AMT",29-AUG-24,"","001h","CREANCES RATTACHEES - MANUELLES","DE",""
"interest income on   PURCHASE  GA2B00000119  AT 6.25% 4 000 000 000 099OTAP242430002		","099000a242430001","511800101","XAF",,117808219,30-AUG-24,"D","NDJOCKOS0067","MBATOHID0012","TXN_AMT",30-AUG-24,"","000a","CREANCES RATTACHEES - MANUELLES","DE",""
"interest SALE of the security SALE of the security GA2B00000125  521 400 000 6.5% 099OTAP241140001","099000m242430001","511800101","XAF",,25742344,30-AUG-24,"C","BINEID00087","MBATOHID0012","TXN_AMT",30-AUG-24,"","000m","CREANCES RATTACHEES - MANUELLES","DE",""
"interest SALE of the security SALE of the security GA2B00000125  521 400 000 6.5% 099OTAP241140001","099000m242430001","511800101","XAF",,113975849,30-AUG-24,"C","BINEID00087","MBATOHID0012","TXN_AMT",30-AUG-24,"","000m","CREANCES RATTACHEES - MANUELLES","DE",""
"Interest income on the period  SALE   of the security GA2J00000325  3 433 400 000  5.5 % 099OTAP242420001		","0990011242460001","511800101","XAF",,187289156,02-SEP-24,"C","CHEICHEID059","MBATOHID0012","TXN_AMT",02-SEP-24,"","0011","CREANCES RATTACHEES - MANUELLES","DE",""
"Interest income on the period  SALE   of the security GA2B00000117  2 000 000 00  6.25 % 099OTAP242420002		","0990015242460001","511800101","XAF",,8219178,02-SEP-24,"C","CHEICHEID059","MBATOHID0012","TXN_AMT",02-SEP-24,"","0015","CREANCES RATTACHEES - MANUELLES","DE",""
"interest income on   PURCHASE  GA2B00000125  AT 6.50% 521 400 000 099OTAP242460001		","0990018242460001","511800101","XAF",,26112738,02-SEP-24,"D","NDJOCKOS0067","MBATOHID0012","TXN_AMT",02-SEP-24,"","0018","CREANCES RATTACHEES - MANUELLES","DE",""
"interest income on   PURCHASE  GA2J00000267  AT 5.25% 982 000 000 099OTAP242460002		","099001a242460001","511800101","XAF",,22740699,02-SEP-24,"D","NDJOCKOS0067","MBATOHID0012","TXN_AMT",02-SEP-24,"","001a","CREANCES RATTACHEES - MANUELLES","DE",""
"interest income on   PURCHASE  GA2K00000058  AT 5.75% 930 000 000 099OTAP242460003		","099001d242460001","511800101","XAF",,39156557,02-SEP-24,"D","NDJOCKOS0067","MBATOHID0012","TXN_AMT",02-SEP-24,"","001d","CREANCES RATTACHEES - MANUELLES","DE",""
"interest income on   PURCHASE  GA2K00000082  AT 5.75% 3 000 000 000 099OTAP242460004		","099001h242460001","511800101","XAF",,50095890,02-SEP-24,"D","NDJOCKOS0067","MBATOHID0012","TXN_AMT",02-SEP-24,"","001h","CREANCES RATTACHEES - MANUELLES","DE",""
"interest income on PURCHASE EOG232028625 AT 6.25 % 2 800 000 000","0990012242470001","511800101","XAF",,31079235,03-SEP-24,"C","BINEID00087","MBATOHID0012","TXN_AMT",03-SEP-24,"","0012","CREANCES RATTACHEES - MANUELLES","DE",""
"interest income on PURCHASE  from ESS EOG  AT6.25%  1.500.000.000 099OTAP232990007","0990012242470001","511800101","XAF",,25870902,03-SEP-24,"C","BINEID00087","MBATOHID0012","TXN_AMT",03-SEP-24,"","0012","CREANCES RATTACHEES - MANUELLES","DE",""
"interest income on   PURCHASE  EOG 6.25% 2023-2028  AT 6.25% 2 000 000 000 099OTAP233630002","0990012242470001","511800101","XAF",,56010929,03-SEP-24,"C","BINEID00087","MBATOHID0012","TXN_AMT",03-SEP-24,"","0012","CREANCES RATTACHEES - MANUELLES","DE",""
"interest income on  PURCHASE EOG NET  AT 6.25%  2 500 000 000 099OTAP233560001","0990012242470001","511800101","XAF",,67025273,03-SEP-24,"C","BINEID00087","MBATOHID0012","TXN_AMT",03-SEP-24,"","0012","CREANCES RATTACHEES - MANUELLES","DE",""
"interest income on PURCHASE  from ESS EOG  AT6.25%  1.500.000.000 099OTAP232990005","0990012242470001","511800101","XAF",,24590164,03-SEP-24,"C","BINEID00087","MBATOHID0012","TXN_AMT",03-SEP-24,"","0012","CREANCES RATTACHEES - MANUELLES","DE",""
"interest income on  PURCHASE  EOG AT 6.25%  1,600,000,000XAF 099OTAP233040003","0990012242470001","511800101","XAF",,28415301,03-SEP-24,"C","BINEID00087","MBATOHID0012","TXN_AMT",03-SEP-24,"","0012","CREANCES RATTACHEES - MANUELLES","DE",""
"interest income on   PURCHASE  EOGNET62589  AT 6.25  % 3 650 000 000 099OTAP233330002","0990012242470001","511800101","XAF",,81028005,03-SEP-24,"C","BINEID00087","MBATOHID0012","TXN_AMT",03-SEP-24,"","0012","CREANCES RATTACHEES - MANUELLES","DE",""
"Interest income on the period  SALES security GA2B00000109  4 000 000 000 6.25 % 099OTAP2424030002","0990011242480001","511800101","XAF",,117808219,04-SEP-24,"C","BINEID00087","MBATOHID0012","TXN_AMT",04-SEP-24,"","0011","CREANCES RATTACHEES - MANUELLES","DE",""
"interest income on   PURCHASE  GA2K00000058  AT 5.75% 2 000 000 000 099OTAP242480004		","0990013242480001","511800101","XAF",,84836066,04-SEP-24,"D","NDJOCKOS0067","MBATOHID0012","TXN_AMT",04-SEP-24,"","0013","CREANCES RATTACHEES - MANUELLES","DE",""
"interest income on   PURCHASE  GA2J00000283  AT 5.5% 2 000 000 000 099OTAP242480003		","0990016242480001","511800101","XAF",,70628415,04-SEP-24,"D","NDJOCKOS0067","MBATOHID0012","TXN_AMT",04-SEP-24,"","0016","CREANCES RATTACHEES - MANUELLES","DE",""
"interest income on   PURCHASE  CG2J00000438  AT 5.75% 1 931 030 000 099OTAP242480002		","0990017242480001","511800101","XAF",,101629687,04-SEP-24,"D","NDJOCKOS0067","MBATOHID0012","TXN_AMT",04-SEP-24,"","0017","CREANCES RATTACHEES - MANUELLES","DE",""
"interest income on   PURCHASE  GA2J00000242  AT 5.5% 1 000 000 000 099OTAP242480001		","0990018242480001","511800101","XAF",,34112022,04-SEP-24,"D","NDJOCKOS0067","MBATOHID0012","TXN_AMT",04-SEP-24,"","0018","CREANCES RATTACHEES - MANUELLES","DE",""
"Interest income on the period  SALES security GQ2K00000021  3 000 000 000 7 % 099OTAP24220003","099001d242480001","511800101","XAF",,4602740,04-SEP-24,"C","BINEID00087","MBATOHID0012","TXN_AMT",04-SEP-24,"","001d","CREANCES RATTACHEES - MANUELLES","DE",""
"Interest income on the period  SALES security GA2K0000025 2 000 000 000  5.75 % 099OTAP242070006","099001g242480001","511800101","XAF",,42849315,04-SEP-24,"C","BINEID00087","MBATOHID0012","TXN_AMT",04-SEP-24,"","001g","CREANCES RATTACHEES - MANUELLES","DE",""
"Interest income on the period  SALES security GA2B00000174  1 000 000 000 ,1 000 000 000 6.5 % 099OTAP242070007 ET 099OTAP242070008","099001k242480001","511800101","XAF",,79207650,04-SEP-24,"C","BINEID00087","MBATOHID0012","TXN_AMT",04-SEP-24,"","001k","CREANCES RATTACHEES - MANUELLES","DE",""
"interest income on   PURCHASE  GA2J00000267  AT 5.25% 3 000 000 000 099OTAP242490002		","0990001242490001","511800101","XAF",,70335616,05-SEP-24,"D","NDJOCKOS0067","MBATOHID0012","TXN_AMT",05-SEP-24,"","0001","CREANCES RATTACHEES - MANUELLES","DE",""
"interest income on   PURCHASE  GA2J00000358  AT 5.5% 3 000 000 000 099OTAP242490001		","0990002242490001","511800101","XAF",,49726027,05-SEP-24,"D","NDJOCKOS0067","MBATOHID0012","TXN_AMT",05-SEP-24,"","0002","CREANCES RATTACHEES - MANUELLES","DE",""
"Interest income on the SALES  of the security GA2J00000358  3 000 000 000 5.5 % 099OTAP242490001","0990007242490001","511800101","XAF",,49726027,05-SEP-24,"C","BINEID00087","MBATOHID0012","TXN_AMT",05-SEP-24,"","0007","CREANCES RATTACHEES - MANUELLES","DE",""
"Interest income on the SALES  of the security GA2J00000267  3 000 000 000 5.25 % 099OTAP242490002","0990009242490001","511800101","XAF",,70335616,05-SEP-24,"C","BINEID00087","MBATOHID0012","TXN_AMT",05-SEP-24,"","0009","CREANCES RATTACHEES - MANUELLES","DE",""
"Interest income on the SALES  of the security CG2J00000438  3 000 000 000 5.75 % 099OTAP242480002","099000b242490001","511800101","XAF",,101629687,05-SEP-24,"C","BINEID00087","MBATOHID0012","TXN_AMT",05-SEP-24,"","000b","CREANCES RATTACHEES - MANUELLES","DE",""
"Interest income on the SALES  of the security GA2J00000242  1 000 000 000 5.5 % 099OTAP242480001","099000g242490001","511800101","XAF",,34112022,05-SEP-24,"C","BINEID00087","MBATOHID0012","TXN_AMT",05-SEP-24,"","000g","CREANCES RATTACHEES - MANUELLES","DE",""
"Interest income on the SALES  of the security GA2J00000283  2 000 000 000 5.5 % 099OTAP242480003","099000i242490001","511800101","XAF",,70628415,05-SEP-24,"C","BINEID00087","MBATOHID0012","TXN_AMT",05-SEP-24,"","000i","CREANCES RATTACHEES - MANUELLES","DE",""
"Interest income on the SALES  of the security GA2K00000058  2 000 000 000 5.75 % 099OTAP242480004","099000m242490001","511800101","XAF",,84836066,05-SEP-24,"C","BINEID00087","MBATOHID0012","TXN_AMT",05-SEP-24,"","000m","CREANCES RATTACHEES - MANUELLES","DE",""
"interest income on   PURCHASE  CG2J00000503  AT 5.9% 1 931 030 000 099OTAP242490007		","099000q242490001","511800101","XAF",,67549118,05-SEP-24,"D","NDJOCKOS0067","MBATOHID0012","TXN_AMT",05-SEP-24,"","000q","CREANCES RATTACHEES - MANUELLES","DE",""
"interest income on   PURCHASE  GQ2K00000021  AT 7% 3 000 000 000 099OTAP242490006		","099000s242490001","511800101","XAF",,21287671,05-SEP-24,"D","NDJOCKOS0067","MBATOHID0012","TXN_AMT",05-SEP-24,"","000s","CREANCES RATTACHEES - MANUELLES","DE",""
"interest income on   PURCHASE  GA2K00000025  AT 5.75% 2 000 000 000 099OTAP242490005		","099000t242490001","511800101","XAF",,56082192,05-SEP-24,"D","NDJOCKOS0067","MBATOHID0012","TXN_AMT",05-SEP-24,"","000t","CREANCES RATTACHEES - MANUELLES","DE",""
"interest income on   PURCHASE  GA2B00000109  AT 6.25% 4 000 000 000 099OTAP242490004			","099000u242490001","511800101","XAF",,121917808,05-SEP-24,"D","NDJOCKOS0067","MBATOHID0012","TXN_AMT",05-SEP-24,"","000u","CREANCES RATTACHEES - MANUELLES","DE",""
"interest income on   PURCHASE  GA2B00000174  AT 6.5% 2 000 000 000 099OTAP242490003		","099000w242490001","511800101","XAF",,94125683,05-SEP-24,"D","NDJOCKOS0067","MBATOHID0012","TXN_AMT",05-SEP-24,"","000w","CREANCES RATTACHEES - MANUELLES","DE",""
"Accrued interest PURCAHSE  of the security of 491 400 000XAF 6.5%  GA2B00000125 099OTAP242490008","099001b242490001","511800101","XAF",,24872090,05-SEP-24,"D","BINEID00087","MBATOHID0012","TXN_AMT",05-SEP-24,"","001b","CREANCES RATTACHEES - MANUELLES","DE",""
"Accrued interest at sales of GA2B00000125  521,400,000  6.5% 099OTAP242460001","099001b242490001","511800101","XAF",,26112738,05-SEP-24,"C","BINEID00087","MBATOHID0012","TXN_AMT",05-SEP-24,"","001b","CREANCES RATTACHEES - MANUELLES","DE",""
"interest income on   PURCHASE  CM2L00000028  AT 6% 5 000 000 000 099OTAP242500002		","099001r242500001","511800101","XAF",,65753425,06-SEP-24,"D","NDJOCKOS0067","MBATOHID0012","TXN_AMT",06-SEP-24,"","001r","CREANCES RATTACHEES - MANUELLES","DE",""
"interest income on   PURCHASE  GA2A00000191  AT 5% 5 000 000 000 099OTAP242500001		","099001k242500001","511800101","XAF",,191256831,06-SEP-24,"D","NDJOCKOS0067","MBATOHID0012","TXN_AMT",06-SEP-24,"","001k","CREANCES RATTACHEES - MANUELLES","DE",""
"ANNUAL INTEREST INCOME OF XAF GA2B00000034  AT 7% 1 134 820000 099OTAP241940002  		","0990006242530001","511800101","XAF",,70755717,09-SEP-24,"C","CHEICHEID059","MBATOHID0012","TXN_AMT",09-SEP-24,"","0006","CREANCES RATTACHEES - MANUELLES","DE",""
"ANNUAL INTEREST INCOME OF GQ2K00000039  AT 7% 260 000 000 099OTAP241940003  		","099000a242530001","511800101","XAF",,15912568,09-SEP-24,"C","CHEICHEID059","MBATOHID0012","TXN_AMT",09-SEP-24,"","000a","CREANCES RATTACHEES - MANUELLES","DE",""
"Interest income on the period  SALE   of the security CM2B00000095  5 000 000 00  5.5 % 099OTAP242260001","0990005242540001","511800101","XAF",,118287671,10-SEP-24,"C","CHEICHEID059","MBATOHID0012","TXN_AMT",10-SEP-24,"","0005","CREANCES RATTACHEES - MANUELLES","DE",""
"interest income on   PURCHASE  CM2B00000095 AT 5.50% 5 000 000 000 099OTAP242540001","099000l242540001","511800101","XAF",,139383562,10-SEP-24,"D","BINEID00087","MBATOHID0012","TXN_AMT",10-SEP-24,"","000l","CREANCES RATTACHEES - MANUELLES","DE",""
"interest income on   PURCHASE  CGA2J00000242 AT 5.5% 1 554 100 000 099OTAP242540002","099000p242540001","511800101","XAF",,54414731,10-SEP-24,"D","BINEID00087","MBATOHID0012","TXN_AMT",10-SEP-24,"","000p","CREANCES RATTACHEES - MANUELLES","DE",""
"Interest income on the period  SALES security CM2B00000095 5 000 000 000  5.5% 099OTAP242400001		","099000s242540001","511800101","XAF",,128835616,10-SEP-24,"C","NDJOCKOS0067","MBATOHID0012","TXN_AMT",10-SEP-24,"","000s","CREANCES RATTACHEES - MANUELLES","DE",""
"Interest income on the period  SALES security CM2K00000060  5 054 100 000 6.5 % 099OTAP241730002","0990010242540001","511800101","XAF",,18849307,10-SEP-24,"C","BINEID00087","MBATOHID0012","TXN_AMT",10-SEP-24,"","0010","CREANCES RATTACHEES - MANUELLES","DE",""
"Accrued interest  PURCAHSE  of the security CM2A0000104  2 960 000 000  6 % 099OTAP241760001		","099000z242540001","511800101","XAF",,128590164,10-SEP-24,"D","CHEICHEID059","MBATOHID0012","TXN_AMT",10-SEP-24,"","000z","CREANCES RATTACHEES - MANUELLES","DE",""
"Interest income on the period  SALES  CM2A0000104  2 970 000 000  6 % 099OTAP241760001		","099000z242540001","511800101","XAF",,91047541,10-SEP-24,"C","CHEICHEID059","MBATOHID0012","TXN_AMT",10-SEP-24,"","000z","CREANCES RATTACHEES - MANUELLES","DE",""
"Interest income on the period  SALES security GA2J00000242  1 554 100 000 5.50 % 099OTAP242540002","099000g242550001","511800101","XAF",,54414731,11-SEP-24,"C","BINEID00087","MBATOHID0012","TXN_AMT",11-SEP-24,"","000g","CREANCES RATTACHEES - MANUELLES","DE",""
"interest income on   PURCHASE  CGA2J00000283 AT 5.5% 3 500 000 000 099OTAP242550002","099000j242550001","511800101","XAF",,126755464,11-SEP-24,"D","BINEID00087","MBATOHID0012","TXN_AMT",11-SEP-24,"","000j","CREANCES RATTACHEES - MANUELLES","DE",""
"interest income on   PURCHASE  CM2K00000060 AT 6.5% 5,054,100,000 099OTAP242550003","099000n242550001","511800101","XAF",,94504747,11-SEP-24,"D","BINEID00087","MBATOHID0012","TXN_AMT",11-SEP-24,"","000n","CREANCES RATTACHEES - MANUELLES","DE",""
"Interest income on the period  SALES security GA2J00000283  3 500 000 000  5.5 % 099OTAP24550002","099000s242550001","511800101","XAF",,126755464,11-SEP-24,"C","BINEID00087","MBATOHID0012","TXN_AMT",11-SEP-24,"","000s","CREANCES RATTACHEES - MANUELLES","DE",""
"Interest income on the period  SALES security GA2A00000191 5 000 000 000  5% 099OTAP242500001		","099000u242570001","511800101","XAF",,191256831,13-SEP-24,"C","NDJOCKOS0067","MBATOHID0012","TXN_AMT",13-SEP-24,"","000u","CREANCES RATTACHEES - MANUELLES","DE",""
"Interest income on the period  SALES security CM2L00000028 5 000 000 000  6% 099OTAP242500002		","099000w242570001","511800101","XAF",,65753425,13-SEP-24,"C","NDJOCKOS0067","MBATOHID0012","TXN_AMT",13-SEP-24,"","000w","CREANCES RATTACHEES - MANUELLES","DE",""
"interest income on   PURCHASE  CM2L00000028  AT 6% 5 000 000 000 099OTAP242570001		","0990015242570001","511800101","XAF",,71506849,13-SEP-24,"D","NDJOCKOS0067","MBATOHID0012","TXN_AMT",13-SEP-24,"","0015","CREANCES RATTACHEES - MANUELLES","DE",""
"interest income on   PURCHASE  GA2J00000317  AT 5.5% 2 500 000 000 099OTAP242600001		","099000u242600001","511800101","XAF",,18784153,16-SEP-24,"D","NDJOCKOS0067","MBATOHID0012","TXN_AMT",16-SEP-24,"","000u","CREANCES RATTACHEES - MANUELLES","DE",""
"Interest income on the period  SALES security CM2L00000028 5 000 000 000 6 % 099OTAP2402570001","099000i242640001","511800101","XAF",,71506849,20-SEP-24,"C","BINEID00087","MBATOHID0012","TXN_AMT",20-SEP-24,"","000i","CREANCES RATTACHEES - MANUELLES","DE",""
"interest income on   PURCHASE  CM2L00000028  AT 6% 5 000 000 000 099OTAP242640001","099000k242640001","511800101","XAF",,77260274,20-SEP-24,"D","BINEID00087","MBATOHID0012","TXN_AMT",20-SEP-24,"","000k","CREANCES RATTACHEES - MANUELLES","DE",""
"Interest income on the period  SALES security CM2GA2J00000317  2 500 000 000  5.5% 099OTAP242600001","099000d242670001","511800101","XAF",,18784153,23-SEP-24,"C","BINEID00087","MBATOHID0012","TXN_AMT",23-SEP-24,"","000d","CREANCES RATTACHEES - MANUELLES","DE",""
"Interest income on the period  SALES security CM2B0000095 5 000 000 000 5.5 % 099OTAP242540001","099000h242680001","511800101","XAF",,139383562,24-SEP-24,"C","BINEID00087","MBATOHID0012","TXN_AMT",24-SEP-24,"","000h","CREANCES RATTACHEES - MANUELLES","DE",""
"interest income on  PURCHASE  EOG AT 6.25%  1,600,000,000XAF 099OTAP233040003	","099000i242680001","511800101","XAF",,1,24-SEP-24,"D","BINEID00087","MBATOHID0012","TXN_AMT",24-SEP-24,"","000i","CREANCES RATTACHEES - MANUELLES","DE",""
"interest income on   PURCHASE  CM2B00000095 AT 5.5% 5 000 000 000 099OTAP242680001","099000o242680001","511800101","XAF",,149931507,24-SEP-24,"D","BINEID00087","MBATOHID0012","TXN_AMT",24-SEP-24,"","000o","CREANCES RATTACHEES - MANUELLES","DE",""
"Interest income on the period  SALES security CM2L00000028  5 000 000 000 6 % 099OTAP242640001","099000c242710001","511800101","XAF",,77260274,27-SEP-24,"C","BINEID00087","MBATOHID0012","TXN_AMT",27-SEP-24,"","000c","CREANCES RATTACHEES - MANUELLES","DE",""
"interest income on   PURCHASE  CM2L00000028 AT 6% 5 000 000 000 099OTAP242710001","099000d242710001","511800101","XAF",,83013699,27-SEP-24,"D","BINEID00087","MBATOHID0012","TXN_AMT",27-SEP-24,"","000d","CREANCES RATTACHEES - MANUELLES","DE",""
"annual Interest income on the period  SALES security GA2J0000218  600 000 000 5.25 % 099OTAP233630006","0990000242770001","511800101","XAF",,7659836,03-OCT-24,"C","BINEID00087","MBATOHID0012","TXN_AMT",03-OCT-24,"","0000","CREANCES RATTACHEES - MANUELLES","DE",""
"annual Interest income on the period  SALES security CM2B00000087  500 000 000 5.25 % 099OTAP2241240004","099000k242770001","511800101","XAF",,16079235,03-OCT-24,"C","BINEID00087","MBATOHID0012","TXN_AMT",03-OCT-24,"","000k","CREANCES RATTACHEES - MANUELLES","DE",""
"Interest income on the period  SALES security CM2L0000028  500 000 000 6 % 099OTAP242710001","0990007242780001","511800101","XAF",,83013699,04-OCT-24,"C","BINEID00087","MBATOHID0012","TXN_AMT",04-OCT-24,"","0007","CREANCES RATTACHEES - MANUELLES","DE",""
"Interest income on the period  SALES security CM2B0000095  5 000 000 000 5.5 % 099OTAP242680001","0990015242820001","511800101","XAF",,149931507,08-OCT-24,"C","BINEID00087","MBATOHID0012","TXN_AMT",08-OCT-24,"","0015","CREANCES RATTACHEES - MANUELLES","DE",""
"interest income on   PURCHASE  CM2B00000095 AT 5.5%  500 000 000 099OTAP242840001","099000z242840001","511800101","XAF",,16198630,10-OCT-24,"D","BINEID00087","MBATOHID0012","TXN_AMT",10-OCT-24,"","000z","CREANCES RATTACHEES - MANUELLES","DE",""
"interest income on   PURCHASE  CM2L00000036 AT 5.9% 4  500 000 000 099OTAP242840002","0990010242840001","511800101","XAF",,231405738,10-OCT-24,"D","BINEID00087","MBATOHID0012","TXN_AMT",10-OCT-24,"","0010","CREANCES RATTACHEES - MANUELLES","DE",""
"interest income on   PURCHASE  GA2B00000125 AT 6.5% 7 000 000 000 099OTAP242850001","099000z242850001","511800101","XAF",,399057377,11-OCT-24,"D","BINEID00087","MBATOHID0012","TXN_AMT",11-OCT-24,"","000z","CREANCES RATTACHEES - MANUELLES","DE",""
"Interest income on the period  SALES security CM2L00000036  4 500 000 000 5.9 % 099OTAP242840002","099000n242910001","511800101","XAF",,231405738,17-OCT-24,"C","BINEID00087","MBATOHID0012","TXN_AMT",17-OCT-24,"","000n","CREANCES RATTACHEES - MANUELLES","DE",""
"Interest income on the period  SALES security CM2B00000095   500 000 000 5.5 % 099OTAP242840001","099000q242910001","511800101","XAF",,16198630,17-OCT-24,"C","BINEID00087","MBATOHID0012","TXN_AMT",17-OCT-24,"","000q","CREANCES RATTACHEES - MANUELLES","DE",""
"interest income on   PURCHASE  CM2B00000095 AT 5.50%  500 000 000 099OTAP242910001","099000z242910001","511800101","XAF",,16726027,17-OCT-24,"D","BINEID00087","MBATOHID0012","TXN_AMT",17-OCT-24,"","000z","CREANCES RATTACHEES - MANUELLES","DE",""
"interest income on   PURCHASE  CM2L0000036  AT 5.9% 4 500 000 000 099OTAP242910002		","0990015242910001","511800101","XAF",,237131507,17-OCT-24,"D","NDJOCKOS0067","MBATOHID0012","TXN_AMT",17-OCT-24,"","0015","CREANCES RATTACHEES - MANUELLES","DE",""
"interest income on   PURCHASE  GA2J00000267  AT 5.25% 3 500 000 000 099OTAP242950001		","099000k242950001","511800101","XAF",,105719178,21-OCT-24,"D","NDJOCKOS0067","MBATOHID0012","TXN_AMT",21-OCT-24,"","000k","CREANCES RATTACHEES - MANUELLES","DE",""
"interest income on   PURCHASE  GA2J00000366  AT 5.75% 3 000 000 000 099OTAP242950002		","099000l242950001","511800101","XAF",,4726027,21-OCT-24,"D","NDJOCKOS0067","MBATOHID0012","TXN_AMT",21-OCT-24,"","000l","CREANCES RATTACHEES - MANUELLES","DE",""
"interest income on   PURCHASE  GA2J00000358  AT 5.5% 500 000 000 099OTAP242950003		","099000m242950001","511800101","XAF",,11828767,21-OCT-24,"D","NDJOCKOS0067","MBATOHID0012","TXN_AMT",21-OCT-24,"","000m","CREANCES RATTACHEES - MANUELLES","DE",""
"Interest income on the period  SALES security GA2B00000125 7 000 000 000  6.5% 099OTAP242850001		","0990015242950001","511800101","XAF",,399057377,21-OCT-24,"C","NDJOCKOS0067","MBATOHID0012","TXN_AMT",21-OCT-24,"","0015","CREANCES RATTACHEES - MANUELLES","DE",""
"Interest income on the period  SALES security GA2B00000125  491 400 000  6.5 % 099OTAP242490008		","099001b242950001","511800101","XAF",,24872090,21-OCT-24,"C","CHEICHEID059","MBATOHID0012","TXN_AMT",21-OCT-24,"","001b","CREANCES RATTACHEES - MANUELLES","DE",""
"Accrued interest PURCHASE  GA2B00000125 261 400 000   6.5 % 099OTAP242950004		","099001b242950001","511800101","XAF",,15366178,21-OCT-24,"D","CHEICHEID059","MBATOHID0012","TXN_AMT",21-OCT-24,"","001b","CREANCES RATTACHEES - MANUELLES","DE",""
"interest income on   PURCHASE  GA2B00000125  AT 6.5% 700 000 000 099OTAP242960001		","099000b242960001","511800101","XAF",,412732240,22-OCT-24,"D","NDJOCKOS0067","MBATOHID0012","TXN_AMT",22-OCT-24,"","000b","CREANCES RATTACHEES - MANUELLES","DE",""
"Interest income on the period  SALES security GA2J00000267 3 500 000 000  5.25% 099OTAP242950001		","099000y242960001","511800101","XAF",,105719178,22-OCT-24,"C","NDJOCKOS0067","MBATOHID0012","TXN_AMT",22-OCT-24,"","000y","CREANCES RATTACHEES - MANUELLES","DE",""
"Interest income on the period  SALES security GA2J00000366 3 000 000 000  5.75% 099OTAP242950002		","0990010242960001","511800101","XAF",,4726027,22-OCT-24,"C","NDJOCKOS0067","MBATOHID0012","TXN_AMT",22-OCT-24,"","0010","CREANCES RATTACHEES - MANUELLES","DE",""
"Interest income on the period  SALES security GA2J00000358 500 000 000  5.5% 099OTAP242950003		","0990011242960001","511800101","XAF",,11828767,22-OCT-24,"C","NDJOCKOS0067","MBATOHID0012","TXN_AMT",22-OCT-24,"","0011","CREANCES RATTACHEES - MANUELLES","DE",""
"Interest income on the period  SALES security CM2L00000036 4 500 000 000  5.9% 099OTAP242910002		","099000g242980001","511800101","XAF",,237131507,24-OCT-24,"C","NDJOCKOS0067","MBATOHID0012","TXN_AMT",24-OCT-24,"","000g","CREANCES RATTACHEES - MANUELLES","DE",""
"Interest income on the period  SALES security CM2B00000095 500 000 000  5.5% 099OTAP242910001		","099000j242980001","511800101","XAF",,16726027,24-OCT-24,"C","NDJOCKOS0067","MBATOHID0012","TXN_AMT",24-OCT-24,"","000j","CREANCES RATTACHEES - MANUELLES","DE",""
"Accrued interest PURCAHSE  of the security of GQ2K00000039 260,000,000 7% 099OTAP241940003","0990006243100001","511800101","XAF",,3356164,05-NOV-24,"D","BINEID00087","MBATOHID0012","TXN_AMT",05-NOV-24,"","0006","CREANCES RATTACHEES - MANUELLES","DE",""
"Accrued interest at sales of CM2A00000104 2 960,000,000  6% 099OTAP242540004","0990009243100001","511800101","XAF",,128590164,05-NOV-24,"C","BINEID00087","MBATOHID0012","TXN_AMT",05-NOV-24,"","0009","CREANCES RATTACHEES - MANUELLES","DE",""
"Accrued interest PURCAHSE  of the security of CM2A00000104 2 960,000,000  6% 099OTAP242540004","0990009243100001","511800101","XAF",,155500820,05-NOV-24,"D","BINEID00087","MBATOHID0012","TXN_AMT",05-NOV-24,"","0009","CREANCES RATTACHEES - MANUELLES","DE",""
"Accrued interest at sales of CM2A00000104 2 955,000,000  6% 099OTAP243100003","099000i243170001","511800101","XAF",,155500820,12-NOV-24,"C","BINEID00087","MBATOHID0012","TXN_AMT",12-NOV-24,"","000i","CREANCES RATTACHEES - MANUELLES","DE",""
"Accrued interest PURCAHSE  of the security of CM2A00000104 2 875,000,000  6% 099OTAP243170002","099000i243170001","511800101","XAF",,155013699,12-NOV-24,"D","BINEID00087","MBATOHID0012","TXN_AMT",12-NOV-24,"","000i","CREANCES RATTACHEES - MANUELLES","DE",""
"Accrued interest at sales of GA2B0000125 261 400,000  6.5% 099OTAP242950005","0990004243190001","511800101","XAF",,15366178,14-NOV-24,"C","BINEID00087","MBATOHID0012","TXN_AMT",14-NOV-24,"","0004","CREANCES RATTACHEES - MANUELLES","DE",""
"Accrued interest PURCAHSE  of the security of GA2B0000125 251 400,000  6.5% 099OTAP243190001","0990004243190001","511800101","XAF",,15893301,14-NOV-24,"D","BINEID00087","MBATOHID0012","TXN_AMT",14-NOV-24,"","0004","CREANCES RATTACHEES - MANUELLES","DE",""
"Accrued interest at sales of GQ2K00000039  250 000 000  7% 099OTAP243100002","099000l243200001","511800101","XAF",,3356164,15-NOV-24,"C","BINEID00087","MBATOHID0012","TXN_AMT",15-NOV-24,"","000l","CREANCES RATTACHEES - MANUELLES","DE",""
"Accrued interest PURCAHSE  of the security of GQ2K00000039  232 300 000  7% 099OTAP243200001","099000l243200001","511800101","XAF",,3564055,15-NOV-24,"D","BINEID00087","MBATOHID0012","TXN_AMT",15-NOV-24,"","000l","CREANCES RATTACHEES - MANUELLES","DE",""
"Accrued interest at sales of CM2A0000104  2 875 000 000  6% 099OTAP243170002","099000r243200001","511800101","XAF",,155013699,15-NOV-24,"C","BINEID00087","MBATOHID0012","TXN_AMT",15-NOV-24,"","000r","CREANCES RATTACHEES - MANUELLES","DE",""
"Accrued interest PURCAHSE  of the security of CM2A0000104  2 865 000 000  6% 099OTAP243200002","099000r243200001","511800101","XAF",,155887397,15-NOV-24,"D","BINEID00087","MBATOHID0012","TXN_AMT",15-NOV-24,"","000r","CREANCES RATTACHEES - MANUELLES","DE",""
"Accrued interest at sales of GQ2K00000039  229 300 000  7% 099OTAP243200001","0990007243270001","511800101","XAF",,3564055,22-NOV-24,"C","BINEID00087","MBATOHID0012","TXN_AMT",22-NOV-24,"","0007","CREANCES RATTACHEES - MANUELLES","DE",""
"Interest income on the period  SALES security CM2L00000044  250 000 000  % 099OTAP233630005","099000d243300001","511800101","XAF",,1762295,25-NOV-24,"C","BINEID00087","MBATOHID0012","TXN_AMT",25-NOV-24,"","000d","CREANCES RATTACHEES - MANUELLES","DE",""
"Accrued interest PURCAHSE  of the security of  GA2B00000125  7.000.000.000  6.5% 099OTAP242960001","0990002243310001","511800101","XAF",,412732240,26-NOV-24,"C","BINEID00087","MBATOHID0012","TXN_AMT",26-NOV-24,"","0002","CREANCES RATTACHEES - MANUELLES","DE",""
"Accrued interest at sales of GA2B00000125  251400000  6.5% 099OTAP243190002","0990002243310001","511800101","XAF",,15893301,26-NOV-24,"C","BINEID00087","MBATOHID0012","TXN_AMT",26-NOV-24,"","0002","CREANCES RATTACHEES - MANUELLES","DE",""
"Interest income on the period  SALES security CG2A0000478  3 000 000 000  5.40 % 099OTAP241920007","0990009243310001","511800101","XAF",,57698630,26-NOV-24,"C","BINEID00087","MBATOHID0012","TXN_AMT",26-NOV-24,"","0009","CREANCES RATTACHEES - MANUELLES","DE",""
"Interest income on the period  SALES security CG2A00000486 2 500 000 000  5.5% 099OTAP241060001		","099000a243310001","511800101","XAF",,6762295,26-NOV-24,"C","NDJOCKOS0067","MBATOHID0012","TXN_AMT",26-NOV-24,"","000a","CREANCES RATTACHEES - MANUELLES","DE",""
"interest income on   PURCHASE  CG2J00000370  AT 6% 5 500 000 000 099OTAP243310002		","099000d243310001","511800101","XAF",,148273973,26-NOV-24,"D","NDJOCKOS0067","MBATOHID0012","TXN_AMT",26-NOV-24,"","000d","CREANCES RATTACHEES - MANUELLES","DE",""
"interest income on   PURCHASE  CG2A00000478 AT 5.40% 3 000 000 000 099OTAP243320002","099000r243320001","511800101","XAF",,120279452,27-NOV-24,"D","BINEID00087","MBATOHID0012","TXN_AMT",27-NOV-24,"","000r","CREANCES RATTACHEES - MANUELLES","DE",""
"interest income on   PURCHASE  CG2A00000486 AT 5.50% 2 500 000 000 099OTAP243320003","099000u243320001","511800101","XAF",,91917808,27-NOV-24,"D","BINEID00087","MBATOHID0012","TXN_AMT",27-NOV-24,"","000u","CREANCES RATTACHEES - MANUELLES","DE",""
"Interest income on the period  SALES security CG2J00000370  5 500 000 000  6 % 099OTAP243310002","099000w243320001","511800101","XAF",,148273973,27-NOV-24,"C","BINEID00087","MBATOHID0012","TXN_AMT",27-NOV-24,"","000w","CREANCES RATTACHEES - MANUELLES","DE",""
"interest income on   PURCHASE  GA2K00000082 AT 5.75% 3 000 000 000 099OTAP243340001","099000x243340001","511800101","XAF",,91684932,29-NOV-24,"D","BINEID00087","MBATOHID0012","TXN_AMT",29-NOV-24,"","000x","CREANCES RATTACHEES - MANUELLES","DE",""
"Accrued interest PURCAHSE  of the security of GA2B00000125  4 000 000 000  6.5% 099OTAP243340002","099000y243340001","511800101","XAF",,2849315,29-NOV-24,"D","BINEID00087","MBATOHID0012","TXN_AMT",29-NOV-24,"","000y","CREANCES RATTACHEES - MANUELLES","DE",""
"Interest income on the period  SALES security GA2K00000082 3 000 000 000 5.75 % 099OTAP243340001","099000c243370001","511800101","XAF",,91684932,02-DEC-24,"C","BINEID00087","MBATOHID0012","TXN_AMT",02-DEC-24,"","000c","CREANCES RATTACHEES - MANUELLES","DE",""
"interest income on   PURCHASE  GA2B00000125 AT 6.5% 3 000 000 000 099OTAP243370001","099000d243370001","511800101","XAF",,3739726,02-DEC-24,"D","BINEID00087","MBATOHID0012","TXN_AMT",02-DEC-24,"","000d","CREANCES RATTACHEES - MANUELLES","DE",""
"Accrued interest PURCAHSE  of the security of GQ2K00000021  95 470 000  7% 099OTAP243380001","099000x243380001","511800101","XAF",,2306974,03-DEC-24,"D","BINEID00087","MBATOHID0012","TXN_AMT",03-DEC-24,"","000x","CREANCES RATTACHEES - MANUELLES","DE",""
"interest income on   PURCHASE  CM2B00000160 AT 6.7% 4 000 000 000 099OTAP243400001","099000p243400001","511800101","XAF",,5139726,05-DEC-24,"D","BINEID00087","MBATOHID0012","TXN_AMT",05-DEC-24,"","000p","CREANCES RATTACHEES - MANUELLES","DE",""
"Interest income on the period  SALES security GA2K00000058  930 000 000 5.50 % 099OTAP242460003","0990006243470001","511800101","XAF",,39156557,12-DEC-24,"C","BINEID00087","MBATOHID0012","TXN_AMT",12-DEC-24,"","0006","CREANCES RATTACHEES - MANUELLES","DE",""
"interest income on   PURCHASE  CG2J00000529  AT 6.5% 4 500 000 000 099OTAP243470002		","099001h243470001","511800101","XAF",,201945205,12-DEC-24,"D","NDJOCKOS0067","MBATOHID0012","TXN_AMT",12-DEC-24,"","001h","CREANCES RATTACHEES - MANUELLES","DE",""
"Interest income on the period  SALES security CM2B0000160  4 000 000 000 6.70% 099OTAP243400001","099001n243470001","511800101","XAF",,5139726,12-DEC-24,"C","BINEID00087","MBATOHID0012","TXN_AMT",12-DEC-24,"","001n","CREANCES RATTACHEES - MANUELLES","DE",""
"interest income on   PURCHASE  CM2B00000087AT 5.50% 500 000 000 099OTAP243480001","099000j243480001","511800101","XAF",,5500000,13-DEC-24,"D","BINEID00087","MBATOHID0012","TXN_AMT",13-DEC-24,"","000j","CREANCES RATTACHEES - MANUELLES","DE",""
"interest income on   PURCHASE  CM2B00000160 AT 6.7% 4 000 000 000 099OTAP243480002","099000k243480001","511800101","XAF",,11747945,13-DEC-24,"D","BINEID00087","MBATOHID0012","TXN_AMT",13-DEC-24,"","000k","CREANCES RATTACHEES - MANUELLES","DE",""
"Interest income on the period  SALES security CG2J00000529  4 500 000 000 6.5 % 099OTAP243470002","099000m243480001","511800101","XAF",,201945205,13-DEC-24,"C","BINEID00087","MBATOHID0012","TXN_AMT",13-DEC-24,"","000m","CREANCES RATTACHEES - MANUELLES","DE",""
"Accrued interest Purchase of the security CM2A00000104 6 % 099OTAP243480003 ","099001k243480001","511800101","XAF",,165081148,13-DEC-24,"D","BINEID00087","MBATOHID0012","TXN_AMT",13-DEC-24,"","001k","CREANCES RATTACHEES - MANUELLES","DE",""
"Accrued interest SALE CM2A00000104 6 % 099OTAP2432000002","099001k243480001","511800101","XAF",,155887397,13-DEC-24,"C","BINEID00087","MBATOHID0012","TXN_AMT",13-DEC-24,"","001k","CREANCES RATTACHEES - MANUELLES","DE",""
"interest income on   PURCHASE  GA2J00000267 AT 5.25%  3 500 000 000 099OTAP243530001","099000v243530001","511800101","XAF",,134917808,18-DEC-24,"D","BINEID00087","MBATOHID0012","TXN_AMT",18-DEC-24,"","000v","CREANCES RATTACHEES - MANUELLES","DE",""
"Interest income on the period  SALES security CG2A00000585 3 500 000 000 5.5% 099OTAP243470005","0990010243530001","511800101","XAF",,3155738,18-DEC-24,"C","BINEID00087","MBATOHID0012","TXN_AMT",18-DEC-24,"","0010","CREANCES RATTACHEES - MANUELLES","DE",""
"Interest income on the period  SALE  GA2J00000267 AT 5.25%  3 500 000 000 099OTAP243530001		","099000w243540001","511800101","XAF",,134917808,19-DEC-24,"C","CHEICHEID059","MBATOHID0012","TXN_AMT",19-DEC-24,"","000w","CREANCES RATTACHEES - MANUELLES","DE",""
"interest income on PURCHASE  CG2A00000585   AT 5.5 % 3 500 000 000 099OTAP243540001		","099000y243540001","511800101","XAF",,3691781,19-DEC-24,"D","CHEICHEID059","MBATOHID0012","TXN_AMT",19-DEC-24,"","000y","CREANCES RATTACHEES - MANUELLES","DE",""
"Interest income on the period  SALES security CG2A00000585 3 500 000 000 5.5% 099OTAP243470005","099000z243540001","511800101","XAF",,3155738,19-DEC-24,"D","CHEICHEID059","MBATOHID0012","TXN_AMT",19-DEC-24,"","000z","CREANCES RATTACHEES - MANUELLES","DE",""
"interest income on   PURCHASE  GA2K00000074 AT 6.5% 5 000 000 000 099OTAP243580001","099000y243580001","511800101","XAF",,228835616,23-DEC-24,"D","BINEID00087","MBATOHID0012","TXN_AMT",23-DEC-24,"","000y","CREANCES RATTACHEES - MANUELLES","DE",""
"annual interest PURCAHSE  of the security of CG2A00000353 335 950 000  5.5% 099OTAP240950003","0990001243590001","511800101","XAF",,8127971,24-DEC-24,"C","BINEID00087","MBATOHID0012","TXN_AMT",24-DEC-24,"","0001","CREANCES RATTACHEES - MANUELLES","DE",""
"annual interest income on the period  SALES security CM2A00000104  2 805 000 000 6 % 099OTAP243480003","0990009243590001","511800101","XAF",,165081148,24-DEC-24,"C","BINEID00087","MBATOHID0012","TXN_AMT",24-DEC-24,"","0009","CREANCES RATTACHEES - MANUELLES","DE",""
"interest income on   PURCHASE  GA2J00000358 AT 5.50% 1 500 000 000 099OTAP243590002","099000s243590001","511800101","XAF",,49952055,24-DEC-24,"D","BINEID00087","MBATOHID0012","TXN_AMT",24-DEC-24,"","000s","CREANCES RATTACHEES - MANUELLES","DE",""
"annual interest income on the period  SALES security GA2K00000074 5  000 000 000 6.5 % 099OTAP243580001","0990015243590001","511800101","XAF",,228835616,24-DEC-24,"C","BINEID00087","MBATOHID0012","TXN_AMT",24-DEC-24,"","0015","CREANCES RATTACHEES - MANUELLES","DE",""
"interest income on   PURCHASE  GA2J00000267 AT 5.25% 3 500 000 000 099OTAP243590003","0990017243590001","511800101","XAF",,137938356,24-DEC-24,"D","BINEID00087","MBATOHID0012","TXN_AMT",24-DEC-24,"","0017","CREANCES RATTACHEES - MANUELLES","DE",""
"Accrued interest PURCAHSE  of the security of GQ2K00000039  229 300 000  7% 099OTAP243270001","099001g243590001","511800101","XAF",,4854450,24-DEC-24,"D","BINEID00087","MBATOHID0012","TXN_AMT",24-DEC-24,"","001g","CREANCES RATTACHEES - MANUELLES","DE",""
"Accrued interest at sales of GQ2K00000039  229 300 000  7% 099OTAP243270001","099001g243590001","511800101","XAF",,3781879,24-DEC-24,"C","BINEID00087","MBATOHID0012","TXN_AMT",24-DEC-24,"","001g","CREANCES RATTACHEES - MANUELLES","DE",""
"interest income on   PURCHASE  CM2B00000095 AT 5.50% 1 500 000 000 099OTAP241150001","0990004243610001","511800101","XAF",,234178082,26-DEC-24,"D","BINEID00087","MBATOHID0012","TXN_AMT",26-DEC-24,"","0004","CREANCES RATTACHEES - MANUELLES","DE",""
"Interest income on the period  SALES security GA2J00000267  3 500 000 000  5.25 % 099OTAP243590003","0990006243610001","511800101","XAF",,137938356,26-DEC-24,"C","BINEID00087","MBATOHID0012","TXN_AMT",26-DEC-24,"","0006","CREANCES RATTACHEES - MANUELLES","DE",""
"Interest income on the period  SALES security GA2J00000358  1 500 000 000  5.50 % 099OTAP243590002","0990009243610001","511800101","XAF",,49952055,26-DEC-24,"C","BINEID00087","MBATOHID0012","TXN_AMT",26-DEC-24,"","0009","CREANCES RATTACHEES - MANUELLES","DE",""
"Accrued interest at sales of GA2B00000174  2 000 000 000  6.5% 099OTAP242490003","099000k243660001","511800101","XAF",,94125683,31-DEC-24,"C","BINEID00087","MBATOHID0012","TXN_AMT",31-DEC-24,"","000k","CREANCES RATTACHEES - MANUELLES","DE",""
"Accrued interest Purchase of the security CM2A00000104  6% 099OTAP243660001  2 800 000 000","099001n243660001","511800101","XAF",,1380822,31-DEC-24,"D","BINEID00087","MBATOHID0012","TXN_AMT",31-DEC-24,"","001n","CREANCES RATTACHEES - MANUELLES","DE",""
"RECLASSEMENT Accrued interest PURCAHSE of the security of GQ2K00000039 229 300 000 7% 099OTAP243270001","0990021243660001","511800101","XAF",,3781879,31-DEC-24,"D","BINEID00087","MBATOHID0012","TXN_AMT",31-DEC-24,"","0021","CREANCES RATTACHEES - MANUELLES","DE",""
"interest income on   PURCHASE  GA2B00000091  AT 6.25% 6.685.350.000XAF  099OTAP250030002","099000d250030001","511800101","XAF",,365319672,03-JAN-25,"D","BINEID00087","MBATOHID0012","TXN_AMT",03-JAN-25,"","000d","CREANCES RATTACHEES - MANUELLES","DE",""
"Interest income on the period  SALE  CM2A00000104   2 800 000 000 6%  099OTAP243660001","0990003250060001","511800101","XAF",,1380822,06-JAN-25,"C","CHEICHEID059","MBOGID000083","TXN_AMT",06-JAN-25,"","0003","CREANCES RATTACHEES - MANUELLES","DE",""
"interest income on  PURCHASE  GA2J00000283   AT 5.5 %  3 185 350 000  099OTAP250060002		","099000k250060001","511800101","XAF",,172314345,06-JAN-25,"D","CHEICHEID059","MBOGID000083","TXN_AMT",06-JAN-25,"","000k","CREANCES RATTACHEES - MANUELLES","DE",""
"Interest income on the period  SALE  GA2B00000091 6.25%   6 685 350 000 099OTAP250030002","099000l250060001","511800101","XAF",,365319672,06-JAN-25,"C","CHEICHEID059","MBOGID000083","TXN_AMT",06-JAN-25,"","000l","CREANCES RATTACHEES - MANUELLES","DE",""
"interest income on  PURCHASE  GA2J00000267   AT 5.5 % 3 500 000 000  099OTAP250060004		","099000n250060001","511800101","XAF",,144482877,06-JAN-25,"D","CHEICHEID059","MBOGID000083","TXN_AMT",06-JAN-25,"","000n","CREANCES RATTACHEES - MANUELLES","DE",""
"PURCHASE OF SECURITY  CM2A00000104 6% 2 755 000 000 099OTAP250060001","0990009250060001","511800101","XAF",,7698904,06-JAN-25,"D","CHEICHEID059","MBOGID000083","TXN_AMT",06-JAN-25,"","0009","CREANCES RATTACHEES - MANUELLES","DE",""
"Interest income on the period  SALE GA2J00000267 AT 5.25%  3 500 000 000 099OTAP250060004","099000o250070001","511800101","XAF",,144482877,07-JAN-25,"C","CHEICHEID059","MBOGID000083","TXN_AMT",07-JAN-25,"","000o","CREANCES RATTACHEES - MANUELLES","DE",""
"Interest income on the period  SALE GA2J00000283 AT 5.25%  3,185,350,000  099OTAP250060002		","099000p250070001","511800101","XAF",,172314345,07-JAN-25,"C","CHEICHEID059","MBOGID000083","TXN_AMT",07-JAN-25,"","000p","CREANCES RATTACHEES - MANUELLES","DE",""
"interest income on PURCHASE  GA2B00000091   AT 6.25 % 6 685 350 000 099OTAP250070002","099000s250070001","511800101","XAF",,369886168,07-JAN-25,"D","CHEICHEID059","MBOGID000083","TXN_AMT",07-JAN-25,"","000s","CREANCES RATTACHEES - MANUELLES","DE",""
"Interest income on the period  SALE  CM2A00000104  AT 6%  2 755 000 000 099OTAP243530001		","0990018250080001","511800101","XAF",,7698904,08-JAN-25,"C","CHEICHEID059","MBOGID000083","TXN_AMT",08-JAN-25,"","0018","CREANCES RATTACHEES - MANUELLES","DE",""
"ACCRUED INTEREST AT PURCHASE  CM2A00000104  AT 6%  2 735 000 000  099OTAP250080001","0990018250080001","511800101","XAF",,8092603,08-JAN-25,"D","CHEICHEID059","MBOGID000083","TXN_AMT",08-JAN-25,"","0018","CREANCES RATTACHEES - MANUELLES","DE",""
"Interest income on the period  SALE  CM2A00000112 AT 6%  4 950 000 000 099OTAP241940001","0990012250090001","511800101","XAF",,109549180,09-JAN-25,"C","CHEICHEID059","MBOGID000083","TXN_AMT",09-JAN-25,"","0012","CREANCES RATTACHEES - MANUELLES","DE",""
"interest income on  PURCHASE  CM2L00000028   AT 6 % 4 950 000 099OTAP250090002		","0990016250090001","511800101","XAF",,166808219,09-JAN-25,"D","CHEICHEID059","MBOGID000083","TXN_AMT",09-JAN-25,"","0016","CREANCES RATTACHEES - MANUELLES","DE",""
"interest income on   PURCHASE  GA2B00000109  AT 6.25% 2 000 000 000 099OTAP250100001","099000m250100001","511800101","XAF",,104452055,10-JAN-25,"D","DOUMAOS00039","MBOGID000083","TXN_AMT",10-JAN-25,"","000m","CREANCES RATTACHEES - MANUELLES","DE",""
"Interest income on the period  SALE   CG2A00000593 AT 6 %  3 000 000 000 099OTAP250090001		","099001b250100001","511800101","XAF",,452055,10-JAN-25,"C","CHEICHEID059","MBOGID000083","TXN_AMT",10-JAN-25,"","001b","CREANCES RATTACHEES - MANUELLES","DE",""
"interest income on   PURCHASE  CG2B00000063  AT 6% 3 000 000 000 099OTAP250100003		","099001c250100001","511800101","XAF",,140547945,10-JAN-25,"D","NDJOCKOS0067","MBOGID000083","TXN_AMT",10-JAN-25,"","001c","CREANCES RATTACHEES - MANUELLES","DE",""
"interest income on  PURCHASE OF SECURITY  CM2A00000112   AT 6% 4 950 000 000 099OTAP250150001		","099000h250150001","511800101","XAF",,261295082,15-JAN-25,"D","CHEICHEID059","MBOGID000083","TXN_AMT",15-JAN-25,"","000h","CREANCES RATTACHEES - MANUELLES","DE",""
"Interest income on the period  SALE  M2L00000028  AT 6%  4 950 000 000 099OTAP250090002","099000l250150001","511800101","XAF",,166808219,15-JAN-25,"C","CHEICHEID059","MBOGID000083","TXN_AMT",15-JAN-25,"","000l","CREANCES RATTACHEES - MANUELLES","DE",""
"interest income on   PURCHASE  CM2L00000028  AT 6 %  4 950 000 000 099OTAP250150002		","099001b250150001","511800101","XAF",,171690411,15-JAN-25,"D","CHEICHEID059","MBOGID000083","TXN_AMT",15-JAN-25,"","001b","CREANCES RATTACHEES - MANUELLES","DE",""
"interest income on   PURCHASE  CM2L00000036  AT 5.9 %  5 000 000 000 099OTAP250170001		","099000y250170001","511800101","XAF",,42027397,17-JAN-25,"D","CHEICHEID059","MBOGID000083","TXN_AMT",17-JAN-25,"","000y","CREANCES RATTACHEES - MANUELLES","DE",""
"interest income on   PURCHASE  GA2B00000109 AT 6.25% 2.000.000.000XAF 099OTAP250200001","0990015250200001","511800101","XAF",,107876712,20-JAN-25,"D","BINEID00087","MBOGID000083","TXN_AMT",20-JAN-25,"","0015","CREANCES RATTACHEES - MANUELLES","DE",""
"Interest income on the period   SALE GA2B00000109 AT 6.25% 2 000 000 000 099OTAP250100001		","099001a250200001","511800101","XAF",,104452055,20-JAN-25,"C","CHEICHEID059","MBOGID000083","TXN_AMT",20-JAN-25,"","001a","CREANCES RATTACHEES - MANUELLES","DE",""
"Interest income on the period  SALE   CG2A00000593 AT 6 %  3 000 000 000 099OTAP250090001  ","099000o250210001","511800101","XAF",,452055,21-JAN-25,"D","CHEICHEID059","MBOGID000083","TXN_AMT",21-JAN-25,"","000o","CREANCES RATTACHEES - MANUELLES","DE",""
"Interest income on the period   SALE GA2B00000109 AT 6.25% 2 000 000 000 099OTAP250200001		","099000r250210001","511800101","XAF",,107876712,21-JAN-25,"C","CHEICHEID059","MBOGID000083","TXN_AMT",21-JAN-25,"","000r","CREANCES RATTACHEES - MANUELLES","DE",""
"interest income on PURCHASE  GA2B00000109   AT 6.25 % 2 000 000 000 099OTAP250210001		","099000s250210001","511800101","XAF",,108219178,21-JAN-25,"D","CHEICHEID059","MBOGID000083","TXN_AMT",21-JAN-25,"","000s","CREANCES RATTACHEES - MANUELLES","DE",""
"Accrued interest at sales of GA2B00000125  4 000 000 000  6.5% 099OTAP243340002","0990011250240001","511800101","XAF",,2849315,24-JAN-25,"C","BINEID00087","MBOGID000083","TXN_AMT",24-JAN-25,"","0011","CREANCES RATTACHEES - MANUELLES","DE",""
"Accrued interest PURCAHSE  of the security of GA2B00000125  2  500 000 000  6.5% 099OTAP250240001","0990011250240001","511800101","XAF",,16027397,24-JAN-25,"D","BINEID00087","MBOGID000083","TXN_AMT",24-JAN-25,"","0011","CREANCES RATTACHEES - MANUELLES","DE",""
"Accrued interest at sales of GQ2K00000039  212710000  7% 099OTAP243590004","0990008250270001","511800101","XAF",,4854450,27-JAN-25,"C","BINEID00087","IHOYID000023","TXN_AMT",27-JAN-25,"","0008","CREANCES RATTACHEES - MANUELLES","DE",""
"Accrued interest PURCAHSE  of the security of GQ2K00000039  212710000  7% 099OTAP225070001","0990008250270001","511800101","XAF",,6021367,27-JAN-25,"D","BINEID00087","IHOYID000023","TXN_AMT",27-JAN-25,"","0008","CREANCES RATTACHEES - MANUELLES","DE",""
"Accrued interest PURCAHSE  of the security of GA2B00000091  4 685 350 000   6.25% 099OTAP250280001","099000s250280001","511800101","XAF",,276032403,28-JAN-25,"D","BINEID00087","MBOGID000083","TXN_AMT",28-JAN-25,"","000s","CREANCES RATTACHEES - MANUELLES","DE",""
"Accrued interest at sales of GA2B00000091  6 685 350 000   6.25% 099OTAP250070002","099000s250280001","511800101","XAF",,369886168,28-JAN-25,"C","BINEID00087","MBOGID000083","TXN_AMT",28-JAN-25,"","000s","CREANCES RATTACHEES - MANUELLES","DE",""
"Interest income on the period  SALES security CM2L0000028  4 950 000 000 6 % 099OTAP250150002","099000i250290001","511800101","XAF",,171690411,29-JAN-25,"C","BINEID00087","MBOGID000083","TXN_AMT",29-JAN-25,"","000i","CREANCES RATTACHEES - MANUELLES","DE",""
"Interest income on the period  SALES security CM2L0000103  1 000 000 000 5.25 % 099OTAP241240005","0990014250290001","511800101","XAF",,6760274,29-JAN-25,"C","BINEID00087","MBOGID000083","TXN_AMT",29-JAN-25,"","0014","CREANCES RATTACHEES - MANUELLES","DE",""
"Interest income on the period  SALES security CM2J00000121  1 000 000 000 6.25 % 099OTAP241920008","0990016250290001","511800101","XAF",,7020548,29-JAN-25,"C","BINEID00087","MBOGID000083","TXN_AMT",29-JAN-25,"","0016","CREANCES RATTACHEES - MANUELLES","DE",""
"Interest income on the period   SALE CG2J00000503  AT 5.9% 1 931 030 000 099OTAP242490007  ","0990018250290001","511800101","XAF",,67549118,29-JAN-25,"C","CHEICHEID059","MBOGID000083","TXN_AMT",29-JAN-25,"","0018","CREANCES RATTACHEES - MANUELLES","DE",""
"Interest income on the period  SALES security CM2L00000093  1 000 000 000 7 % 099OTAP241920005","099001a250290001","511800101","XAF",,7841530,29-JAN-25,"C","BINEID00087","MBOGID000083","TXN_AMT",29-JAN-25,"","001a","CREANCES RATTACHEES - MANUELLES","DE",""
"interest income on PURCHASE  CG2B00000014   AT 6.5 % 1 947 530 000 099OTAP250290002","099001e250290001","511800101","XAF",,29479735,29-JAN-25,"D","CHEICHEID059","MBOGID000083","TXN_AMT",29-JAN-25,"","001e","CREANCES RATTACHEES - MANUELLES","DE",""
"Interest income on the period   SALE CM2L00000028  AT 6% 20 000 000 099OTAP242070009  ","099001k250290001","511800101","XAF",,118356,29-JAN-25,"C","CHEICHEID059","MBOGID000083","TXN_AMT",29-JAN-25,"","001k","CREANCES RATTACHEES - MANUELLES","DE",""
"interest income on   PURCHASE  CM2A00000138  AT 6 %  5 050 000 000 099OTAP250300002","099000k250300001","511800101","XAF",,203383562,30-JAN-25,"D","CHEICHEID059","MBATOHID0012","TXN_AMT",30-JAN-25,"","000k","CREANCES RATTACHEES - MANUELLES","DE",""
"interest income on   PURCHASE  CM2L00000028  AT 6 %  5 000 000 000 099OTAP250300003		","099000l250300001","511800101","XAF",,184931507,30-JAN-25,"D","CHEICHEID059","MBATOHID0012","TXN_AMT",30-JAN-25,"","000l","CREANCES RATTACHEES - MANUELLES","DE",""
"Interest income on the period   SALE CM2L00000036 AT 5.9% 5 000 000 000 099OTAP250170001","0990006250310001","511800101","XAF",,42027397,31-JAN-25,"C","CHEICHEID059","MBATOHID0012","TXN_AMT",31-JAN-25,"","0006","CREANCES RATTACHEES - MANUELLES","DE",""
"Accrued interest PURCAHSE  of the security of CM2B00000104  2685000000  6% 099OTAP250340002","099001f250340001","511800101","XAF",,19861644,03-FEB-25,"D","BINEID00087","MBATOHID0012","TXN_AMT",03-FEB-25,"","001f","CREANCES RATTACHEES - MANUELLES","DE",""
"Accrued interest at sales of CM2B00000104  2735000000  6% 099OTAP250080001","099001f250340001","511800101","XAF",,8092603,03-FEB-25,"C","BINEID00087","MBATOHID0012","TXN_AMT",03-FEB-25,"","001f","CREANCES RATTACHEES - MANUELLES","DE",""
"interest income on   PURCHASE  CM2L0000028 AT 6% 1 530 000 000 099OTAP250350001","0990011250350001","511800101","XAF",,58098082,04-FEB-25,"D","BINEID00087","MBATOHID0012","TXN_AMT",04-FEB-25,"","0011","CREANCES RATTACHEES - MANUELLES","DE",""
"interest income on   PURCHASE  CM2L0000028 AT 6% 1 530 000 000 099OTAP250350001","0990011250350001","511800101","XAF",,58098082,04-FEB-25,"C","BINEID00087","MBATOHID0012","TXN_AMT",04-FEB-25,"","0011","CREANCES RATTACHEES - MANUELLES","DE",""
"interest income on   PURCHASE  CM2B00000103 AT 5.25% 1 000 000 000 099OTAP250350003","0990012250350001","511800101","XAF",,46746575,04-FEB-25,"D","BINEID00087","MBATOHID0012","TXN_AMT",04-FEB-25,"","0012","CREANCES RATTACHEES - MANUELLES","DE",""
"interest income on   PURCHASE  CM2L00000121 AT 6.25% 1 000 000 000 099OTAP250350004","0990015250350001","511800101","XAF",,42979452,04-FEB-25,"D","BINEID00087","MBATOHID0012","TXN_AMT",04-FEB-25,"","0015","CREANCES RATTACHEES - MANUELLES","DE",""
"interest income on   PURCHASE  CM2L00000093 AT 7% 1 000 000 000 099OTAP250350005","0990016250350001","511800101","XAF",,48136986,04-FEB-25,"D","BINEID00087","MBATOHID0012","TXN_AMT",04-FEB-25,"","0016","CREANCES RATTACHEES - MANUELLES","DE",""
"interest income on   PURCHASE  CG2J00000321 AT 5.75% 16 500 000 099OTAP250350006","0990017250350001","511800101","XAF",,41589,04-FEB-25,"D","BINEID00087","MBATOHID0012","TXN_AMT",04-FEB-25,"","0017","CREANCES RATTACHEES - MANUELLES","DE",""
"interest income on   PURCHASE  CM2L00000028 AT 6% 20 000 000 099OTAP250350007","0990019250350001","511800101","XAF",,759452,04-FEB-25,"D","BINEID00087","MBATOHID0012","TXN_AMT",04-FEB-25,"","0019","CREANCES RATTACHEES - MANUELLES","DE",""
"Accrued interest PURCHASE  of  security GA2B00000125 217 550 000  6.5 % 099OTAP250350008		","099001a250350001","511800101","XAF",,2750666,04-FEB-25,"D","CHEICHEID059","MBATOHID0012","TXN_AMT",04-FEB-25,"","001a","CREANCES RATTACHEES - MANUELLES","DE",""
"interest income on   PURCHASE  CG2J00000503 AT 5.9% 1 931 030 000 099OTAP250360001","099001c250360001","511800101","XAF",,936417,05-FEB-25,"D","BINEID00087","MBATOHID0012","TXN_AMT",05-FEB-25,"","001c","CREANCES RATTACHEES - MANUELLES","DE",""
"interest income on   PURCHASE  CM2L00000044 AT 6% 250 000 000 099OTAP250360002","099001g250360001","511800101","XAF",,3287671,05-FEB-25,"D","BINEID00087","MBATOHID0012","TXN_AMT",05-FEB-25,"","001g","CREANCES RATTACHEES - MANUELLES","DE",""
"Interest income on the period  SALES security CM2A00000138  5 050 000 000 6 % 099OTAP250300002","099001l250360001","511800101","XAF",,203383562,05-FEB-25,"C","BINEID00087","MBATOHID0012","TXN_AMT",05-FEB-25,"","001l","CREANCES RATTACHEES - MANUELLES","DE",""
"Interest income on the period  SALES security CG2B00000014 1 947 530 000 6.5 % 099OTAP250290002","099001m250360001","511800101","XAF",,29479735,05-FEB-25,"C","BINEID00087","MBATOHID0012","TXN_AMT",05-FEB-25,"","001m","CREANCES RATTACHEES - MANUELLES","DE",""
"Accrued interest at sales of GA2B00000091  4 685 350 000  6.25% 099OTAP250280001","099000l250370001","511800101","XAF",,276032403,06-FEB-25,"C","BINEID00087","MBATOHID0012","TXN_AMT",06-FEB-25,"","000l","CREANCES RATTACHEES - MANUELLES","DE",""
"Accrued interest PURCAHSE  of the security of GA2B00000091  4 681 750 000  6.25% 099OTAP250370001","099000l250370001","511800101","XAF",,283015625,06-FEB-25,"D","BINEID00087","MBATOHID0012","TXN_AMT",06-FEB-25,"","000l","CREANCES RATTACHEES - MANUELLES","DE",""
"ANNUAL  interest at sales of CG2J00000321  16 500 000  5.75% 099OTAP240540001","0990014250370001","511800101","XAF",,85415,06-FEB-25,"C","BINEID00087","MBATOHID0012","TXN_AMT",06-FEB-25,"","0014","CREANCES RATTACHEES - MANUELLES","DE",""
"interest income on PURCHASE CM2L0000028 AT 6% 1 530 000 000 099OTAP250350001","099000s250380001","511800101","XAF",,58098082,07-FEB-25,"D","BINEID00087","MBATOHID0012","TXN_AMT",07-FEB-25,"","000s","CREANCES RATTACHEES - MANUELLES","DE",""
"interest income on   PURCHASE  CG2A00000593 AT 5.5% 3 000 000 000 099OTAP250380001","099001r250380001","511800101","XAF",,13109589,07-FEB-25,"D","BINEID00087","MBATOHID0012","TXN_AMT",07-FEB-25,"","001r","CREANCES RATTACHEES - MANUELLES","DE",""
"interest income on PURCHASE  CG2J00000321   AT 5.75 % 60 000 000 099OTAP250380003","099001p250380001","511800101","XAF",,179589,07-FEB-25,"D","CHEICHEID059","MBATOHID0012","TXN_AMT",07-FEB-25,"","001p","CREANCES RATTACHEES - MANUELLES","DE",""
"Discount income AT Purchase of the CM2B0000087  500 000 000 5.50 % 099OTAP240670002","099001t250380001","511800101","XAF",,140547945,07-FEB-25,"C","BINEID00087","MBATOHID0012","TXN_AMT",07-FEB-25,"","001t","CREANCES RATTACHEES - MANUELLES","DE",""
"Interest income on the period  SALES  CM2L00000028 AT 6% 5 000 000 000 099OTAP250300003		","099000a250430001","511800101","XAF",,184931507,12-FEB-25,"C","CHEICHEID059","MBATOHID0012","TXN_AMT",12-FEB-25,"","000a","CREANCES RATTACHEES - MANUELLES","DE",""
"interest income on PURCHASE  CM2L00000036   AT 5.9 % 5 000 000 000  099OTAP250430001		","0990011250430001","511800101","XAF",,63041096,12-FEB-25,"D","CHEICHEID059","MBATOHID0012","TXN_AMT",12-FEB-25,"","0011","CREANCES RATTACHEES - MANUELLES","DE",""
"interest income on   PURCHASE  CM2L00000028  AT 6 % 5  000 000 000 099OTAP250440001","099001h250440001","511800101","XAF",,197260274,13-FEB-25,"D","CHEICHEID059","MBATOHID0012","TXN_AMT",13-FEB-25,"","001h","CREANCES RATTACHEES - MANUELLES","DE",""
"Accrued interest PURCHASE of security GA2B00000125   117 550 000   6.5 % 099OTAP250490002","099000r250490001","511800101","XAF",,1758419,18-FEB-25,"D","CHEICHEID059","MBATOHID0012","TXN_AMT",18-FEB-25,"","000r","CREANCES RATTACHEES - MANUELLES","DE",""
"Interest income on the period  SALES security GA2B00000125   217 550 000   6.5  % 099OTAP250350008		","099000r250490001","511800101","XAF",,2750666,18-FEB-25,"C","CHEICHEID059","MBATOHID0012","TXN_AMT",18-FEB-25,"","000r","CREANCES RATTACHEES - MANUELLES","DE",""
"ANNUAL INTEREST  OF security of GA2B00000091  4 681 750 000  6.25% 099OTAP250370001		","099000w250490001","511800101","XAF",,283015625,18-FEB-25,"C","CHEICHEID059","MBATOHID0012","TXN_AMT",18-FEB-25,"","000w","CREANCES RATTACHEES - MANUELLES","DE",""
"Interest income on the period  SALES  CM2L00000028 AT 6% 5 000 000 000 099OTAP250440001","099000i250510001","511800101","XAF",,197260274,20-FEB-25,"C","CHEICHEID059","MBATOHID0012","TXN_AMT",20-FEB-25,"","000i","CREANCES RATTACHEES - MANUELLES","DE",""
"Interest income on the period SALE CM2L00000036 AT 5.9% 5 000 000 000 099OTAP250430001		","099000r250570001","511800101","XAF",,63041096,26-FEB-25,"C","CHEICHEID059","MBATOHID0012","TXN_AMT",26-FEB-25,"","000r","CREANCES RATTACHEES - MANUELLES","DE",""
"ANNUAL INTEREST INCOME RECIEVED PURCHASE OF SECURITY  CM2A00000112   AT 6% 4 950 000 000 099OTAP250150001  		","099000l250620001","511800101","XAF",,261295082,03-MAR-25,"C","CHEICHEID059","MBATOHID0012","TXN_AMT",03-MAR-25,"","000l","CREANCES RATTACHEES - MANUELLES","DE",""
"ANNUAL INTEREST INCOME OF XAF 3 000 000 000  CG2A00000478  RECIEVED 099OTAP243320002		","099000e250630001","511800101","XAF",,120279452,04-MAR-25,"C","CHEICHEID059","MBATOHID0012","TXN_AMT",04-MAR-25,"","000e","CREANCES RATTACHEES - MANUELLES","DE",""
"Interest income on the period  SALES security CM2L00000028  20 000 000  6 % 099OTAP250350007		","099001a250630001","511800101","XAF",,759452,04-MAR-25,"C","CHEICHEID059","MBATOHID0012","TXN_AMT",04-MAR-25,"","001a","CREANCES RATTACHEES - MANUELLES","DE",""
"Accrued interest  PURCAHSE  of the security CM2L00000028  15 420 000  6 % 099OTAP250630001		","099001a250630001","511800101","XAF",,646372,04-MAR-25,"D","CHEICHEID059","MBATOHID0012","TXN_AMT",04-MAR-25,"","001a","CREANCES RATTACHEES - MANUELLES","DE",""
"ANNUAL INTEREST INCOME OF XAF  2 000 000 000 GA2K00000025  RECIEVED 099OTAP242490005		","099000m250720001","511800101","XAF",,56082192,13-MAR-25,"C","CHEICHEID059","MBATOHID0012","TXN_AMT",13-MAR-25,"","000m","CREANCES RATTACHEES - MANUELLES","DE",""
"ANNUAL INTEREST INCOME OF XAF  2 000 000 000 GA2B00000109  RECIEVED 099OTAP25021000","099000r250720001","511800101","XAF",,121917808,13-MAR-25,"C","CHEICHEID059","MBATOHID0012","TXN_AMT",13-MAR-25,"","000r","CREANCES RATTACHEES - MANUELLES","DE",""
"ANNUAL INTEREST INCOME OF XAF  4 000 000 000 GA2B00000109  RECIEVED 099OTAP242490004","099000r250720001","511800101","XAF",,108219178,13-MAR-25,"C","CHEICHEID059","MBATOHID0012","TXN_AMT",13-MAR-25,"","000r","CREANCES RATTACHEES - MANUELLES","DE",""
"ANNUAL INTEREST INCOME OF XAF  1 000 000 000 CM2B00000103  RECIEVED 099OTAP250350003		","0990014250770001","511800101","XAF",,46746575,18-MAR-25,"C","CHEICHEID059","MBATOHID0012","TXN_AMT",18-MAR-25,"","0014","CREANCES RATTACHEES - MANUELLES","DE",""
"Interest income on the period  SALES   of the security GQ2K00000039  205 210 000  7 % 099OTAP250270001		","099000j250790001","511800101","XAF",,6021367,20-MAR-25,"C","CHEICHEID059","MBATOHID0012","TXN_AMT",20-MAR-25,"","000j","CREANCES RATTACHEES - MANUELLES","DE",""
"Accrued interest  PURCAHSE  of the security GQ2K00000039 185 950 000 099OTAP250790001","099000j250790001","511800101","XAF",,7203652,20-MAR-25,"D","CHEICHEID059","MBATOHID0012","TXN_AMT",20-MAR-25,"","000j","CREANCES RATTACHEES - MANUELLES","DE",""
"interest income on   PURCHASE  GQ2K00000021  AT 7% 8 500 000 099OTAP250800004		","099001n250800001","511800101","XAF",,381452,21-MAR-25,"D","NDJOCKOS0067","MBATOHID0012","TXN_AMT",21-MAR-25,"","001n","CREANCES RATTACHEES - MANUELLES","DE",""
"interest income on   PURCHASE  CG2J00000594  AT 6% 5 000 000 000 099OTAP250800005		","099001p250800001","511800101","XAF",,133150685,21-MAR-25,"D","NDJOCKOS0067","MBATOHID0012","TXN_AMT",21-MAR-25,"","001p","CREANCES RATTACHEES - MANUELLES","DE",""
"interest income on   PURCHASE  CQ2K00000039  AT 7% 3 000 000 099OTAP250840003		","0990018250840001","511800101","XAF",,120822,25-MAR-25,"D","NDJOCKOS0067","MBATOHID0012","TXN_AMT",25-MAR-25,"","0018","CREANCES RATTACHEES - MANUELLES","DE",""
"ANNUAL INTEREST INCOME OF XAF  982 000 000 GA2J00000267 RECIEVED 099OTAP242460002	","099000m250850001","511800101","XAF",,22740699,26-MAR-25,"C","CHEICHEID059","MBATOHID0012","TXN_AMT",26-MAR-25,"","000m","CREANCES RATTACHEES - MANUELLES","DE",""
"interest income at PURCHASE  CM2B00000095   AT 5.5 % 2 000 000 000  099OTAP250860001		","099001a250860001","511800101","XAF",,5424658,27-MAR-25,"D","CHEICHEID059","MBATOHID0012","TXN_AMT",27-MAR-25,"","001a","CREANCES RATTACHEES - MANUELLES","DE",""
"Accrued interest  PURCHASE  of  security GA2B00000166 10 000 000 AT 6.75%		","099001c250860001","511800101","XAF",,214521,27-MAR-25,"D","CHEICHEID059","MBATOHID0012","TXN_AMT",27-MAR-25,"","001c","CREANCES RATTACHEES - MANUELLES","DE",""
"Interest income on the period  SALES  CM2B00000095  AT 5.50 % 2 000 000 000 099OTAP250860001		","0990019250870001","511800101","XAF",,5424658,28-MAR-25,"C","CHEICHEID059","MBATOHID0012","TXN_AMT",28-MAR-25,"","0019","CREANCES RATTACHEES - MANUELLES","DE",""
"interest income on  PURCHASE  CG2A00000601   AT 5.75 % 2 000 000 000  099OTAP250870001","099001d250870001","511800101","XAF",,2520548,28-MAR-25,"D","CHEICHEID059","MBATOHID0012","TXN_AMT",28-MAR-25,"","001d","CREANCES RATTACHEES - MANUELLES","DE",""
"interest income on  PURCHASE  GA2B00000117   AT 6.25 % 2 000 000 000  099OTAP250870002		","099001f250870001","511800101","XAF",,80479452,28-MAR-25,"D","CHEICHEID059","MBATOHID0012","TXN_AMT",28-MAR-25,"","001f","CREANCES RATTACHEES - MANUELLES","DE",""
"interest income on  PURCHASE  GA2B00000117   AT 6.25 % 2 000 000 000  099OTAP250870002		","099001g250870001","511800101","XAF",,19531600,28-MAR-25,"D","CHEICHEID059","MBATOHID0012","TXN_AMT",28-MAR-25,"","001g","CREANCES RATTACHEES - MANUELLES","DE",""
"ANNUAL INTEREST INCOME OF XAF  2 500 000 000 CG2A00000486  RECIEVED 099OTAP243320003		","099000o250920001","511800101","XAF",,91917808,02-APR-25,"C","CHEICHEID059","MBATOHID0012","TXN_AMT",02-APR-25,"","000o","CREANCES RATTACHEES - MANUELLES","DE",""
"ACCRUED INTEREST OF PURCHASE  of the security GA2B00000166  10 000 000   6.75  % 099OTAP250860003		","0990012250920001","511800101","XAF",,214521,02-APR-25,"C","CHEICHEID059","MBATOHID0012","TXN_AMT",02-APR-25,"","0012","CREANCES RATTACHEES - MANUELLES","DE",""
"interest income on  PURCHASE  CM2J00000154   AT 6 % 4 200 000 000   099OTAP250930001		","099000x250930001","511800101","XAF",,5523288,03-APR-25,"D","CHEICHEID059","MBATOHID0012","TXN_AMT",03-APR-25,"","000x","CREANCES RATTACHEES - MANUELLES","DE",""
"interest income on  PURCHASE  GA2J00000391   AT 5.75  % 5 000 000 000 	099OTAP250930002","099000z250930001","511800101","XAF",,10239726,03-APR-25,"D","CHEICHEID059","MBATOHID0012","TXN_AMT",03-APR-25,"","000z","CREANCES RATTACHEES - MANUELLES","DE",""
"Interest income on the period  SALE CG2J00000594 AT 6% 5 000 000 000 099OTAP250800005		","0990013250930001","511800101","XAF",,133150685,03-APR-25,"C","CHEICHEID059","MBATOHID0012","TXN_AMT",03-APR-25,"","0013","CREANCES RATTACHEES - MANUELLES","DE",""
"Interest income on the period  SALES   security GQ2K00000039  185 950 000  7 % 099OTAP250790002		","099000f250970001","511800101","XAF",,7203652,07-APR-25,"C","CHEICHEID059","MBATOHID0012","TXN_AMT",07-APR-25,"","000f","CREANCES RATTACHEES - MANUELLES","DE",""
"Accrued interest  PURCAHSE  of the security   of  security GQ2K00000039  179 950 000 7 % 099OTAP250970001","099000f250970001","511800101","XAF",,7557900,07-APR-25,"D","CHEICHEID059","MBATOHID0012","TXN_AMT",07-APR-25,"","000f","CREANCES RATTACHEES - MANUELLES","DE",""
"ANNUAL INTEREST INCOME OF XAF  5 000 000 000 GA2K00000074  RECIEVED 099OTAP243610001","099000r250970001","511800101","XAF",,234178082,07-APR-25,"C","CHEICHEID059","MBATOHID0012","TXN_AMT",07-APR-25,"","000r","CREANCES RATTACHEES - MANUELLES","DE",""
"Accrued interest  PURCAHSE  of the security   of  security GQ2K00000039 34 290 000 at 7 %	","099000n251010001","511800101","XAF",,1492789,11-APR-25,"D","CHEICHEID059","MBATOHID0012","TXN_AMT",11-APR-25,"","000n","CREANCES RATTACHEES - MANUELLES","DE",""
"Interest income on the period   SALE GA2K00000041 AT 5.75% 642 400 000  099OTAP250870003		","099000s251060001","511800101","XAF",,19531600,16-APR-25,"C","CHEICHEID059","MBATOHID0012","TXN_AMT",16-APR-25,"","000s","CREANCES RATTACHEES - MANUELLES","DE",""
"Interest income on the period   SALE GA2B0000117 AT 6.25% 2 000 000 000 0099OTAP250870002		","099000t251060001","511800101","XAF",,80479452,16-APR-25,"C","CHEICHEID059","MBATOHID0012","TXN_AMT",16-APR-25,"","000t","CREANCES RATTACHEES - MANUELLES","DE",""
"interest income on   PURCHASE  GA2K00000132  AT 6.75  % 2 500 000 000  099OTAP251060001		","099000w251060001","511800101","XAF",,8458904,16-APR-25,"D","CHEICHEID059","MBATOHID0012","TXN_AMT",16-APR-25,"","000w","CREANCES RATTACHEES - MANUELLES","DE",""
"interest income on   SALE  GA2K00000082  AT 5.75% 3 000 000 000 099OTAP242460004  		","0990017251180001","511800101","XAF",,50095890,28-APR-25,"C","CHEICHEID059","MBOGID000083","TXN_AMT",28-APR-25,"","0017","CREANCES RATTACHEES - MANUELLES","DE",""
"interest income on  PURCHASE  CG2A00000437  AT 5.5  % 3 000 000 000  099OTAP251180001		","099001d251180001","511800101","XAF",,102164384,28-APR-25,"D","CHEICHEID059","MBOGID000083","TXN_AMT",28-APR-25,"","001d","CREANCES RATTACHEES - MANUELLES","DE",""
"interest income on  PURCHASE  CG2A00000437  AT 5  % 1 500 000 000  099OTAP251180002		","099001f251180001","511800101","XAF",,13561644,28-APR-25,"D","CHEICHEID059","MBOGID000083","TXN_AMT",28-APR-25,"","001f","CREANCES RATTACHEES - MANUELLES","DE",""
"interest income on   PURCHASE  GA2B00000083  AT 6.25  % 600 000 000  099OTAP251190003	","0990008251190001","511800101","XAF",,26506849,29-APR-25,"D","CHEICHEID059","MBOGID000083","TXN_AMT",29-APR-25,"","0008","CREANCES RATTACHEES - MANUELLES","DE",""
"interest income on    PURCHASE  GA2J00000382  AT 5.75  % 1 000 000 000 099OTAP251190004		","099000f251190001","511800101","XAF",,10397260,29-APR-25,"D","CHEICHEID059","MBOGID000083","TXN_AMT",29-APR-25,"","000f","CREANCES RATTACHEES - MANUELLES","DE",""
"interest income on   PURCHASE  GA2J0000341  AT 5.5  % 500 000 000 099OTAP251190005		","099000g251190001","511800101","XAF",,5876712,29-APR-25,"D","CHEICHEID059","MBOGID000083","TXN_AMT",29-APR-25,"","000g","CREANCES RATTACHEES - MANUELLES","DE",""
"interest income on   PURCHASE  GA2J0000333  AT 5.5  % 500 000 000 099OTAP251190006		","099000i251190001","511800101","XAF",,11150685,29-APR-25,"D","CHEICHEID059","MBOGID000083","TXN_AMT",29-APR-25,"","000i","CREANCES RATTACHEES - MANUELLES","DE",""
"interest income on    PURCHASE  GA2B00000117  AT 6.25  % 2 500 000 000 099OTAP251190008		","099000j251190001","511800101","XAF",,113869863,29-APR-25,"D","CHEICHEID059","MBOGID000083","TXN_AMT",29-APR-25,"","000j","CREANCES RATTACHEES - MANUELLES","DE",""
"interest income on   PURCHASE  GA2K00000033  AT 5.75  % 500 000 000  099OTAP251190010","0990009251190001","511800101","XAF",,27017123,29-APR-25,"D","CHEICHEID059","MBOGID000083","TXN_AMT",29-APR-25,"","0009","CREANCES RATTACHEES - MANUELLES","DE",""
"Accrued interest at  SALE CG2A000000593  AT 5.5% 3 000 000 000  099OTAP250380001		","099000a251200001","511800101","XAF",,13109589,30-APR-25,"C","CHEICHEID059","MBOGID000083","TXN_AMT",30-APR-25,"","000a","CREANCES RATTACHEES - MANUELLES","DE",""
"interest income on   PURCHASE  CM2l00000036  AT 6.25  % 4 200 000 000  099OTAP251200001		","099001c251200001","511800101","XAF",,105230137,30-APR-25,"D","CHEICHEID059","MBOGID000083","TXN_AMT",30-APR-25,"","001c","CREANCES RATTACHEES - MANUELLES","DE",""
"Accrued interest at  SALE  CM2J00000154 AT 6 % 4 200 000 000 099OTAP250930001		Accrued interest at  SALE  CM2J00000154 AT 6 % 4 200 000 000 099OTAP250930001		","0990018251200001","511800101","XAF",,5523288,30-APR-25,"C","CHEICHEID059","MBOGID000083","TXN_AMT",30-APR-25,"","0018","CREANCES RATTACHEES - MANUELLES","DE",""
"interest income on  PURCHASE CM2J00000154  AT 6  % 4 200 000 000 099OTAP251220001 		","099000t251220001","511800101","XAF",,25545205,02-MAY-25,"D","CHEICHEID059","MBOGID000083","TXN_AMT",02-MAY-25,"","000t","CREANCES RATTACHEES - MANUELLES","DE",""
"interest income on  SALE  CM2l00000036  AT 6.25  % 4 200 000 000  099OTAP251200001  		","099000x251220001","511800101","XAF",,105230137,02-MAY-25,"C","CHEICHEID059","MBOGID000083","TXN_AMT",02-MAY-25,"","000x","CREANCES RATTACHEES - MANUELLES","DE",""
"interest income on  PURCHASE  of the security of GQ2K00000039 10 000 000 7% 099OTAP251260001		","0990013251260001","511800101","XAF",,483288,06-MAY-25,"D","CHEICHEID059","MBOGID000083","TXN_AMT",06-MAY-25,"","0013","CREANCES RATTACHEES - MANUELLES","DE",""
"Interest income on the period  SALES  f the security GQ2K00000039  10 00 000 7 % 099OTAP251260001		","099000v251290001","511800101","XAF",,483288,09-MAY-25,"C","CHEICHEID059","MBATOHID0012","TXN_AMT",09-MAY-25,"","000v","CREANCES RATTACHEES - MANUELLES","DE",""
"Accrued interest  PURCAHSE  of the security GQ2K00000039  8 000 000 7 %  099OTAP251290001		","099000v251290001","511800101","XAF",,391233,09-MAY-25,"D","CHEICHEID059","MBATOHID0012","TXN_AMT",09-MAY-25,"","000v","CREANCES RATTACHEES - MANUELLES","DE",""
"Accrued interestPURCAHSE  of the security GA2B00000125 2 975 000 000 6.5 %   099OTAP251320001		","099001b251320001","511800101","XAF",,89005479,12-MAY-25,"D","CHEICHEID059","MBATOHID0012","TXN_AMT",12-MAY-25,"","001b","CREANCES RATTACHEES - MANUELLES","DE",""
"Interest income on the period  SALE of the security GA2B00000125  3 000 000 000 6.5 % 099OTAP243370001		","099001b251320001","511800101","XAF",,3739726,12-MAY-25,"C","CHEICHEID059","MBATOHID0012","TXN_AMT",12-MAY-25,"","001b","CREANCES RATTACHEES - MANUELLES","DE",""
"interest income on   SALE GA2B00000083 AT 6.25 % 600 000 000 099OTAP251190003 		","099000c251330001","511800101","XAF",,26506849,13-MAY-25,"C","CHEICHEID059","MBATOHID0012","TXN_AMT",13-MAY-25,"","000c","CREANCES RATTACHEES - MANUELLES","DE",""
"interest income on  SALE  GA2K00000033  AT 5.75  % 500 000 000  099OTAP251190010		","099000e251330001","511800101","XAF",,27017123,13-MAY-25,"C","CHEICHEID059","MBATOHID0012","TXN_AMT",13-MAY-25,"","000e","CREANCES RATTACHEES - MANUELLES","DE",""
"interest income on   SALE GA2J0000333  AT 5.5  % 500 000 000 099OTAP251190006  		","099000i251330001","511800101","XAF",,11150685,13-MAY-25,"C","CHEICHEID059","MBATOHID0012","TXN_AMT",13-MAY-25,"","000i","CREANCES RATTACHEES - MANUELLES","DE",""
"interest income on  SALE  GA2B00000117  AT 6.25  % 2 500 000 000 099OTAP251190008  		","099000k251330001","511800101","XAF",,113869863,13-MAY-25,"C","CHEICHEID059","MBATOHID0012","TXN_AMT",13-MAY-25,"","000k","CREANCES RATTACHEES - MANUELLES","DE",""
"interest income on   SALE GA2J0000341  AT 5.5  % 500 000 000 099OTAP251190005  		","099000l251330001","511800101","XAF",,5876712,13-MAY-25,"C","CHEICHEID059","MBATOHID0012","TXN_AMT",13-MAY-25,"","000l","CREANCES RATTACHEES - MANUELLES","DE",""
"interest income on  SALE CG2A00000437  AT 5.5  % 3 000 000 000  099OTAP251180001  		","099000n251330001","511800101","XAF",,102164384,13-MAY-25,"C","CHEICHEID059","MBATOHID0012","TXN_AMT",13-MAY-25,"","000n","CREANCES RATTACHEES - MANUELLES","DE",""
"interest income on  PURCHASE  GA2B00000174  AT 6.5  % 2 000 000 000  099OTAP251330002		","099000r251330001","511800101","XAF",,52712329,13-MAY-25,"D","CHEICHEID059","MBATOHID0012","TXN_AMT",13-MAY-25,"","000r","CREANCES RATTACHEES - MANUELLES","DE",""
" PURCHASE  CG2A00000593   AT 5.5  % 3 000 000 000  099OTAP251330003","099000q251330001","511800101","XAF",,55602740,13-MAY-25,"D","CHEICHEID059","MBATOHID0012","TXN_AMT",13-MAY-25,"","000q","CREANCES RATTACHEES - MANUELLES","DE",""
"interest income on   PURCHASE  GA2K00000082  AT 5.75  % 3 000 000 000 099OTAP251330001		","099000z251330001","511800101","XAF",,169191781,13-MAY-25,"D","CHEICHEID059","MBATOHID0012","TXN_AMT",13-MAY-25,"","000z","CREANCES RATTACHEES - MANUELLES","DE",""
"interest income on  PURCHASE  GA2B00000182  AT6.75  % 1 000 000 000 099OTAP251330004		","0990013251330001","511800101","XAF",,14794521,13-MAY-25,"D","CHEICHEID059","MBATOHID0012","TXN_AMT",13-MAY-25,"","0013","CREANCES RATTACHEES - MANUELLES","DE",""
"interest income on SALES GA2J00000382  AT 5.75  % 1 000 000 000 099OTAP251190004  ","099000f251330001","511800101","XAF",,10397260,13-MAY-25,"C","CHEICHEID059","MBATOHID0012","TXN_AMT",13-MAY-25,"","000f","CREANCES RATTACHEES - MANUELLES","DE",""
"interest income on  SALE GA2A00000217  AT 5  %  1 500 000 000  099OTAP251180002		","0990019251330001","511800101","XAF",,13561644,13-MAY-25,"C","CHEICHEID059","MBATOHID0012","TXN_AMT",13-MAY-25,"","0019","CREANCES RATTACHEES - MANUELLES","DE",""
"interest income on   PURCHASE  GA2K00000025  AT 5.75  % 2 000 000 000 099OTAP251330005","099001a251330001","511800101","XAF",,19534247,13-MAY-25,"D","CHEICHEID059","MBATOHID0012","TXN_AMT",13-MAY-25,"","001a","CREANCES RATTACHEES - MANUELLES","DE",""
"ANNUAL interest income on   PURCHASE  GA2K00000082  AT 5.75  % 3 000 000 000 099OTAP251330001  		","099001z251420001","511800101","XAF",,169191781,22-MAY-25,"C","CHEICHEID059","MBATOHID0012","TXN_AMT",22-MAY-25,"","001z","CREANCES RATTACHEES - MANUELLES","DE",""
"interest income on  SALES  CM2K00000060 AT 6.5% 5,054,100,000 099OTAP242550003		","0990013251430001","511800101","XAF",,94504747,23-MAY-25,"C","CHEICHEID059","MBATOHID0012","TXN_AMT",23-MAY-25,"","0013","CREANCES RATTACHEES - MANUELLES","DE",""
"Accrued interest  PURCHASE of security CM2K00000060 5 004 100 000 AT 6.5%		","0990013251430001","511800101","XAF",,319644230,23-MAY-25,"D","CHEICHEID059","MBATOHID0012","TXN_AMT",23-MAY-25,"","0013","CREANCES RATTACHEES - MANUELLES","DE",""
"interest income on SALE CG2A00000601 AT 5.75 % 2 000 000 000 099OTAP250870001		","099001i251430001","511800101","XAF",,2520548,23-MAY-25,"C","CHEICHEID059","MBATOHID0012","TXN_AMT",23-MAY-25,"","001i","CREANCES RATTACHEES - MANUELLES","DE",""
"interest income on PURCHASE  CG2A00000601 AT 5.75 % 1 000 000 000 		","099001i251430001","511800101","XAF",,10082192,23-MAY-25,"D","CHEICHEID059","MBATOHID0012","TXN_AMT",23-MAY-25,"","001i","CREANCES RATTACHEES - MANUELLES","DE",""
"ANNUAL interest income on   PURCHASE  CM2L00000121 AT 6.25% 1 000 000 000 099OTAP250350004		","0990025251500001","511800101","XAF",,42979452,30-MAY-25,"C","CHEICHEID059","MBATOHID0012","TXN_AMT",30-MAY-25,"","0025","CREANCES RATTACHEES - MANUELLES","DE",""
"ANNUAL interest income on   PURCHASE  CM2L00000093 AT 7% 1 000 000 000 099OTAP250350005		","0990026251500001","511800101","XAF",,48136986,30-MAY-25,"C","CHEICHEID059","MBATOHID0012","TXN_AMT",30-MAY-25,"","0026","CREANCES RATTACHEES - MANUELLES","DE",""
"ANNUAL Accrued interest  PURCHASE of security CM2K00000060 5 004 100 000 AT 6.5%  	099OTAP251430001	""		","0990029251500001","511800101","XAF",,319644230,30-MAY-25,"C","CHEICHEID059","MBATOHID0012","TXN_AMT",30-MAY-25,"","0029","CREANCES RATTACHEES - MANUELLES","DE",""
"Interest income on the period  SALES security GA2K00000025  2 000 000 000 5.75 % 099OTAP251330005","099001j251550001","511800101","XAF",,19534247,04-JUN-25,"C","BINEID00087","MBATOHID0012","TXN_AMT",04-JUN-25,"","001j","CREANCES RATTACHEES - MANUELLES","DE",""
"Accrued interest  PURCHASE of security GA2K00000082 2 180 000 000   5.75%  099OTAP251550001		","099000f251560001","511800101","XAF",,6197397,05-JUN-25,"D","NDJOCKOS0067","MBATOHID0012","TXN_AMT",05-JUN-25,"","000f","CREANCES RATTACHEES - MANUELLES","DE",""
"Accrued interest PURCAHSE  of the security of GA2B00000125  2 950 000 000  6.5% 099OTAP251560001","099000v251560001","511800101","XAF",,100865753,05-JUN-25,"D","BINEID00087","MBATOHID0012","TXN_AMT",05-JUN-25,"","000v","CREANCES RATTACHEES - MANUELLES","DE",""
"Accrued interest at sales of GA2B00000125  2.975.000.000  6.5% 099OTAP251320001","099000v251560001","511800101","XAF",,89005479,05-JUN-25,"C","BINEID00087","MBATOHID0012","TXN_AMT",05-JUN-25,"","000v","CREANCES RATTACHEES - MANUELLES","DE",""
"Accrued interest PURCAHSE  of the security of CG2J00000321  6.500.000  5.75% 099OTAP251560003","0990011251560001","511800101","XAF",,41589,05-JUN-25,"C","BINEID00087","MBATOHID0012","TXN_AMT",05-JUN-25,"","0011","CREANCES RATTACHEES - MANUELLES","DE",""
"interest income on   PURCHASE  GA2B00000208 AT 6.75% 5 000 000 000 099OTAP251560005","099001d251560001","511800101","XAF",,31438356,05-JUN-25,"D","BINEID00087","MBATOHID0012","TXN_AMT",05-JUN-25,"","001d","CREANCES RATTACHEES - MANUELLES","DE",""
"Accrued interest PURCAHSE  of the security of GA2A00000316  1120000000  6.25% 099OTAP251560004","099001n251560001","511800101","XAF",,6520548,05-JUN-25,"D","BINEID00087","MBATOHID0012","TXN_AMT",05-JUN-25,"","001n","CREANCES RATTACHEES - MANUELLES","DE",""
"interest income on  PURCHASE CM2J00000154  AT 6  % 4 200 000 000 099OTAP251220001 		","099000l251610001","511800101","XAF",,33390411,10-JUN-25,"D","CHEICHEID059","MBATOHID0012","TXN_AMT",10-JUN-25,"","000l","CREANCES RATTACHEES - MANUELLES","DE",""
"interest income on  SALE  GA2B00000208  AT 6.75  % 5 000 000 000  099OTAP251560005  		","099000m251610001","511800101","XAF",,31438356,10-JUN-25,"C","CHEICHEID059","MBATOHID0012","TXN_AMT",10-JUN-25,"","000m","CREANCES RATTACHEES - MANUELLES","DE",""
"interest income on   PURCHASE  CM2K00000060  AT 6.5% 5 004 100 000 099OTAP251610002		","0990010251610001","511800101","XAF",,10664475,10-JUN-25,"D","NDJOCKOS0067","MBATOHID0012","TXN_AMT",10-JUN-25,"","0010","CREANCES RATTACHEES - MANUELLES","DE",""
"interest income on   PURCHASE  CM2A00000112  AT 6% 4 950 000 000 099OTAP251610003		","0990011251610001","511800101","XAF",,82770492,10-JUN-25,"D","NDJOCKOS0067","MBATOHID0012","TXN_AMT",10-JUN-25,"","0011","CREANCES RATTACHEES - MANUELLES","DE",""
"Accrued interest  PURCAHSE  of the security GQ2K00000039 3 440 000  099OTAP251630001","099001r251630001","511800101","XAF",,190661,12-JUN-25,"D","CHEICHEID059","MBATOHID0012","TXN_AMT",12-JUN-25,"","001r","CREANCES RATTACHEES - MANUELLES","DE",""
"Interest income on the period  SALES   of the security GQ200000039  34 290 000  7 % 099OTAP251010001		","099001r251630001","511800101","XAF",,1492789,12-JUN-25,"C","CHEICHEID059","MBATOHID0012","TXN_AMT",12-JUN-25,"","001r","CREANCES RATTACHEES - MANUELLES","DE",""
"Opearational Loss on accrued Interest May 2022 - June 2025","099002f262120001","511800101","XAF",,314918217,31-JUL-26,"C","POMOOS0015","MBATOHID0012","TXN_AMT",31-JUL-26,"","002f","CREANCES RATTACHEES - MANUELLES","DE",""
"PAIEMENT SYGARO S202123501536/251231/7058710 9910","0990010260860001","601200100","XAF",,13518454,27-MAR-26,"D","CHEICHEID059","ZOGOID000241","TXN_AMT",27-MAR-26,"","0010","INT. SUR OPS MARCHE MONETAIRE - BEAC","DE",""
"PAIEMENT SYGARO 113147962/260401","099001u260920001","601200100","XAF",,8363917,02-APR-26,"D","CHEICHEID059","ZOGOID000241","TXN_AMT",02-APR-26,"","001u","INT. SUR OPS MARCHE MONETAIRE - BEAC","DE",""
"PAIEMENT SYGARO P041426 OF 17TH JUL 2026","099000x262100001","601200100","XAF",,16478847,29-JUL-26,"D","TOKAID000203","ZOGOID000241","TXN_AMT",29-JUL-26,"","000x","INT. SUR OPS MARCHE MONETAIRE - BEAC","DE",""
"RCLSS PAIEMENT SYGARO REF: 102118948/260611 du 11 June 2026   ","099002f262120001","601200100","XAF",,14632826,31-JUL-26,"D","POMOOS0015","MBATOHID0012","TXN_AMT",31-JUL-26,"","002f","INT. SUR OPS MARCHE MONETAIRE - BEAC","DE",""
